slide_id,patient_id,file_name,path,file_size,read_ok,features_shape,coords_shape,coords_key,n_patches,feature_dim,has_coords,error
TCGA-3M-AB46-01Z-00-DX1.70F638A0-BDCB-4BDE-BBFE-6D78A1A08C5B,TCGA-3M-AB46,TCGA-3M-AB46-01Z-00-DX1.70F638A0-BDCB-4BDE-BBFE-6D78A1A08C5B.h5,tcga_stad_uni2h/TCGA-STAD/features/TCGA-3M-AB46-01Z-00-DX1.70F638A0-BDCB-4BDE-BBFE-6D78A1A08C5B.h5,115849216,True,"[1, 18589, 1536]","[1, 18589, 2]",coords,18589,1536,True,
TCGA-3M-AB47-01Z-00-DX1.D7D70922-A91F-4798-8D6E-DFD84D145A59,TCGA-3M-AB47,TCGA-3M-AB47-01Z-00-DX1.D7D70922-A91F-4798-8D6E-DFD84D145A59.h5,tcga_stad_uni2h/TCGA-STAD/features/TCGA-3M-AB47-01Z-00-DX1.D7D70922-A91F-4798-8D6E-DFD84D145A59.h5,87241720,True,"[1, 13997, 1536]","[1, 13997, 2]",coords,13997,1536,True,
TCGA-B7-5816-01Z-00-DX1.1B05F96A-D5E2-4366-A098-A861313F3461,TCGA-B7-5816,TCGA-B7-5816-01Z-00-DX1.1B05F96A-D5E2-4366-A098-A861313F3461.h5,tcga_stad_uni2h/TCGA-STAD/features/TCGA-B7-5816-01Z-00-DX1.1B05F96A-D5E2-4366-A098-A861313F3461.h5,38059248,True,"[1, 6104, 1536]","[1, 6104, 2]",coords,6104,1536,True,
TCGA-BR-6452-01Z-00-DX1.aec8246e-9dce-436d-9faa-df8fa1f6e47c,TCGA-BR-6452,TCGA-BR-6452-01Z-00-DX1.aec8246e-9dce-436d-9faa-df8fa1f6e47c.h5,tcga_stad_uni2h/TCGA-STAD/features/TCGA-BR-6452-01Z-00-DX1.aec8246e-9dce-436d-9faa-df8fa1f6e47c.h5,55862328,True,"[1, 8961, 1536]","[1, 8961, 2]",coords,8961,1536,True,
TCGA-BR-6453-01Z-00-DX1.2e52d64c-e34f-47a9-9e5e-8954b5ef18ca,TCGA-BR-6453,TCGA-BR-6453-01Z-00-DX1.2e52d64c-e34f-47a9-9e5e-8954b5ef18ca.h5,tcga_stad_uni2h/TCGA-STAD/features/TCGA-BR-6453-01Z-00-DX1.2e52d64c-e34f-47a9-9e5e-8954b5ef18ca.h5,23768352,True,"[1, 3810, 1536]","[1, 3810, 2]",coords,3810,1536,True,
TCGA-BR-6454-01Z-00-DX1.63fb6280-2b43-49b2-960a-eb9c0e8b617c,TCGA-BR-6454,TCGA-BR-6454-01Z-00-DX1.63fb6280-2b43-49b2-960a-eb9c0e8b617c.h5,tcga_stad_uni2h/TCGA-STAD/features/TCGA-BR-6454-01Z-00-DX1.63fb6280-2b43-49b2-960a-eb9c0e8b617c.h5,51904096,True,"[1, 8326, 1536]","[1, 8326, 2]",coords,8326,1536,True,
TCGA-BR-6455-01Z-00-DX1.402682fe-98b4-4381-85da-98510db17af9,TCGA-BR-6455,TCGA-BR-6455-01Z-00-DX1.402682fe-98b4-4381-85da-98510db17af9.h5,tcga_stad_uni2h/TCGA-STAD/features/TCGA-BR-6455-01Z-00-DX1.402682fe-98b4-4381-85da-98510db17af9.h5,38308584,True,"[1, 6144, 1536]","[1, 6144, 2]",coords,6144,1536,True,
TCGA-BR-6456-01Z-00-DX1.2cb7b656-95e1-4f34-99e6-77a051fb79e5,TCGA-BR-6456,TCGA-BR-6456-01Z-00-DX1.2cb7b656-95e1-4f34-99e6-77a051fb79e5.h5,tcga_stad_uni2h/TCGA-STAD/features/TCGA-BR-6456-01Z-00-DX1.2cb7b656-95e1-4f34-99e6-77a051fb79e5.h5,49233472,True,"[1, 7897, 1536]","[1, 7897, 2]",coords,7897,1536,True,
TCGA-BR-6457-01Z-00-DX1.387f0968-fcec-4864-86f8-9c87f658c371,TCGA-BR-6457,TCGA-BR-6457-01Z-00-DX1.387f0968-fcec-4864-86f8-9c87f658c371.h5,tcga_stad_uni2h/TCGA-STAD/features/TCGA-BR-6457-01Z-00-DX1.387f0968-fcec-4864-86f8-9c87f658c371.h5,35382552,True,"[1, 5674, 1536]","[1, 5674, 2]",coords,5674,1536,True,
TCGA-BR-6458-01Z-00-DX1.e889b058-99ab-4337-84a5-60a884caad55,TCGA-BR-6458,TCGA-BR-6458-01Z-00-DX1.e889b058-99ab-4337-84a5-60a884caad55.h5,tcga_stad_uni2h/TCGA-STAD/features/TCGA-BR-6458-01Z-00-DX1.e889b058-99ab-4337-84a5-60a884caad55.h5,35668896,True,"[1, 5720, 1536]","[1, 5720, 2]",coords,5720,1536,True,
TCGA-BR-6563-01Z-00-DX1.2398c0e0-47a6-4557-8e2d-3b890756900a,TCGA-BR-6563,TCGA-BR-6563-01Z-00-DX1.2398c0e0-47a6-4557-8e2d-3b890756900a.h5,tcga_stad_uni2h/TCGA-STAD/features/TCGA-BR-6563-01Z-00-DX1.2398c0e0-47a6-4557-8e2d-3b890756900a.h5,38426080,True,"[1, 6163, 1536]","[1, 6163, 2]",coords,6163,1536,True,
TCGA-BR-6564-01Z-00-DX1.ad86e83f-ebfd-4eee-8bf8-7490c5f79a17,TCGA-BR-6564,TCGA-BR-6564-01Z-00-DX1.ad86e83f-ebfd-4eee-8bf8-7490c5f79a17.h5,tcga_stad_uni2h/TCGA-STAD/features/TCGA-BR-6564-01Z-00-DX1.ad86e83f-ebfd-4eee-8bf8-7490c5f79a17.h5,50635832,True,"[1, 8122, 1536]","[1, 8122, 2]",coords,8122,1536,True,
TCGA-BR-6565-01Z-00-DX1.0e53f881-e0d7-4906-946a-67f612906476,TCGA-BR-6565,TCGA-BR-6565-01Z-00-DX1.0e53f881-e0d7-4906-946a-67f612906476.h5,tcga_stad_uni2h/TCGA-STAD/features/TCGA-BR-6565-01Z-00-DX1.0e53f881-e0d7-4906-946a-67f612906476.h5,27356016,True,"[1, 4386, 1536]","[1, 4386, 2]",coords,4386,1536,True,
TCGA-BR-6566-01Z-00-DX1.908c1c0f-12a4-4fa8-a398-ca3b033e7496,TCGA-BR-6566,TCGA-BR-6566-01Z-00-DX1.908c1c0f-12a4-4fa8-a398-ca3b033e7496.h5,tcga_stad_uni2h/TCGA-STAD/features/TCGA-BR-6566-01Z-00-DX1.908c1c0f-12a4-4fa8-a398-ca3b033e7496.h5,49705448,True,"[1, 7973, 1536]","[1, 7973, 2]",coords,7973,1536,True,
TCGA-BR-6705-01Z-00-DX1.1e145e40-56d6-4ebd-9a9b-bc5a0cbe3247,TCGA-BR-6705,TCGA-BR-6705-01Z-00-DX1.1e145e40-56d6-4ebd-9a9b-bc5a0cbe3247.h5,tcga_stad_uni2h/TCGA-STAD/features/TCGA-BR-6705-01Z-00-DX1.1e145e40-56d6-4ebd-9a9b-bc5a0cbe3247.h5,53936608,True,"[1, 8652, 1536]","[1, 8652, 2]",coords,8652,1536,True,
TCGA-BR-6706-01Z-00-DX1.8627a957-8d44-47ec-9156-53ccc37b9add,TCGA-BR-6706,TCGA-BR-6706-01Z-00-DX1.8627a957-8d44-47ec-9156-53ccc37b9add.h5,tcga_stad_uni2h/TCGA-STAD/features/TCGA-BR-6706-01Z-00-DX1.8627a957-8d44-47ec-9156-53ccc37b9add.h5,26690264,True,"[1, 4279, 1536]","[1, 4279, 2]",coords,4279,1536,True,
TCGA-BR-6707-01Z-00-DX1.fade928c-b514-43d8-90dd-37b505df9992,TCGA-BR-6707,TCGA-BR-6707-01Z-00-DX1.fade928c-b514-43d8-90dd-37b505df9992.h5,tcga_stad_uni2h/TCGA-STAD/features/TCGA-BR-6707-01Z-00-DX1.fade928c-b514-43d8-90dd-37b505df9992.h5,46105400,True,"[1, 7395, 1536]","[1, 7395, 2]",coords,7395,1536,True,
TCGA-BR-6709-01Z-00-DX1.92df4063-8b47-4655-a010-edc385b35840,TCGA-BR-6709,TCGA-BR-6709-01Z-00-DX1.92df4063-8b47-4655-a010-edc385b35840.h5,tcga_stad_uni2h/TCGA-STAD/features/TCGA-BR-6709-01Z-00-DX1.92df4063-8b47-4655-a010-edc385b35840.h5,50672840,True,"[1, 8128, 1536]","[1, 8128, 2]",coords,8128,1536,True,
TCGA-BR-6710-01Z-00-DX1.9368e11d-9000-4e84-8772-a0ee54932049,TCGA-BR-6710,TCGA-BR-6710-01Z-00-DX1.9368e11d-9000-4e84-8772-a0ee54932049.h5,tcga_stad_uni2h/TCGA-STAD/features/TCGA-BR-6710-01Z-00-DX1.9368e11d-9000-4e84-8772-a0ee54932049.h5,54939552,True,"[1, 8813, 1536]","[1, 8813, 2]",coords,8813,1536,True,
TCGA-BR-6801-01Z-00-DX1.7d2aaa44-16f0-4526-87f2-6e95cdb5df3b,TCGA-BR-6801,TCGA-BR-6801-01Z-00-DX1.7d2aaa44-16f0-4526-87f2-6e95cdb5df3b.h5,tcga_stad_uni2h/TCGA-STAD/features/TCGA-BR-6801-01Z-00-DX1.7d2aaa44-16f0-4526-87f2-6e95cdb5df3b.h5,28212432,True,"[1, 4523, 1536]","[1, 4523, 2]",coords,4523,1536,True,
TCGA-BR-6802-01Z-00-DX1.e171554c-05b5-4622-beb7-0abee31f5109,TCGA-BR-6802,TCGA-BR-6802-01Z-00-DX1.e171554c-05b5-4622-beb7-0abee31f5109.h5,tcga_stad_uni2h/TCGA-STAD/features/TCGA-BR-6802-01Z-00-DX1.e171554c-05b5-4622-beb7-0abee31f5109.h5,47676912,True,"[1, 7647, 1536]","[1, 7647, 2]",coords,7647,1536,True,
TCGA-BR-6803-01Z-00-DX1.0704a32a-4a03-4c67-96ad-4888ea899c70,TCGA-BR-6803,TCGA-BR-6803-01Z-00-DX1.0704a32a-4a03-4c67-96ad-4888ea899c70.h5,tcga_stad_uni2h/TCGA-STAD/features/TCGA-BR-6803-01Z-00-DX1.0704a32a-4a03-4c67-96ad-4888ea899c70.h5,26013288,True,"[1, 4170, 1536]","[1, 4170, 2]",coords,4170,1536,True,
TCGA-BR-6852-01Z-00-DX1.9cdca0ad-9351-42c2-8082-3742de914369,TCGA-BR-6852,TCGA-BR-6852-01Z-00-DX1.9cdca0ad-9351-42c2-8082-3742de914369.h5,tcga_stad_uni2h/TCGA-STAD/features/TCGA-BR-6852-01Z-00-DX1.9cdca0ad-9351-42c2-8082-3742de914369.h5,62585720,True,"[1, 10040, 1536]","[1, 10040, 2]",coords,10040,1536,True,
TCGA-BR-7196-01Z-00-DX1.651ae8f6-2d2e-4520-9419-29b957e85d03,TCGA-BR-7196,TCGA-BR-7196-01Z-00-DX1.651ae8f6-2d2e-4520-9419-29b957e85d03.h5,tcga_stad_uni2h/TCGA-STAD/features/TCGA-BR-7196-01Z-00-DX1.651ae8f6-2d2e-4520-9419-29b957e85d03.h5,54927216,True,"[1, 8811, 1536]","[1, 8811, 2]",coords,8811,1536,True,
TCGA-BR-7197-01Z-00-DX1.a8ee53be-925d-4922-b670-74b09f405dd3,TCGA-BR-7197,TCGA-BR-7197-01Z-00-DX1.a8ee53be-925d-4922-b670-74b09f405dd3.h5,tcga_stad_uni2h/TCGA-STAD/features/TCGA-BR-7197-01Z-00-DX1.a8ee53be-925d-4922-b670-74b09f405dd3.h5,29664136,True,"[1, 4756, 1536]","[1, 4756, 2]",coords,4756,1536,True,
TCGA-BR-7703-01Z-00-DX1.405deaeb-de87-480f-b676-3657d92d1f68,TCGA-BR-7703,TCGA-BR-7703-01Z-00-DX1.405deaeb-de87-480f-b676-3657d92d1f68.h5,tcga_stad_uni2h/TCGA-STAD/features/TCGA-BR-7703-01Z-00-DX1.405deaeb-de87-480f-b676-3657d92d1f68.h5,6570864,True,"[1, 1050, 1536]","[1, 1050, 2]",coords,1050,1536,True,
TCGA-BR-7704-01Z-00-DX1.51495bff-d6fd-448c-b428-aea6fd593086,TCGA-BR-7704,TCGA-BR-7704-01Z-00-DX1.51495bff-d6fd-448c-b428-aea6fd593086.h5,tcga_stad_uni2h/TCGA-STAD/features/TCGA-BR-7704-01Z-00-DX1.51495bff-d6fd-448c-b428-aea6fd593086.h5,37935888,True,"[1, 6084, 1536]","[1, 6084, 2]",coords,6084,1536,True,
TCGA-BR-7707-01Z-00-DX1.0aae4d1b-3345-4277-8820-c54e3df2e64f,TCGA-BR-7707,TCGA-BR-7707-01Z-00-DX1.0aae4d1b-3345-4277-8820-c54e3df2e64f.h5,tcga_stad_uni2h/TCGA-STAD/features/TCGA-BR-7707-01Z-00-DX1.0aae4d1b-3345-4277-8820-c54e3df2e64f.h5,44499496,True,"[1, 7137, 1536]","[1, 7137, 2]",coords,7137,1536,True,
TCGA-BR-7715-01Z-00-DX1.30aff8b3-bb1b-4aff-9f6b-2dde40122359,TCGA-BR-7715,TCGA-BR-7715-01Z-00-DX1.30aff8b3-bb1b-4aff-9f6b-2dde40122359.h5,tcga_stad_uni2h/TCGA-STAD/features/TCGA-BR-7715-01Z-00-DX1.30aff8b3-bb1b-4aff-9f6b-2dde40122359.h5,35841600,True,"[1, 5748, 1536]","[1, 5748, 2]",coords,5748,1536,True,
TCGA-BR-7716-01Z-00-DX1.777e570a-5771-4288-b110-26e44358745b,TCGA-BR-7716,TCGA-BR-7716-01Z-00-DX1.777e570a-5771-4288-b110-26e44358745b.h5,tcga_stad_uni2h/TCGA-STAD/features/TCGA-BR-7716-01Z-00-DX1.777e570a-5771-4288-b110-26e44358745b.h5,51531304,True,"[1, 8266, 1536]","[1, 8266, 2]",coords,8266,1536,True,
TCGA-BR-7717-01Z-00-DX1.caf061b5-c58d-4f32-a49c-383003fb4f57,TCGA-BR-7717,TCGA-BR-7717-01Z-00-DX1.caf061b5-c58d-4f32-a49c-383003fb4f57.h5,tcga_stad_uni2h/TCGA-STAD/features/TCGA-BR-7717-01Z-00-DX1.caf061b5-c58d-4f32-a49c-383003fb4f57.h5,23793024,True,"[1, 3814, 1536]","[1, 3814, 2]",coords,3814,1536,True,
TCGA-BR-7722-01Z-00-DX1.06384343-d45c-4087-95c6-3b11304ec28e,TCGA-BR-7722,TCGA-BR-7722-01Z-00-DX1.06384343-d45c-4087-95c6-3b11304ec28e.h5,tcga_stad_uni2h/TCGA-STAD/features/TCGA-BR-7722-01Z-00-DX1.06384343-d45c-4087-95c6-3b11304ec28e.h5,46945360,True,"[1, 7530, 1536]","[1, 7530, 2]",coords,7530,1536,True,
TCGA-BR-7723-01Z-00-DX1.15f75a3f-93b8-423f-b5b5-bdb5ef378ed8,TCGA-BR-7723,TCGA-BR-7723-01Z-00-DX1.15f75a3f-93b8-423f-b5b5-bdb5ef378ed8.h5,tcga_stad_uni2h/TCGA-STAD/features/TCGA-BR-7723-01Z-00-DX1.15f75a3f-93b8-423f-b5b5-bdb5ef378ed8.h5,69690608,True,"[1, 11180, 1536]","[1, 11180, 2]",coords,11180,1536,True,
TCGA-BR-7851-01Z-00-DX1.1f3a3b7d-0c1e-42af-9d5b-2a90b759eca9,TCGA-BR-7851,TCGA-BR-7851-01Z-00-DX1.1f3a3b7d-0c1e-42af-9d5b-2a90b759eca9.h5,tcga_stad_uni2h/TCGA-STAD/features/TCGA-BR-7851-01Z-00-DX1.1f3a3b7d-0c1e-42af-9d5b-2a90b759eca9.h5,28788800,True,"[1, 4616, 1536]","[1, 4616, 2]",coords,4616,1536,True,
TCGA-BR-7901-01Z-00-DX1.5c4f8dec-3428-4019-a9fb-00f07f9418e6,TCGA-BR-7901,TCGA-BR-7901-01Z-00-DX1.5c4f8dec-3428-4019-a9fb-00f07f9418e6.h5,tcga_stad_uni2h/TCGA-STAD/features/TCGA-BR-7901-01Z-00-DX1.5c4f8dec-3428-4019-a9fb-00f07f9418e6.h5,51768304,True,"[1, 8304, 1536]","[1, 8304, 2]",coords,8304,1536,True,
TCGA-BR-7957-01Z-00-DX1.870e24e0-b9cf-4baa-91f1-bd031d06da8e,TCGA-BR-7957,TCGA-BR-7957-01Z-00-DX1.870e24e0-b9cf-4baa-91f1-bd031d06da8e.h5,tcga_stad_uni2h/TCGA-STAD/features/TCGA-BR-7957-01Z-00-DX1.870e24e0-b9cf-4baa-91f1-bd031d06da8e.h5,44268664,True,"[1, 7100, 1536]","[1, 7100, 2]",coords,7100,1536,True,
TCGA-BR-7958-01Z-00-DX1.41f7c42e-6266-49d7-bdb6-66771033961f,TCGA-BR-7958,TCGA-BR-7958-01Z-00-DX1.41f7c42e-6266-49d7-bdb6-66771033961f.h5,tcga_stad_uni2h/TCGA-STAD/features/TCGA-BR-7958-01Z-00-DX1.41f7c42e-6266-49d7-bdb6-66771033961f.h5,29670304,True,"[1, 4757, 1536]","[1, 4757, 2]",coords,4757,1536,True,
TCGA-BR-7959-01Z-00-DX1.fe1ffcd9-7252-4ac8-9ece-08b9cd78107c,TCGA-BR-7959,TCGA-BR-7959-01Z-00-DX1.fe1ffcd9-7252-4ac8-9ece-08b9cd78107c.h5,tcga_stad_uni2h/TCGA-STAD/features/TCGA-BR-7959-01Z-00-DX1.fe1ffcd9-7252-4ac8-9ece-08b9cd78107c.h5,50502232,True,"[1, 8101, 1536]","[1, 8101, 2]",coords,8101,1536,True,
TCGA-BR-8058-01Z-00-DX1.e2c9bf25-0e6b-4088-9148-483f45893c3d,TCGA-BR-8058,TCGA-BR-8058-01Z-00-DX1.e2c9bf25-0e6b-4088-9148-483f45893c3d.h5,tcga_stad_uni2h/TCGA-STAD/features/TCGA-BR-8058-01Z-00-DX1.e2c9bf25-0e6b-4088-9148-483f45893c3d.h5,58197152,True,"[1, 9336, 1536]","[1, 9336, 2]",coords,9336,1536,True,
TCGA-BR-8059-01Z-00-DX1.b877e3e3-cde8-4a00-b2dc-53db8bc25d53,TCGA-BR-8059,TCGA-BR-8059-01Z-00-DX1.b877e3e3-cde8-4a00-b2dc-53db8bc25d53.h5,tcga_stad_uni2h/TCGA-STAD/features/TCGA-BR-8059-01Z-00-DX1.b877e3e3-cde8-4a00-b2dc-53db8bc25d53.h5,24373928,True,"[1, 3907, 1536]","[1, 3907, 2]",coords,3907,1536,True,
TCGA-BR-8060-01Z-00-DX1.6193aa89-3c4a-445a-ba2f-7eeea7f01cbe,TCGA-BR-8060,TCGA-BR-8060-01Z-00-DX1.6193aa89-3c4a-445a-ba2f-7eeea7f01cbe.h5,tcga_stad_uni2h/TCGA-STAD/features/TCGA-BR-8060-01Z-00-DX1.6193aa89-3c4a-445a-ba2f-7eeea7f01cbe.h5,15435856,True,"[1, 2473, 1536]","[1, 2473, 2]",coords,2473,1536,True,
TCGA-BR-8077-01Z-00-DX1.8c68b0bb-ef3f-41e4-bd01-8a1dbb5ee8c1,TCGA-BR-8077,TCGA-BR-8077-01Z-00-DX1.8c68b0bb-ef3f-41e4-bd01-8a1dbb5ee8c1.h5,tcga_stad_uni2h/TCGA-STAD/features/TCGA-BR-8077-01Z-00-DX1.8c68b0bb-ef3f-41e4-bd01-8a1dbb5ee8c1.h5,52404720,True,"[1, 8406, 1536]","[1, 8406, 2]",coords,8406,1536,True,
TCGA-BR-8078-01Z-00-DX1.8e4a1099-d1c4-46b2-ae3b-5276b93d7003,TCGA-BR-8078,TCGA-BR-8078-01Z-00-DX1.8e4a1099-d1c4-46b2-ae3b-5276b93d7003.h5,tcga_stad_uni2h/TCGA-STAD/features/TCGA-BR-8078-01Z-00-DX1.8e4a1099-d1c4-46b2-ae3b-5276b93d7003.h5,62795432,True,"[1, 10074, 1536]","[1, 10074, 2]",coords,10074,1536,True,
TCGA-BR-8080-01Z-00-DX1.bd4c0cc9-5baa-4cd0-990b-1f2ce0a19a35,TCGA-BR-8080,TCGA-BR-8080-01Z-00-DX1.bd4c0cc9-5baa-4cd0-990b-1f2ce0a19a35.h5,tcga_stad_uni2h/TCGA-STAD/features/TCGA-BR-8080-01Z-00-DX1.bd4c0cc9-5baa-4cd0-990b-1f2ce0a19a35.h5,61773984,True,"[1, 9910, 1536]","[1, 9910, 2]",coords,9910,1536,True,
TCGA-BR-8081-01Z-00-DX1.c6c1ef86-9aad-463e-a64a-f1a2dbe465dc,TCGA-BR-8081,TCGA-BR-8081-01Z-00-DX1.c6c1ef86-9aad-463e-a64a-f1a2dbe465dc.h5,tcga_stad_uni2h/TCGA-STAD/features/TCGA-BR-8081-01Z-00-DX1.c6c1ef86-9aad-463e-a64a-f1a2dbe465dc.h5,28585128,True,"[1, 4583, 1536]","[1, 4583, 2]",coords,4583,1536,True,
TCGA-BR-8284-01Z-00-DX1.ea9f3dca-8390-4ae4-8ede-5ed776d1ad4d,TCGA-BR-8284,TCGA-BR-8284-01Z-00-DX1.ea9f3dca-8390-4ae4-8ede-5ed776d1ad4d.h5,tcga_stad_uni2h/TCGA-STAD/features/TCGA-BR-8284-01Z-00-DX1.ea9f3dca-8390-4ae4-8ede-5ed776d1ad4d.h5,57301680,True,"[1, 9192, 1536]","[1, 9192, 2]",coords,9192,1536,True,
TCGA-BR-8285-01Z-00-DX1.8d926a43-0e57-434a-8968-de8ccf749d2e,TCGA-BR-8285,TCGA-BR-8285-01Z-00-DX1.8d926a43-0e57-434a-8968-de8ccf749d2e.h5,tcga_stad_uni2h/TCGA-STAD/features/TCGA-BR-8285-01Z-00-DX1.8d926a43-0e57-434a-8968-de8ccf749d2e.h5,78574104,True,"[1, 12606, 1536]","[1, 12606, 2]",coords,12606,1536,True,
TCGA-BR-8286-01Z-00-DX1.4e8edc91-41c1-4b40-89b5-6f09636e4a3f,TCGA-BR-8286,TCGA-BR-8286-01Z-00-DX1.4e8edc91-41c1-4b40-89b5-6f09636e4a3f.h5,tcga_stad_uni2h/TCGA-STAD/features/TCGA-BR-8286-01Z-00-DX1.4e8edc91-41c1-4b40-89b5-6f09636e4a3f.h5,60890848,True,"[1, 9768, 1536]","[1, 9768, 2]",coords,9768,1536,True,
TCGA-BR-8289-01Z-00-DX1.3fd11755-cb87-40fe-92e2-0ccc55aefa0d,TCGA-BR-8289,TCGA-BR-8289-01Z-00-DX1.3fd11755-cb87-40fe-92e2-0ccc55aefa0d.h5,tcga_stad_uni2h/TCGA-STAD/features/TCGA-BR-8289-01Z-00-DX1.3fd11755-cb87-40fe-92e2-0ccc55aefa0d.h5,34091216,True,"[1, 5467, 1536]","[1, 5467, 2]",coords,5467,1536,True,
TCGA-BR-8291-01Z-00-DX1.a7e89a69-6d6d-4c43-b299-a618bd859170,TCGA-BR-8291,TCGA-BR-8291-01Z-00-DX1.a7e89a69-6d6d-4c43-b299-a618bd859170.h5,tcga_stad_uni2h/TCGA-STAD/features/TCGA-BR-8291-01Z-00-DX1.a7e89a69-6d6d-4c43-b299-a618bd859170.h5,48323048,True,"[1, 7751, 1536]","[1, 7751, 2]",coords,7751,1536,True,
TCGA-BR-8295-01Z-00-DX1.9c19a25e-dcf2-41b4-b726-2f09ae7c38f6,TCGA-BR-8295,TCGA-BR-8295-01Z-00-DX1.9c19a25e-dcf2-41b4-b726-2f09ae7c38f6.h5,tcga_stad_uni2h/TCGA-STAD/features/TCGA-BR-8295-01Z-00-DX1.9c19a25e-dcf2-41b4-b726-2f09ae7c38f6.h5,14737760,True,"[1, 2361, 1536]","[1, 2361, 2]",coords,2361,1536,True,
TCGA-BR-8296-01Z-00-DX1.0f4638b7-a38e-41f8-96e0-3e3a72cd2c10,TCGA-BR-8296,TCGA-BR-8296-01Z-00-DX1.0f4638b7-a38e-41f8-96e0-3e3a72cd2c10.h5,tcga_stad_uni2h/TCGA-STAD/features/TCGA-BR-8296-01Z-00-DX1.0f4638b7-a38e-41f8-96e0-3e3a72cd2c10.h5,62235648,True,"[1, 9984, 1536]","[1, 9984, 2]",coords,9984,1536,True,
TCGA-BR-8297-01Z-00-DX1.881fd27f-e2c1-42fe-9b1a-afae4fcc4909,TCGA-BR-8297,TCGA-BR-8297-01Z-00-DX1.881fd27f-e2c1-42fe-9b1a-afae4fcc4909.h5,tcga_stad_uni2h/TCGA-STAD/features/TCGA-BR-8297-01Z-00-DX1.881fd27f-e2c1-42fe-9b1a-afae4fcc4909.h5,44311840,True,"[1, 7107, 1536]","[1, 7107, 2]",coords,7107,1536,True,
TCGA-BR-8360-01Z-00-DX1.5250b193-e906-4279-b8cf-aac8f37183be,TCGA-BR-8360,TCGA-BR-8360-01Z-00-DX1.5250b193-e906-4279-b8cf-aac8f37183be.h5,tcga_stad_uni2h/TCGA-STAD/features/TCGA-BR-8360-01Z-00-DX1.5250b193-e906-4279-b8cf-aac8f37183be.h5,37065088,True,"[1, 5944, 1536]","[1, 5944, 2]",coords,5944,1536,True,
TCGA-BR-8361-01Z-00-DX1.1b4bb384-c462-453a-97b4-663dbba4a464,TCGA-BR-8361,TCGA-BR-8361-01Z-00-DX1.1b4bb384-c462-453a-97b4-663dbba4a464.h5,tcga_stad_uni2h/TCGA-STAD/features/TCGA-BR-8361-01Z-00-DX1.1b4bb384-c462-453a-97b4-663dbba4a464.h5,55948904,True,"[1, 8975, 1536]","[1, 8975, 2]",coords,8975,1536,True,
TCGA-BR-8362-01Z-00-DX1.178c994d-2cf5-4385-a807-fc08e0cf10f6,TCGA-BR-8362,TCGA-BR-8362-01Z-00-DX1.178c994d-2cf5-4385-a807-fc08e0cf10f6.h5,tcga_stad_uni2h/TCGA-STAD/features/TCGA-BR-8362-01Z-00-DX1.178c994d-2cf5-4385-a807-fc08e0cf10f6.h5,50304344,True,"[1, 8069, 1536]","[1, 8069, 2]",coords,8069,1536,True,
TCGA-BR-8363-01Z-00-DX1.eeecad72-b281-4e28-be60-4542b4a275aa,TCGA-BR-8363,TCGA-BR-8363-01Z-00-DX1.eeecad72-b281-4e28-be60-4542b4a275aa.h5,tcga_stad_uni2h/TCGA-STAD/features/TCGA-BR-8363-01Z-00-DX1.eeecad72-b281-4e28-be60-4542b4a275aa.h5,25170712,True,"[1, 4035, 1536]","[1, 4035, 2]",coords,4035,1536,True,
TCGA-BR-8364-01Z-00-DX1.245676db-6d78-4ae4-ae36-b4a70781a2f8,TCGA-BR-8364,TCGA-BR-8364-01Z-00-DX1.245676db-6d78-4ae4-ae36-b4a70781a2f8.h5,tcga_stad_uni2h/TCGA-STAD/features/TCGA-BR-8364-01Z-00-DX1.245676db-6d78-4ae4-ae36-b4a70781a2f8.h5,54764232,True,"[1, 8785, 1536]","[1, 8785, 2]",coords,8785,1536,True,
TCGA-BR-8365-01Z-00-DX1.0cf05858-a4a5-468e-aa62-d3e3e91eab4a,TCGA-BR-8365,TCGA-BR-8365-01Z-00-DX1.0cf05858-a4a5-468e-aa62-d3e3e91eab4a.h5,tcga_stad_uni2h/TCGA-STAD/features/TCGA-BR-8365-01Z-00-DX1.0cf05858-a4a5-468e-aa62-d3e3e91eab4a.h5,37715872,True,"[1, 6049, 1536]","[1, 6049, 2]",coords,6049,1536,True,
TCGA-BR-8366-01Z-00-DX1.3cda0b57-d0a4-4877-a31c-c9f5f9007cc7,TCGA-BR-8366,TCGA-BR-8366-01Z-00-DX1.3cda0b57-d0a4-4877-a31c-c9f5f9007cc7.h5,tcga_stad_uni2h/TCGA-STAD/features/TCGA-BR-8366-01Z-00-DX1.3cda0b57-d0a4-4877-a31c-c9f5f9007cc7.h5,44262496,True,"[1, 7099, 1536]","[1, 7099, 2]",coords,7099,1536,True,
TCGA-BR-8367-01Z-00-DX1.25d1e251-923d-46f5-9a6b-2f6207def599,TCGA-BR-8367,TCGA-BR-8367-01Z-00-DX1.25d1e251-923d-46f5-9a6b-2f6207def599.h5,tcga_stad_uni2h/TCGA-STAD/features/TCGA-BR-8367-01Z-00-DX1.25d1e251-923d-46f5-9a6b-2f6207def599.h5,35934168,True,"[1, 5763, 1536]","[1, 5763, 2]",coords,5763,1536,True,
TCGA-BR-8368-01Z-00-DX1.b1d32cec-36d6-4ee9-9455-bf0c797a271a,TCGA-BR-8368,TCGA-BR-8368-01Z-00-DX1.b1d32cec-36d6-4ee9-9455-bf0c797a271a.h5,tcga_stad_uni2h/TCGA-STAD/features/TCGA-BR-8368-01Z-00-DX1.b1d32cec-36d6-4ee9-9455-bf0c797a271a.h5,42005224,True,"[1, 6737, 1536]","[1, 6737, 2]",coords,6737,1536,True,
TCGA-BR-8369-01Z-00-DX1.13c80644-af27-4971-9e41-4d18c1c78378,TCGA-BR-8369,TCGA-BR-8369-01Z-00-DX1.13c80644-af27-4971-9e41-4d18c1c78378.h5,tcga_stad_uni2h/TCGA-STAD/features/TCGA-BR-8369-01Z-00-DX1.13c80644-af27-4971-9e41-4d18c1c78378.h5,46772656,True,"[1, 7502, 1536]","[1, 7502, 2]",coords,7502,1536,True,
TCGA-BR-8370-01Z-00-DX1.9243927e-08a3-4d97-a8b8-bea795418039,TCGA-BR-8370,TCGA-BR-8370-01Z-00-DX1.9243927e-08a3-4d97-a8b8-bea795418039.h5,tcga_stad_uni2h/TCGA-STAD/features/TCGA-BR-8370-01Z-00-DX1.9243927e-08a3-4d97-a8b8-bea795418039.h5,31420688,True,"[1, 5038, 1536]","[1, 5038, 2]",coords,5038,1536,True,
TCGA-BR-8371-01Z-00-DX1.89838852-2ec7-491f-bc29-2cecbda401df,TCGA-BR-8371,TCGA-BR-8371-01Z-00-DX1.89838852-2ec7-491f-bc29-2cecbda401df.h5,tcga_stad_uni2h/TCGA-STAD/features/TCGA-BR-8371-01Z-00-DX1.89838852-2ec7-491f-bc29-2cecbda401df.h5,70180496,True,"[1, 11259, 1536]","[1, 11259, 2]",coords,11259,1536,True,
TCGA-BR-8372-01Z-00-DX1.d0f9d5fd-3d6e-4d86-ad63-fb3611d6af05,TCGA-BR-8372,TCGA-BR-8372-01Z-00-DX1.d0f9d5fd-3d6e-4d86-ad63-fb3611d6af05.h5,tcga_stad_uni2h/TCGA-STAD/features/TCGA-BR-8372-01Z-00-DX1.d0f9d5fd-3d6e-4d86-ad63-fb3611d6af05.h5,40236336,True,"[1, 6453, 1536]","[1, 6453, 2]",coords,6453,1536,True,
TCGA-BR-8373-01Z-00-DX1.d508dfad-2195-4aa4-bccc-58a450d07182,TCGA-BR-8373,TCGA-BR-8373-01Z-00-DX1.d508dfad-2195-4aa4-bccc-58a450d07182.h5,tcga_stad_uni2h/TCGA-STAD/features/TCGA-BR-8373-01Z-00-DX1.d508dfad-2195-4aa4-bccc-58a450d07182.h5,58926088,True,"[1, 9453, 1536]","[1, 9453, 2]",coords,9453,1536,True,
TCGA-BR-8380-01Z-00-DX1.4692f9c9-a7f2-4274-be65-6990f02c1275,TCGA-BR-8380,TCGA-BR-8380-01Z-00-DX1.4692f9c9-a7f2-4274-be65-6990f02c1275.h5,tcga_stad_uni2h/TCGA-STAD/features/TCGA-BR-8380-01Z-00-DX1.4692f9c9-a7f2-4274-be65-6990f02c1275.h5,52367712,True,"[1, 8400, 1536]","[1, 8400, 2]",coords,8400,1536,True,
TCGA-BR-8381-01Z-00-DX1.1a017141-7af0-4aba-8e07-18b9bd9ce6a3,TCGA-BR-8381,TCGA-BR-8381-01Z-00-DX1.1a017141-7af0-4aba-8e07-18b9bd9ce6a3.h5,tcga_stad_uni2h/TCGA-STAD/features/TCGA-BR-8381-01Z-00-DX1.1a017141-7af0-4aba-8e07-18b9bd9ce6a3.h5,46791160,True,"[1, 7505, 1536]","[1, 7505, 2]",coords,7505,1536,True,
TCGA-BR-8382-01Z-00-DX1.b74fc4a1-4dfc-47dc-8ee1-2fa44ad17a69,TCGA-BR-8382,TCGA-BR-8382-01Z-00-DX1.b74fc4a1-4dfc-47dc-8ee1-2fa44ad17a69.h5,tcga_stad_uni2h/TCGA-STAD/features/TCGA-BR-8382-01Z-00-DX1.b74fc4a1-4dfc-47dc-8ee1-2fa44ad17a69.h5,57163368,True,"[1, 9170, 1536]","[1, 9170, 2]",coords,9170,1536,True,
TCGA-BR-8384-01Z-00-DX1.4f2655b6-39ef-4532-b8ed-b604ee5dada5,TCGA-BR-8384,TCGA-BR-8384-01Z-00-DX1.4f2655b6-39ef-4532-b8ed-b604ee5dada5.h5,tcga_stad_uni2h/TCGA-STAD/features/TCGA-BR-8384-01Z-00-DX1.4f2655b6-39ef-4532-b8ed-b604ee5dada5.h5,39978976,True,"[1, 6412, 1536]","[1, 6412, 2]",coords,6412,1536,True,
TCGA-BR-8483-01Z-00-DX1.0ddc4003-6d59-4b2b-9448-2755120de9f2,TCGA-BR-8483,TCGA-BR-8483-01Z-00-DX1.0ddc4003-6d59-4b2b-9448-2755120de9f2.h5,tcga_stad_uni2h/TCGA-STAD/features/TCGA-BR-8483-01Z-00-DX1.0ddc4003-6d59-4b2b-9448-2755120de9f2.h5,60100232,True,"[1, 9641, 1536]","[1, 9641, 2]",coords,9641,1536,True,
TCGA-BR-8484-01Z-00-DX1.5c897888-fcd2-4214-aa1e-f6a63ff1b755,TCGA-BR-8484,TCGA-BR-8484-01Z-00-DX1.5c897888-fcd2-4214-aa1e-f6a63ff1b755.h5,tcga_stad_uni2h/TCGA-STAD/features/TCGA-BR-8484-01Z-00-DX1.5c897888-fcd2-4214-aa1e-f6a63ff1b755.h5,42789672,True,"[1, 6863, 1536]","[1, 6863, 2]",coords,6863,1536,True,
TCGA-BR-8485-01Z-00-DX1.863bea72-3bd3-4f07-bbc9-e00d17ae39f7,TCGA-BR-8485,TCGA-BR-8485-01Z-00-DX1.863bea72-3bd3-4f07-bbc9-e00d17ae39f7.h5,tcga_stad_uni2h/TCGA-STAD/features/TCGA-BR-8485-01Z-00-DX1.863bea72-3bd3-4f07-bbc9-e00d17ae39f7.h5,30117016,True,"[1, 4829, 1536]","[1, 4829, 2]",coords,4829,1536,True,
TCGA-BR-8486-01Z-00-DX1.5a31224e-5c0e-49ca-ae65-d2edc8e4a0a2,TCGA-BR-8486,TCGA-BR-8486-01Z-00-DX1.5a31224e-5c0e-49ca-ae65-d2edc8e4a0a2.h5,tcga_stad_uni2h/TCGA-STAD/features/TCGA-BR-8486-01Z-00-DX1.5a31224e-5c0e-49ca-ae65-d2edc8e4a0a2.h5,48726712,True,"[1, 7816, 1536]","[1, 7816, 2]",coords,7816,1536,True,
TCGA-BR-8487-01Z-00-DX1.81ed3672-7b6c-4db4-9cba-3f0173709320,TCGA-BR-8487,TCGA-BR-8487-01Z-00-DX1.81ed3672-7b6c-4db4-9cba-3f0173709320.h5,tcga_stad_uni2h/TCGA-STAD/features/TCGA-BR-8487-01Z-00-DX1.81ed3672-7b6c-4db4-9cba-3f0173709320.h5,47263008,True,"[1, 7581, 1536]","[1, 7581, 2]",coords,7581,1536,True,
TCGA-BR-8588-01Z-00-DX1.34ca86de-a957-4cf7-9337-de0bba1844bc,TCGA-BR-8588,TCGA-BR-8588-01Z-00-DX1.34ca86de-a957-4cf7-9337-de0bba1844bc.h5,tcga_stad_uni2h/TCGA-STAD/features/TCGA-BR-8588-01Z-00-DX1.34ca86de-a957-4cf7-9337-de0bba1844bc.h5,35625720,True,"[1, 5713, 1536]","[1, 5713, 2]",coords,5713,1536,True,
TCGA-BR-8589-01Z-00-DX1.5cd1a083-358a-4238-b3ca-1bfcdc084e80,TCGA-BR-8589,TCGA-BR-8589-01Z-00-DX1.5cd1a083-358a-4238-b3ca-1bfcdc084e80.h5,tcga_stad_uni2h/TCGA-STAD/features/TCGA-BR-8589-01Z-00-DX1.5cd1a083-358a-4238-b3ca-1bfcdc084e80.h5,47781768,True,"[1, 7664, 1536]","[1, 7664, 2]",coords,7664,1536,True,
TCGA-BR-8590-01Z-00-DX1.504afa1d-3a8f-423f-9edf-4df35720c05f,TCGA-BR-8590,TCGA-BR-8590-01Z-00-DX1.504afa1d-3a8f-423f-9edf-4df35720c05f.h5,tcga_stad_uni2h/TCGA-STAD/features/TCGA-BR-8590-01Z-00-DX1.504afa1d-3a8f-423f-9edf-4df35720c05f.h5,38197560,True,"[1, 6126, 1536]","[1, 6126, 2]",coords,6126,1536,True,
TCGA-BR-8591-01Z-00-DX1.c64ee000-b80d-46dd-b347-7aa8ce3b6113,TCGA-BR-8591,TCGA-BR-8591-01Z-00-DX1.c64ee000-b80d-46dd-b347-7aa8ce3b6113.h5,tcga_stad_uni2h/TCGA-STAD/features/TCGA-BR-8591-01Z-00-DX1.c64ee000-b80d-46dd-b347-7aa8ce3b6113.h5,40077920,True,"[1, 6428, 1536]","[1, 6428, 2]",coords,6428,1536,True,
TCGA-BR-8592-01Z-00-DX1.5656d484-7850-467a-9d51-b6005a992225,TCGA-BR-8592,TCGA-BR-8592-01Z-00-DX1.5656d484-7850-467a-9d51-b6005a992225.h5,tcga_stad_uni2h/TCGA-STAD/features/TCGA-BR-8592-01Z-00-DX1.5656d484-7850-467a-9d51-b6005a992225.h5,45714200,True,"[1, 7332, 1536]","[1, 7332, 2]",coords,7332,1536,True,
TCGA-BR-8676-01Z-00-DX1.297da9bc-fbfd-4277-84e1-297f177211db,TCGA-BR-8676,TCGA-BR-8676-01Z-00-DX1.297da9bc-fbfd-4277-84e1-297f177211db.h5,tcga_stad_uni2h/TCGA-STAD/features/TCGA-BR-8676-01Z-00-DX1.297da9bc-fbfd-4277-84e1-297f177211db.h5,53170664,True,"[1, 8529, 1536]","[1, 8529, 2]",coords,8529,1536,True,
TCGA-BR-8677-01Z-00-DX1.7b2468f0-636f-4447-ae26-05cacf24e9c4,TCGA-BR-8677,TCGA-BR-8677-01Z-00-DX1.7b2468f0-636f-4447-ae26-05cacf24e9c4.h5,tcga_stad_uni2h/TCGA-STAD/features/TCGA-BR-8677-01Z-00-DX1.7b2468f0-636f-4447-ae26-05cacf24e9c4.h5,53121320,True,"[1, 8521, 1536]","[1, 8521, 2]",coords,8521,1536,True,
TCGA-BR-8678-01Z-00-DX1.b6b8888f-c3e6-4466-a13b-8434ff5b3a30,TCGA-BR-8678,TCGA-BR-8678-01Z-00-DX1.b6b8888f-c3e6-4466-a13b-8434ff5b3a30.h5,tcga_stad_uni2h/TCGA-STAD/features/TCGA-BR-8678-01Z-00-DX1.b6b8888f-c3e6-4466-a13b-8434ff5b3a30.h5,23321640,True,"[1, 3738, 1536]","[1, 3738, 2]",coords,3738,1536,True,
TCGA-BR-8679-01Z-00-DX1.2aa8a10d-4b62-479b-bea8-6c48428a888a,TCGA-BR-8679,TCGA-BR-8679-01Z-00-DX1.2aa8a10d-4b62-479b-bea8-6c48428a888a.h5,tcga_stad_uni2h/TCGA-STAD/features/TCGA-BR-8679-01Z-00-DX1.2aa8a10d-4b62-479b-bea8-6c48428a888a.h5,15938080,True,"[1, 2554, 1536]","[1, 2554, 2]",coords,2554,1536,True,
TCGA-BR-8680-01Z-00-DX1.a314ef6e-f3f9-4148-934e-dc432e3f39e8,TCGA-BR-8680,TCGA-BR-8680-01Z-00-DX1.a314ef6e-f3f9-4148-934e-dc432e3f39e8.h5,tcga_stad_uni2h/TCGA-STAD/features/TCGA-BR-8680-01Z-00-DX1.a314ef6e-f3f9-4148-934e-dc432e3f39e8.h5,45240768,True,"[1, 7256, 1536]","[1, 7256, 2]",coords,7256,1536,True,
TCGA-BR-8682-01Z-00-DX1.269b5b35-7ccb-4343-b2a4-2add6fa129a5,TCGA-BR-8682,TCGA-BR-8682-01Z-00-DX1.269b5b35-7ccb-4343-b2a4-2add6fa129a5.h5,tcga_stad_uni2h/TCGA-STAD/features/TCGA-BR-8682-01Z-00-DX1.269b5b35-7ccb-4343-b2a4-2add6fa129a5.h5,53343368,True,"[1, 8557, 1536]","[1, 8557, 2]",coords,8557,1536,True,
TCGA-BR-8683-01Z-00-DX1.586c64f3-3f10-4729-99e2-38c6bd32e50d,TCGA-BR-8683,TCGA-BR-8683-01Z-00-DX1.586c64f3-3f10-4729-99e2-38c6bd32e50d.h5,tcga_stad_uni2h/TCGA-STAD/features/TCGA-BR-8683-01Z-00-DX1.586c64f3-3f10-4729-99e2-38c6bd32e50d.h5,51401776,True,"[1, 8245, 1536]","[1, 8245, 2]",coords,8245,1536,True,
TCGA-BR-8686-01Z-00-DX1.8f559dd9-228e-4ed2-a7e4-16e04b80f05c,TCGA-BR-8686,TCGA-BR-8686-01Z-00-DX1.8f559dd9-228e-4ed2-a7e4-16e04b80f05c.h5,tcga_stad_uni2h/TCGA-STAD/features/TCGA-BR-8686-01Z-00-DX1.8f559dd9-228e-4ed2-a7e4-16e04b80f05c.h5,32835384,True,"[1, 5265, 1536]","[1, 5265, 2]",coords,5265,1536,True,
TCGA-BR-8687-01Z-00-DX1.95a2ccce-d477-42ca-9be1-eec03bc9f117,TCGA-BR-8687,TCGA-BR-8687-01Z-00-DX1.95a2ccce-d477-42ca-9be1-eec03bc9f117.h5,tcga_stad_uni2h/TCGA-STAD/features/TCGA-BR-8687-01Z-00-DX1.95a2ccce-d477-42ca-9be1-eec03bc9f117.h5,41811400,True,"[1, 6706, 1536]","[1, 6706, 2]",coords,6706,1536,True,
TCGA-BR-8690-01Z-00-DX1.e94544ed-62a3-41f3-95d5-f0ba9dfaa77f,TCGA-BR-8690,TCGA-BR-8690-01Z-00-DX1.e94544ed-62a3-41f3-95d5-f0ba9dfaa77f.h5,tcga_stad_uni2h/TCGA-STAD/features/TCGA-BR-8690-01Z-00-DX1.e94544ed-62a3-41f3-95d5-f0ba9dfaa77f.h5,56224720,True,"[1, 9019, 1536]","[1, 9019, 2]",coords,9019,1536,True,
TCGA-BR-A44T-01Z-00-DX1.46AA24E7-F2C9-418B-90AA-D6DA2896F5DE,TCGA-BR-A44T,TCGA-BR-A44T-01Z-00-DX1.46AA24E7-F2C9-418B-90AA-D6DA2896F5DE.h5,tcga_stad_uni2h/TCGA-STAD/features/TCGA-BR-A44T-01Z-00-DX1.46AA24E7-F2C9-418B-90AA-D6DA2896F5DE.h5,34989304,True,"[1, 5611, 1536]","[1, 5611, 2]",coords,5611,1536,True,
TCGA-BR-A44U-01Z-00-DX1.8C665560-8CAC-4ABF-B2B2-17A76B3A9F14,TCGA-BR-A44U,TCGA-BR-A44U-01Z-00-DX1.8C665560-8CAC-4ABF-B2B2-17A76B3A9F14.h5,tcga_stad_uni2h/TCGA-STAD/features/TCGA-BR-A44U-01Z-00-DX1.8C665560-8CAC-4ABF-B2B2-17A76B3A9F14.h5,33220416,True,"[1, 5327, 1536]","[1, 5327, 2]",coords,5327,1536,True,
TCGA-BR-A452-01Z-00-DX1.049385EF-FF29-4124-800D-A3FF525A85A0,TCGA-BR-A452,TCGA-BR-A452-01Z-00-DX1.049385EF-FF29-4124-800D-A3FF525A85A0.h5,tcga_stad_uni2h/TCGA-STAD/features/TCGA-BR-A452-01Z-00-DX1.049385EF-FF29-4124-800D-A3FF525A85A0.h5,46286888,True,"[1, 7424, 1536]","[1, 7424, 2]",coords,7424,1536,True,
TCGA-BR-A453-01Z-00-DX1.23506C02-B7C6-426B-999F-6D9A75942281,TCGA-BR-A453,TCGA-BR-A453-01Z-00-DX1.23506C02-B7C6-426B-999F-6D9A75942281.h5,tcga_stad_uni2h/TCGA-STAD/features/TCGA-BR-A453-01Z-00-DX1.23506C02-B7C6-426B-999F-6D9A75942281.h5,51644944,True,"[1, 8284, 1536]","[1, 8284, 2]",coords,8284,1536,True,
TCGA-BR-A4CQ-01Z-00-DX1.B63282A5-154D-441B-BF96-5BB26CB6D95E,TCGA-BR-A4CQ,TCGA-BR-A4CQ-01Z-00-DX1.B63282A5-154D-441B-BF96-5BB26CB6D95E.h5,tcga_stad_uni2h/TCGA-STAD/features/TCGA-BR-A4CQ-01Z-00-DX1.B63282A5-154D-441B-BF96-5BB26CB6D95E.h5,32835384,True,"[1, 5265, 1536]","[1, 5265, 2]",coords,5265,1536,True,
TCGA-BR-A4CR-01Z-00-DX1.9DC43CFC-D1DC-4851-A1C1-CE8E3A24B8A4,TCGA-BR-A4CR,TCGA-BR-A4CR-01Z-00-DX1.9DC43CFC-D1DC-4851-A1C1-CE8E3A24B8A4.h5,tcga_stad_uni2h/TCGA-STAD/features/TCGA-BR-A4CR-01Z-00-DX1.9DC43CFC-D1DC-4851-A1C1-CE8E3A24B8A4.h5,15215408,True,"[1, 2438, 1536]","[1, 2438, 2]",coords,2438,1536,True,
TCGA-BR-A4CS-01Z-00-DX1.84B5892C-6C7F-474D-BA09-04E870A47764,TCGA-BR-A4CS,TCGA-BR-A4CS-01Z-00-DX1.84B5892C-6C7F-474D-BA09-04E870A47764.h5,tcga_stad_uni2h/TCGA-STAD/features/TCGA-BR-A4CS-01Z-00-DX1.84B5892C-6C7F-474D-BA09-04E870A47764.h5,24839368,True,"[1, 3982, 1536]","[1, 3982, 2]",coords,3982,1536,True,
TCGA-BR-A4IU-01Z-00-DX1.4F3CD2B4-A19E-42C5-9ABD-850D80D47E4C,TCGA-BR-A4IU,TCGA-BR-A4IU-01Z-00-DX1.4F3CD2B4-A19E-42C5-9ABD-850D80D47E4C.h5,tcga_stad_uni2h/TCGA-STAD/features/TCGA-BR-A4IU-01Z-00-DX1.4F3CD2B4-A19E-42C5-9ABD-850D80D47E4C.h5,70690936,True,"[1, 11341, 1536]","[1, 11341, 2]",coords,11341,1536,True,
TCGA-BR-A4IV-01Z-00-DX1.53BA2682-9B7A-4035-B811-4A3504158298,TCGA-BR-A4IV,TCGA-BR-A4IV-01Z-00-DX1.53BA2682-9B7A-4035-B811-4A3504158298.h5,tcga_stad_uni2h/TCGA-STAD/features/TCGA-BR-A4IV-01Z-00-DX1.53BA2682-9B7A-4035-B811-4A3504158298.h5,29388080,True,"[1, 4712, 1536]","[1, 4712, 2]",coords,4712,1536,True,
TCGA-BR-A4IY-01Z-00-DX1.84134CDC-D21F-43AD-82E3-1074487457F6,TCGA-BR-A4IY,TCGA-BR-A4IY-01Z-00-DX1.84134CDC-D21F-43AD-82E3-1074487457F6.h5,tcga_stad_uni2h/TCGA-STAD/features/TCGA-BR-A4IY-01Z-00-DX1.84134CDC-D21F-43AD-82E3-1074487457F6.h5,24256736,True,"[1, 3888, 1536]","[1, 3888, 2]",coords,3888,1536,True,
TCGA-BR-A4IZ-01Z-00-DX1.8D8B49FE-E60E-4DED-AC30-FD32605E7EAF,TCGA-BR-A4IZ,TCGA-BR-A4IZ-01Z-00-DX1.8D8B49FE-E60E-4DED-AC30-FD32605E7EAF.h5,tcga_stad_uni2h/TCGA-STAD/features/TCGA-BR-A4IZ-01Z-00-DX1.8D8B49FE-E60E-4DED-AC30-FD32605E7EAF.h5,61504272,True,"[1, 9867, 1536]","[1, 9867, 2]",coords,9867,1536,True,
TCGA-BR-A4J1-01Z-00-DX1.B4F9F7D6-174B-42C9-AFFF-A088398F18EA,TCGA-BR-A4J1,TCGA-BR-A4J1-01Z-00-DX1.B4F9F7D6-174B-42C9-AFFF-A088398F18EA.h5,tcga_stad_uni2h/TCGA-STAD/features/TCGA-BR-A4J1-01Z-00-DX1.B4F9F7D6-174B-42C9-AFFF-A088398F18EA.h5,58950760,True,"[1, 9457, 1536]","[1, 9457, 2]",coords,9457,1536,True,
TCGA-BR-A4J2-01Z-00-DX1.37D92442-6B00-4171-81E3-73A7FC6BBEF4,TCGA-BR-A4J2,TCGA-BR-A4J2-01Z-00-DX1.37D92442-6B00-4171-81E3-73A7FC6BBEF4.h5,tcga_stad_uni2h/TCGA-STAD/features/TCGA-BR-A4J2-01Z-00-DX1.37D92442-6B00-4171-81E3-73A7FC6BBEF4.h5,38714168,True,"[1, 6209, 1536]","[1, 6209, 2]",coords,6209,1536,True,
TCGA-BR-A4J4-01Z-00-DX1.06376906-1008-433B-BD90-B5697B0BBEE3,TCGA-BR-A4J4,TCGA-BR-A4J4-01Z-00-DX1.06376906-1008-433B-BD90-B5697B0BBEE3.h5,tcga_stad_uni2h/TCGA-STAD/features/TCGA-BR-A4J4-01Z-00-DX1.06376906-1008-433B-BD90-B5697B0BBEE3.h5,41718880,True,"[1, 6691, 1536]","[1, 6691, 2]",coords,6691,1536,True,
TCGA-BR-A4J5-01Z-00-DX1.C7D0D294-0280-415A-A8BB-ACB3177E5A0D,TCGA-BR-A4J5,TCGA-BR-A4J5-01Z-00-DX1.C7D0D294-0280-415A-A8BB-ACB3177E5A0D.h5,tcga_stad_uni2h/TCGA-STAD/features/TCGA-BR-A4J5-01Z-00-DX1.C7D0D294-0280-415A-A8BB-ACB3177E5A0D.h5,57793616,True,"[1, 9271, 1536]","[1, 9271, 2]",coords,9271,1536,True,
TCGA-BR-A4J6-01Z-00-DX1.59317146-9CAF-4F48-B9F6-D026B3603652,TCGA-BR-A4J6,TCGA-BR-A4J6-01Z-00-DX1.59317146-9CAF-4F48-B9F6-D026B3603652.h5,tcga_stad_uni2h/TCGA-STAD/features/TCGA-BR-A4J6-01Z-00-DX1.59317146-9CAF-4F48-B9F6-D026B3603652.h5,48010320,True,"[1, 7701, 1536]","[1, 7701, 2]",coords,7701,1536,True,
TCGA-BR-A4J7-01Z-00-DX1.95C74F68-FA18-446D-934D-296D9215D500,TCGA-BR-A4J7,TCGA-BR-A4J7-01Z-00-DX1.95C74F68-FA18-446D-934D-296D9215D500.h5,tcga_stad_uni2h/TCGA-STAD/features/TCGA-BR-A4J7-01Z-00-DX1.95C74F68-FA18-446D-934D-296D9215D500.h5,63323440,True,"[1, 10158, 1536]","[1, 10158, 2]",coords,10158,1536,True,
TCGA-BR-A4J8-01Z-00-DX1.40FF4C05-E9BF-412B-93D7-5E0CDCDAC4B1,TCGA-BR-A4J8,TCGA-BR-A4J8-01Z-00-DX1.40FF4C05-E9BF-412B-93D7-5E0CDCDAC4B1.h5,tcga_stad_uni2h/TCGA-STAD/features/TCGA-BR-A4J8-01Z-00-DX1.40FF4C05-E9BF-412B-93D7-5E0CDCDAC4B1.h5,41971768,True,"[1, 6732, 1536]","[1, 6732, 2]",coords,6732,1536,True,
TCGA-BR-A4J9-01Z-00-DX1.BF65A4F7-AB59-4488-A7C1-152C89BEA917,TCGA-BR-A4J9,TCGA-BR-A4J9-01Z-00-DX1.BF65A4F7-AB59-4488-A7C1-152C89BEA917.h5,tcga_stad_uni2h/TCGA-STAD/features/TCGA-BR-A4J9-01Z-00-DX1.BF65A4F7-AB59-4488-A7C1-152C89BEA917.h5,55868512,True,"[1, 8962, 1536]","[1, 8962, 2]",coords,8962,1536,True,
TCGA-BR-A4PD-01Z-00-DX1.F89DB0AC-DED8-4941-80A8-0C7975571C3C,TCGA-BR-A4PD,TCGA-BR-A4PD-01Z-00-DX1.F89DB0AC-DED8-4941-80A8-0C7975571C3C.h5,tcga_stad_uni2h/TCGA-STAD/features/TCGA-BR-A4PD-01Z-00-DX1.F89DB0AC-DED8-4941-80A8-0C7975571C3C.h5,28341960,True,"[1, 4544, 1536]","[1, 4544, 2]",coords,4544,1536,True,
TCGA-BR-A4PE-01Z-00-DX1.9C427636-8A7E-4D4E-9773-5C5D9D0C617C,TCGA-BR-A4PE,TCGA-BR-A4PE-01Z-00-DX1.9C427636-8A7E-4D4E-9773-5C5D9D0C617C.h5,tcga_stad_uni2h/TCGA-STAD/features/TCGA-BR-A4PE-01Z-00-DX1.9C427636-8A7E-4D4E-9773-5C5D9D0C617C.h5,43807568,True,"[1, 7026, 1536]","[1, 7026, 2]",coords,7026,1536,True,
TCGA-BR-A4PF-01Z-00-DX1.43DBDE88-34C4-494B-9B47-473ED525149F,TCGA-BR-A4PF,TCGA-BR-A4PF-01Z-00-DX1.43DBDE88-34C4-494B-9B47-473ED525149F.h5,tcga_stad_uni2h/TCGA-STAD/features/TCGA-BR-A4PF-01Z-00-DX1.43DBDE88-34C4-494B-9B47-473ED525149F.h5,56041664,True,"[1, 8990, 1536]","[1, 8990, 2]",coords,8990,1536,True,
TCGA-BR-A4QI-01Z-00-DX1.68312256-CBC5-4350-B4AD-A5990948BCB8,TCGA-BR-A4QI,TCGA-BR-A4QI-01Z-00-DX1.68312256-CBC5-4350-B4AD-A5990948BCB8.h5,tcga_stad_uni2h/TCGA-STAD/features/TCGA-BR-A4QI-01Z-00-DX1.68312256-CBC5-4350-B4AD-A5990948BCB8.h5,39766456,True,"[1, 6378, 1536]","[1, 6378, 2]",coords,6378,1536,True,
TCGA-BR-A4QL-01Z-00-DX1.90F74AB9-6A84-487B-B992-BC66B71A4E1D,TCGA-BR-A4QL,TCGA-BR-A4QL-01Z-00-DX1.90F74AB9-6A84-487B-B992-BC66B71A4E1D.h5,tcga_stad_uni2h/TCGA-STAD/features/TCGA-BR-A4QL-01Z-00-DX1.90F74AB9-6A84-487B-B992-BC66B71A4E1D.h5,50512472,True,"[1, 8102, 1536]","[1, 8102, 2]",coords,8102,1536,True,
TCGA-BR-A4QM-01Z-00-DX1.B6333EBE-31EF-4673-AB51-63439E631B8B,TCGA-BR-A4QM,TCGA-BR-A4QM-01Z-00-DX1.B6333EBE-31EF-4673-AB51-63439E631B8B.h5,tcga_stad_uni2h/TCGA-STAD/features/TCGA-BR-A4QM-01Z-00-DX1.B6333EBE-31EF-4673-AB51-63439E631B8B.h5,59311808,True,"[1, 9515, 1536]","[1, 9515, 2]",coords,9515,1536,True,
TCGA-CD-5798-01Z-00-DX1.e90ed362-86fc-4938-ac48-e98eef081342,TCGA-CD-5798,TCGA-CD-5798-01Z-00-DX1.e90ed362-86fc-4938-ac48-e98eef081342.h5,tcga_stad_uni2h/TCGA-STAD/features/TCGA-CD-5798-01Z-00-DX1.e90ed362-86fc-4938-ac48-e98eef081342.h5,40359696,True,"[1, 6473, 1536]","[1, 6473, 2]",coords,6473,1536,True,
TCGA-CD-5799-01Z-00-DX1.ce4c1cea-febc-4274-af53-e7853dcf8864,TCGA-CD-5799,TCGA-CD-5799-01Z-00-DX1.ce4c1cea-febc-4274-af53-e7853dcf8864.h5,tcga_stad_uni2h/TCGA-STAD/features/TCGA-CD-5799-01Z-00-DX1.ce4c1cea-febc-4274-af53-e7853dcf8864.h5,39507400,True,"[1, 6336, 1536]","[1, 6336, 2]",coords,6336,1536,True,
TCGA-CD-5800-01Z-00-DX1.a384bb17-10bd-46af-bf64-442b3c6c0c05,TCGA-CD-5800,TCGA-CD-5800-01Z-00-DX1.a384bb17-10bd-46af-bf64-442b3c6c0c05.h5,tcga_stad_uni2h/TCGA-STAD/features/TCGA-CD-5800-01Z-00-DX1.a384bb17-10bd-46af-bf64-442b3c6c0c05.h5,33998696,True,"[1, 5452, 1536]","[1, 5452, 2]",coords,5452,1536,True,
TCGA-CD-5801-01Z-00-DX1.2afa1c89-0f17-4f75-9cf0-2cde4aca97d0,TCGA-CD-5801,TCGA-CD-5801-01Z-00-DX1.2afa1c89-0f17-4f75-9cf0-2cde4aca97d0.h5,tcga_stad_uni2h/TCGA-STAD/features/TCGA-CD-5801-01Z-00-DX1.2afa1c89-0f17-4f75-9cf0-2cde4aca97d0.h5,50567984,True,"[1, 8111, 1536]","[1, 8111, 2]",coords,8111,1536,True,
TCGA-CD-5802-01Z-00-DX1.d188b861-af3f-4493-9f12-d3712055644b,TCGA-CD-5802,TCGA-CD-5802-01Z-00-DX1.d188b861-af3f-4493-9f12-d3712055644b.h5,tcga_stad_uni2h/TCGA-STAD/features/TCGA-CD-5802-01Z-00-DX1.d188b861-af3f-4493-9f12-d3712055644b.h5,41609648,True,"[1, 6674, 1536]","[1, 6674, 2]",coords,6674,1536,True,
TCGA-CD-5803-01Z-00-DX1.8d786276-18f5-4017-ba30-79e46b2da513,TCGA-CD-5803,TCGA-CD-5803-01Z-00-DX1.8d786276-18f5-4017-ba30-79e46b2da513.h5,tcga_stad_uni2h/TCGA-STAD/features/TCGA-CD-5803-01Z-00-DX1.8d786276-18f5-4017-ba30-79e46b2da513.h5,17015664,True,"[1, 2727, 1536]","[1, 2727, 2]",coords,2727,1536,True,
TCGA-CD-5804-01Z-00-DX1.c5c22749-71dc-4812-84ba-2ef6f5a1463d,TCGA-CD-5804,TCGA-CD-5804-01Z-00-DX1.c5c22749-71dc-4812-84ba-2ef6f5a1463d.h5,tcga_stad_uni2h/TCGA-STAD/features/TCGA-CD-5804-01Z-00-DX1.c5c22749-71dc-4812-84ba-2ef6f5a1463d.h5,57633248,True,"[1, 9245, 1536]","[1, 9245, 2]",coords,9245,1536,True,
TCGA-CD-5813-01Z-00-DX1.a9b5e164-af59-4834-99d2-a3fb0d430def,TCGA-CD-5813,TCGA-CD-5813-01Z-00-DX1.a9b5e164-af59-4834-99d2-a3fb0d430def.h5,tcga_stad_uni2h/TCGA-STAD/features/TCGA-CD-5813-01Z-00-DX1.a9b5e164-af59-4834-99d2-a3fb0d430def.h5,35524416,True,"[1, 5697, 1536]","[1, 5697, 2]",coords,5697,1536,True,
TCGA-CD-8524-01Z-00-DX1.DECAC3E1-31F4-4D7E-9ABD-8E0CF27DB4B9,TCGA-CD-8524,TCGA-CD-8524-01Z-00-DX1.DECAC3E1-31F4-4D7E-9ABD-8E0CF27DB4B9.h5,tcga_stad_uni2h/TCGA-STAD/features/TCGA-CD-8524-01Z-00-DX1.DECAC3E1-31F4-4D7E-9ABD-8E0CF27DB4B9.h5,30209536,True,"[1, 4844, 1536]","[1, 4844, 2]",coords,4844,1536,True,
TCGA-CD-8525-01Z-00-DX1.37FFDBE4-8C18-4645-BFA3-139766A09601,TCGA-CD-8525,TCGA-CD-8525-01Z-00-DX1.37FFDBE4-8C18-4645-BFA3-139766A09601.h5,tcga_stad_uni2h/TCGA-STAD/features/TCGA-CD-8525-01Z-00-DX1.37FFDBE4-8C18-4645-BFA3-139766A09601.h5,5378216,True,"[1, 859, 1536]","[1, 859, 2]",coords,859,1536,True,
TCGA-CD-8526-01Z-00-DX1.499C498B-2D4E-4285-AD07-162788E87579,TCGA-CD-8526,TCGA-CD-8526-01Z-00-DX1.499C498B-2D4E-4285-AD07-162788E87579.h5,tcga_stad_uni2h/TCGA-STAD/features/TCGA-CD-8526-01Z-00-DX1.499C498B-2D4E-4285-AD07-162788E87579.h5,28060040,True,"[1, 4499, 1536]","[1, 4499, 2]",coords,4499,1536,True,
TCGA-CD-8527-01Z-00-DX1.B03F39C4-F5F3-419A-BC2C-437EC56EFEC2,TCGA-CD-8527,TCGA-CD-8527-01Z-00-DX1.B03F39C4-F5F3-419A-BC2C-437EC56EFEC2.h5,tcga_stad_uni2h/TCGA-STAD/features/TCGA-CD-8527-01Z-00-DX1.B03F39C4-F5F3-419A-BC2C-437EC56EFEC2.h5,33710784,True,"[1, 5406, 1536]","[1, 5406, 2]",coords,5406,1536,True,
TCGA-CD-8528-01Z-00-DX1.DE29BA05-ABCB-44B4-8CD9-D10EB3D71FBB,TCGA-CD-8528,TCGA-CD-8528-01Z-00-DX1.DE29BA05-ABCB-44B4-8CD9-D10EB3D71FBB.h5,tcga_stad_uni2h/TCGA-STAD/features/TCGA-CD-8528-01Z-00-DX1.DE29BA05-ABCB-44B4-8CD9-D10EB3D71FBB.h5,31311632,True,"[1, 5021, 1536]","[1, 5021, 2]",coords,5021,1536,True,
TCGA-CD-8529-01Z-00-DX1.C3BA5482-04EB-4E1A-BFFA-5461489B5792,TCGA-CD-8529,TCGA-CD-8529-01Z-00-DX1.C3BA5482-04EB-4E1A-BFFA-5461489B5792.h5,tcga_stad_uni2h/TCGA-STAD/features/TCGA-CD-8529-01Z-00-DX1.C3BA5482-04EB-4E1A-BFFA-5461489B5792.h5,35230144,True,"[1, 5650, 1536]","[1, 5650, 2]",coords,5650,1536,True,
TCGA-CD-8530-01Z-00-DX1.87CBC202-AE6C-408D-A428-DA9023670C36,TCGA-CD-8530,TCGA-CD-8530-01Z-00-DX1.87CBC202-AE6C-408D-A428-DA9023670C36.h5,tcga_stad_uni2h/TCGA-STAD/features/TCGA-CD-8530-01Z-00-DX1.87CBC202-AE6C-408D-A428-DA9023670C36.h5,40108840,True,"[1, 6433, 1536]","[1, 6433, 2]",coords,6433,1536,True,
TCGA-CD-8531-01Z-00-DX1.9F247853-F16C-4B5A-AB37-E781331EAB1B,TCGA-CD-8531,TCGA-CD-8531-01Z-00-DX1.9F247853-F16C-4B5A-AB37-E781331EAB1B.h5,tcga_stad_uni2h/TCGA-STAD/features/TCGA-CD-8531-01Z-00-DX1.9F247853-F16C-4B5A-AB37-E781331EAB1B.h5,26723720,True,"[1, 4284, 1536]","[1, 4284, 2]",coords,4284,1536,True,
TCGA-CD-8532-01Z-00-DX1.13868263-2259-4D74-8263-A79338BDE5A7,TCGA-CD-8532,TCGA-CD-8532-01Z-00-DX1.13868263-2259-4D74-8263-A79338BDE5A7.h5,tcga_stad_uni2h/TCGA-STAD/features/TCGA-CD-8532-01Z-00-DX1.13868263-2259-4D74-8263-A79338BDE5A7.h5,43601408,True,"[1, 6993, 1536]","[1, 6993, 2]",coords,6993,1536,True,
TCGA-CD-8533-01Z-00-DX1.0C5B7F8C-3AA6-4085-98E3-EC24BE650937,TCGA-CD-8533,TCGA-CD-8533-01Z-00-DX1.0C5B7F8C-3AA6-4085-98E3-EC24BE650937.h5,tcga_stad_uni2h/TCGA-STAD/features/TCGA-CD-8533-01Z-00-DX1.0C5B7F8C-3AA6-4085-98E3-EC24BE650937.h5,18423712,True,"[1, 2953, 1536]","[1, 2953, 2]",coords,2953,1536,True,
TCGA-CD-8534-01Z-00-DX1.54F0CB0F-5A93-4382-A507-2DEFDBBE05F5,TCGA-CD-8534,TCGA-CD-8534-01Z-00-DX1.54F0CB0F-5A93-4382-A507-2DEFDBBE05F5.h5,tcga_stad_uni2h/TCGA-STAD/features/TCGA-CD-8534-01Z-00-DX1.54F0CB0F-5A93-4382-A507-2DEFDBBE05F5.h5,21796856,True,"[1, 3494, 1536]","[1, 3494, 2]",coords,3494,1536,True,
TCGA-CD-8535-01Z-00-DX1.ADD3D8B1-FECB-46C1-940B-7D261723D850,TCGA-CD-8535,TCGA-CD-8535-01Z-00-DX1.ADD3D8B1-FECB-46C1-940B-7D261723D850.h5,tcga_stad_uni2h/TCGA-STAD/features/TCGA-CD-8535-01Z-00-DX1.ADD3D8B1-FECB-46C1-940B-7D261723D850.h5,28237104,True,"[1, 4527, 1536]","[1, 4527, 2]",coords,4527,1536,True,
TCGA-CD-8536-01Z-00-DX1.365BF36B-69D3-491A-8126-D08060950CF2,TCGA-CD-8536,TCGA-CD-8536-01Z-00-DX1.365BF36B-69D3-491A-8126-D08060950CF2.h5,tcga_stad_uni2h/TCGA-STAD/features/TCGA-CD-8536-01Z-00-DX1.365BF36B-69D3-491A-8126-D08060950CF2.h5,31719368,True,"[1, 5086, 1536]","[1, 5086, 2]",coords,5086,1536,True,
TCGA-CD-A486-01Z-00-DX1.6FFE81CA-9074-44BC-B619-85A73BA61A2D,TCGA-CD-A486,TCGA-CD-A486-01Z-00-DX1.6FFE81CA-9074-44BC-B619-85A73BA61A2D.h5,tcga_stad_uni2h/TCGA-STAD/features/TCGA-CD-A486-01Z-00-DX1.6FFE81CA-9074-44BC-B619-85A73BA61A2D.h5,28708488,True,"[1, 4603, 1536]","[1, 4603, 2]",coords,4603,1536,True,
TCGA-CD-A487-01Z-00-DX1.A026BD2F-B721-4340-83D5-7AA39227C90F,TCGA-CD-A487,TCGA-CD-A487-01Z-00-DX1.A026BD2F-B721-4340-83D5-7AA39227C90F.h5,tcga_stad_uni2h/TCGA-STAD/features/TCGA-CD-A487-01Z-00-DX1.A026BD2F-B721-4340-83D5-7AA39227C90F.h5,51823816,True,"[1, 8313, 1536]","[1, 8313, 2]",coords,8313,1536,True,
TCGA-CD-A489-01Z-00-DX1.AB03DA27-6A86-41C7-9305-E5400E6C47AC,TCGA-CD-A489,TCGA-CD-A489-01Z-00-DX1.AB03DA27-6A86-41C7-9305-E5400E6C47AC.h5,tcga_stad_uni2h/TCGA-STAD/features/TCGA-CD-A489-01Z-00-DX1.AB03DA27-6A86-41C7-9305-E5400E6C47AC.h5,34115888,True,"[1, 5471, 1536]","[1, 5471, 2]",coords,5471,1536,True,
TCGA-CD-A48A-01Z-00-DX1.C4416A6F-38A6-4743-990A-CE27923A2067,TCGA-CD-A48A,TCGA-CD-A48A-01Z-00-DX1.C4416A6F-38A6-4743-990A-CE27923A2067.h5,tcga_stad_uni2h/TCGA-STAD/features/TCGA-CD-A48A-01Z-00-DX1.C4416A6F-38A6-4743-990A-CE27923A2067.h5,28022936,True,"[1, 4493, 1536]","[1, 4493, 2]",coords,4493,1536,True,
TCGA-CD-A48C-01Z-00-DX1.2AF2A65B-6F81-43F5-AC0F-06EAE3C567F3,TCGA-CD-A48C,TCGA-CD-A48C-01Z-00-DX1.2AF2A65B-6F81-43F5-AC0F-06EAE3C567F3.h5,tcga_stad_uni2h/TCGA-STAD/features/TCGA-CD-A48C-01Z-00-DX1.2AF2A65B-6F81-43F5-AC0F-06EAE3C567F3.h5,23867040,True,"[1, 3826, 1536]","[1, 3826, 2]",coords,3826,1536,True,
TCGA-CD-A4MG-01Z-00-DX1.CFC4618E-DFE9-4AAA-AD42-E1CC97374020,TCGA-CD-A4MG,TCGA-CD-A4MG-01Z-00-DX1.CFC4618E-DFE9-4AAA-AD42-E1CC97374020.h5,tcga_stad_uni2h/TCGA-STAD/features/TCGA-CD-A4MG-01Z-00-DX1.CFC4618E-DFE9-4AAA-AD42-E1CC97374020.h5,29188088,True,"[1, 4680, 1536]","[1, 4680, 2]",coords,4680,1536,True,
TCGA-CD-A4MH-01Z-00-DX1.5594817C-6E68-4D29-8B77-5133C321FB75,TCGA-CD-A4MH,TCGA-CD-A4MH-01Z-00-DX1.5594817C-6E68-4D29-8B77-5133C321FB75.h5,tcga_stad_uni2h/TCGA-STAD/features/TCGA-CD-A4MH-01Z-00-DX1.5594817C-6E68-4D29-8B77-5133C321FB75.h5,23445000,True,"[1, 3758, 1536]","[1, 3758, 2]",coords,3758,1536,True,
TCGA-CD-A4MI-01Z-00-DX1.67267177-498C-4835-A95A-FF8C2A9DDB97,TCGA-CD-A4MI,TCGA-CD-A4MI-01Z-00-DX1.67267177-498C-4835-A95A-FF8C2A9DDB97.h5,tcga_stad_uni2h/TCGA-STAD/features/TCGA-CD-A4MI-01Z-00-DX1.67267177-498C-4835-A95A-FF8C2A9DDB97.h5,31929080,True,"[1, 5120, 1536]","[1, 5120, 2]",coords,5120,1536,True,
TCGA-CD-A4MJ-01Z-00-DX1.0F0094F7-0D4D-484E-B31D-FDCDE8BC1440,TCGA-CD-A4MJ,TCGA-CD-A4MJ-01Z-00-DX1.0F0094F7-0D4D-484E-B31D-FDCDE8BC1440.h5,tcga_stad_uni2h/TCGA-STAD/features/TCGA-CD-A4MJ-01Z-00-DX1.0F0094F7-0D4D-484E-B31D-FDCDE8BC1440.h5,39692440,True,"[1, 6366, 1536]","[1, 6366, 2]",coords,6366,1536,True,
TCGA-CG-4300-01Z-00-DX1.3ad2eb8f-a266-441f-93d4-c45ec9c553d9,TCGA-CG-4300,TCGA-CG-4300-01Z-00-DX1.3ad2eb8f-a266-441f-93d4-c45ec9c553d9.h5,tcga_stad_uni2h/TCGA-STAD/features/TCGA-CG-4300-01Z-00-DX1.3ad2eb8f-a266-441f-93d4-c45ec9c553d9.h5,12143152,True,"[1, 1945, 1536]","[1, 1945, 2]",coords,1945,1536,True,
TCGA-CG-4301-01Z-00-DX1.d3a38b46-9f9c-4ed4-a1c7-fc1e48263a53,TCGA-CG-4301,TCGA-CG-4301-01Z-00-DX1.d3a38b46-9f9c-4ed4-a1c7-fc1e48263a53.h5,tcga_stad_uni2h/TCGA-STAD/features/TCGA-CG-4301-01Z-00-DX1.d3a38b46-9f9c-4ed4-a1c7-fc1e48263a53.h5,5003968,True,"[1, 799, 1536]","[1, 799, 2]",coords,799,1536,True,
TCGA-CG-4304-01Z-00-DX1.65e18165-6009-4820-bed2-23c43baa2495,TCGA-CG-4304,TCGA-CG-4304-01Z-00-DX1.65e18165-6009-4820-bed2-23c43baa2495.h5,tcga_stad_uni2h/TCGA-STAD/features/TCGA-CG-4304-01Z-00-DX1.65e18165-6009-4820-bed2-23c43baa2495.h5,28255608,True,"[1, 4530, 1536]","[1, 4530, 2]",coords,4530,1536,True,
TCGA-CG-4305-01Z-00-DX1.65167641-c270-4763-8bb8-cadedb17279d,TCGA-CG-4305,TCGA-CG-4305-01Z-00-DX1.65167641-c270-4763-8bb8-cadedb17279d.h5,tcga_stad_uni2h/TCGA-STAD/features/TCGA-CG-4305-01Z-00-DX1.65167641-c270-4763-8bb8-cadedb17279d.h5,5695624,True,"[1, 910, 1536]","[1, 910, 2]",coords,910,1536,True,
TCGA-CG-4306-01Z-00-DX1.d4b89854-8529-4fb5-847a-ddb59b163727,TCGA-CG-4306,TCGA-CG-4306-01Z-00-DX1.d4b89854-8529-4fb5-847a-ddb59b163727.h5,tcga_stad_uni2h/TCGA-STAD/features/TCGA-CG-4306-01Z-00-DX1.d4b89854-8529-4fb5-847a-ddb59b163727.h5,3566152,True,"[1, 568, 1536]","[1, 568, 2]",coords,568,1536,True,
TCGA-CG-4436-01Z-00-DX1.55b155a9-066b-42cc-b834-b11c68256852,TCGA-CG-4436,TCGA-CG-4436-01Z-00-DX1.55b155a9-066b-42cc-b834-b11c68256852.h5,tcga_stad_uni2h/TCGA-STAD/features/TCGA-CG-4436-01Z-00-DX1.55b155a9-066b-42cc-b834-b11c68256852.h5,4544424,True,"[1, 725, 1536]","[1, 725, 2]",coords,725,1536,True,
TCGA-CG-4438-01Z-00-DX1.3691c587-cadf-4523-a332-5a18f52c94b0,TCGA-CG-4438,TCGA-CG-4438-01Z-00-DX1.3691c587-cadf-4523-a332-5a18f52c94b0.h5,tcga_stad_uni2h/TCGA-STAD/features/TCGA-CG-4438-01Z-00-DX1.3691c587-cadf-4523-a332-5a18f52c94b0.h5,4686288,True,"[1, 748, 1536]","[1, 748, 2]",coords,748,1536,True,
TCGA-CG-4440-01Z-00-DX1.297add71-f47a-47fa-b472-1a06cc9541ec,TCGA-CG-4440,TCGA-CG-4440-01Z-00-DX1.297add71-f47a-47fa-b472-1a06cc9541ec.h5,tcga_stad_uni2h/TCGA-STAD/features/TCGA-CG-4440-01Z-00-DX1.297add71-f47a-47fa-b472-1a06cc9541ec.h5,6045472,True,"[1, 966, 1536]","[1, 966, 2]",coords,966,1536,True,
TCGA-CG-4441-01Z-00-DX1.0e2867aa-9b2d-4539-b218-a1a318361dfc,TCGA-CG-4441,TCGA-CG-4441-01Z-00-DX1.0e2867aa-9b2d-4539-b218-a1a318361dfc.h5,tcga_stad_uni2h/TCGA-STAD/features/TCGA-CG-4441-01Z-00-DX1.0e2867aa-9b2d-4539-b218-a1a318361dfc.h5,7248520,True,"[1, 1159, 1536]","[1, 1159, 2]",coords,1159,1536,True,
TCGA-CG-4442-01Z-00-DX1.3273280a-8780-4e91-bb5e-97d174989183,TCGA-CG-4442,TCGA-CG-4442-01Z-00-DX1.3273280a-8780-4e91-bb5e-97d174989183.h5,tcga_stad_uni2h/TCGA-STAD/features/TCGA-CG-4442-01Z-00-DX1.3273280a-8780-4e91-bb5e-97d174989183.h5,2874296,True,"[1, 457, 1536]","[1, 457, 2]",coords,457,1536,True,
TCGA-CG-4443-01Z-00-DX1.484defba-273b-4683-9c32-883f3da8ba5f,TCGA-CG-4443,TCGA-CG-4443-01Z-00-DX1.484defba-273b-4683-9c32-883f3da8ba5f.h5,tcga_stad_uni2h/TCGA-STAD/features/TCGA-CG-4443-01Z-00-DX1.484defba-273b-4683-9c32-883f3da8ba5f.h5,7616984,True,"[1, 1218, 1536]","[1, 1218, 2]",coords,1218,1536,True,
TCGA-CG-4444-01Z-00-DX1.2f966933-a92c-4888-853c-2f8ca195120e,TCGA-CG-4444,TCGA-CG-4444-01Z-00-DX1.2f966933-a92c-4888-853c-2f8ca195120e.h5,tcga_stad_uni2h/TCGA-STAD/features/TCGA-CG-4444-01Z-00-DX1.2f966933-a92c-4888-853c-2f8ca195120e.h5,6368824,True,"[1, 1018, 1536]","[1, 1018, 2]",coords,1018,1536,True,
TCGA-CG-4449-01Z-00-DX1.87ab158b-0699-4b22-9d51-58abd1033245,TCGA-CG-4449,TCGA-CG-4449-01Z-00-DX1.87ab158b-0699-4b22-9d51-58abd1033245.h5,tcga_stad_uni2h/TCGA-STAD/features/TCGA-CG-4449-01Z-00-DX1.87ab158b-0699-4b22-9d51-58abd1033245.h5,5664704,True,"[1, 905, 1536]","[1, 905, 2]",coords,905,1536,True,
TCGA-CG-4455-01Z-00-DX1.f695a661-323d-4aeb-a3db-72510719eeed,TCGA-CG-4455,TCGA-CG-4455-01Z-00-DX1.f695a661-323d-4aeb-a3db-72510719eeed.h5,tcga_stad_uni2h/TCGA-STAD/features/TCGA-CG-4455-01Z-00-DX1.f695a661-323d-4aeb-a3db-72510719eeed.h5,37399256,True,"[1, 1886, 1536]","[1, 1886, 2]",coords,1886,1536,True,
TCGA-CG-4460-01Z-00-DX1.498845d6-e330-45d7-a5ac-153f2cf9b3c7,TCGA-CG-4460,TCGA-CG-4460-01Z-00-DX1.498845d6-e330-45d7-a5ac-153f2cf9b3c7.h5,tcga_stad_uni2h/TCGA-STAD/features/TCGA-CG-4460-01Z-00-DX1.498845d6-e330-45d7-a5ac-153f2cf9b3c7.h5,12143152,True,"[1, 1945, 1536]","[1, 1945, 2]",coords,1945,1536,True,
TCGA-CG-4462-01Z-00-DX1.b83d328e-f315-493a-b625-1ca3136e5898,TCGA-CG-4462,TCGA-CG-4462-01Z-00-DX1.b83d328e-f315-493a-b625-1ca3136e5898.h5,tcga_stad_uni2h/TCGA-STAD/features/TCGA-CG-4462-01Z-00-DX1.b83d328e-f315-493a-b625-1ca3136e5898.h5,3240888,True,"[1, 516, 1536]","[1, 516, 2]",coords,516,1536,True,
TCGA-CG-4465-01Z-00-DX1.94a5e10c-2d21-4b3d-84d2-3b74d17ad088,TCGA-CG-4465,TCGA-CG-4465-01Z-00-DX1.94a5e10c-2d21-4b3d-84d2-3b74d17ad088.h5,tcga_stad_uni2h/TCGA-STAD/features/TCGA-CG-4465-01Z-00-DX1.94a5e10c-2d21-4b3d-84d2-3b74d17ad088.h5,16580664,True,"[1, 2657, 1536]","[1, 2657, 2]",coords,2657,1536,True,
TCGA-CG-4466-01Z-00-DX1.cddbdb00-0856-471e-82f5-911e0416467e,TCGA-CG-4466,TCGA-CG-4466-01Z-00-DX1.cddbdb00-0856-471e-82f5-911e0416467e.h5,tcga_stad_uni2h/TCGA-STAD/features/TCGA-CG-4466-01Z-00-DX1.cddbdb00-0856-471e-82f5-911e0416467e.h5,15709864,True,"[1, 2517, 1536]","[1, 2517, 2]",coords,2517,1536,True,
TCGA-CG-4469-01Z-00-DX1.005fafe8-ec9e-4283-95e4-f3cea0ac2365,TCGA-CG-4469,TCGA-CG-4469-01Z-00-DX1.005fafe8-ec9e-4283-95e4-f3cea0ac2365.h5,tcga_stad_uni2h/TCGA-STAD/features/TCGA-CG-4469-01Z-00-DX1.005fafe8-ec9e-4283-95e4-f3cea0ac2365.h5,17927512,True,"[1, 2873, 1536]","[1, 2873, 2]",coords,2873,1536,True,
TCGA-CG-4472-01Z-00-DX1.776d5f0e-3a34-4de8-8d72-fd35ba59e235,TCGA-CG-4472,TCGA-CG-4472-01Z-00-DX1.776d5f0e-3a34-4de8-8d72-fd35ba59e235.h5,tcga_stad_uni2h/TCGA-STAD/features/TCGA-CG-4472-01Z-00-DX1.776d5f0e-3a34-4de8-8d72-fd35ba59e235.h5,11191768,True,"[1, 1792, 1536]","[1, 1792, 2]",coords,1792,1536,True,
TCGA-CG-4474-01Z-00-DX1.b98d7365-75b1-4c90-80e0-fab8b354f411,TCGA-CG-4474,TCGA-CG-4474-01Z-00-DX1.b98d7365-75b1-4c90-80e0-fab8b354f411.h5,tcga_stad_uni2h/TCGA-STAD/features/TCGA-CG-4474-01Z-00-DX1.b98d7365-75b1-4c90-80e0-fab8b354f411.h5,13881568,True,"[1, 2224, 1536]","[1, 2224, 2]",coords,2224,1536,True,
TCGA-CG-4475-01Z-00-DX1.7a6c4b16-baea-4820-b91e-c9b1c2945faf,TCGA-CG-4475,TCGA-CG-4475-01Z-00-DX1.7a6c4b16-baea-4820-b91e-c9b1c2945faf.h5,tcga_stad_uni2h/TCGA-STAD/features/TCGA-CG-4475-01Z-00-DX1.7a6c4b16-baea-4820-b91e-c9b1c2945faf.h5,4176264,True,"[1, 666, 1536]","[1, 666, 2]",coords,666,1536,True,
TCGA-CG-4476-01Z-00-DX1.04f422f3-317a-41a9-af82-3ff43d823b6f,TCGA-CG-4476,TCGA-CG-4476-01Z-00-DX1.04f422f3-317a-41a9-af82-3ff43d823b6f.h5,tcga_stad_uni2h/TCGA-STAD/features/TCGA-CG-4476-01Z-00-DX1.04f422f3-317a-41a9-af82-3ff43d823b6f.h5,9025512,True,"[1, 1444, 1536]","[1, 1444, 2]",coords,1444,1536,True,
TCGA-CG-4477-01Z-00-DX1.298d0c11-7e95-4c72-8446-a2cd5a87667f,TCGA-CG-4477,TCGA-CG-4477-01Z-00-DX1.298d0c11-7e95-4c72-8446-a2cd5a87667f.h5,tcga_stad_uni2h/TCGA-STAD/features/TCGA-CG-4477-01Z-00-DX1.298d0c11-7e95-4c72-8446-a2cd5a87667f.h5,13918672,True,"[1, 2230, 1536]","[1, 2230, 2]",coords,2230,1536,True,
TCGA-D7-5577-01Z-00-DX1.e9ca39a5-7c5c-4e43-ac89-8652f44b08bb,TCGA-D7-5577,TCGA-D7-5577-01Z-00-DX1.e9ca39a5-7c5c-4e43-ac89-8652f44b08bb.h5,tcga_stad_uni2h/TCGA-STAD/features/TCGA-D7-5577-01Z-00-DX1.e9ca39a5-7c5c-4e43-ac89-8652f44b08bb.h5,77780872,True,"[1, 12479, 1536]","[1, 12479, 2]",coords,12479,1536,True,
TCGA-D7-5577-01Z-00-DX2.FFE2889A-1E01-4D57-9B81-671465A1FB21,TCGA-D7-5577,TCGA-D7-5577-01Z-00-DX2.FFE2889A-1E01-4D57-9B81-671465A1FB21.h5,tcga_stad_uni2h/TCGA-STAD/features/TCGA-D7-5577-01Z-00-DX2.FFE2889A-1E01-4D57-9B81-671465A1FB21.h5,39264232,True,"[1, 6297, 1536]","[1, 6297, 2]",coords,6297,1536,True,
TCGA-D7-5578-01Z-00-DX1.8216cb00-cc28-4872-aef7-3b9c18e16117,TCGA-D7-5578,TCGA-D7-5578-01Z-00-DX1.8216cb00-cc28-4872-aef7-3b9c18e16117.h5,tcga_stad_uni2h/TCGA-STAD/features/TCGA-D7-5578-01Z-00-DX1.8216cb00-cc28-4872-aef7-3b9c18e16117.h5,87682264,True,"[1, 14068, 1536]","[1, 14068, 2]",coords,14068,1536,True,
TCGA-D7-5578-01Z-00-DX2.715B0263-C855-4C4F-8A53-16B0CA9432C8,TCGA-D7-5578,TCGA-D7-5578-01Z-00-DX2.715B0263-C855-4C4F-8A53-16B0CA9432C8.h5,tcga_stad_uni2h/TCGA-STAD/features/TCGA-D7-5578-01Z-00-DX2.715B0263-C855-4C4F-8A53-16B0CA9432C8.h5,60810664,True,"[1, 9755, 1536]","[1, 9755, 2]",coords,9755,1536,True,
TCGA-D7-5579-01Z-00-DX1.6b638a16-4bd1-4624-a57b-4088214e34a9,TCGA-D7-5579,TCGA-D7-5579-01Z-00-DX1.6b638a16-4bd1-4624-a57b-4088214e34a9.h5,tcga_stad_uni2h/TCGA-STAD/features/TCGA-D7-5579-01Z-00-DX1.6b638a16-4bd1-4624-a57b-4088214e34a9.h5,88948928,True,"[1, 14271, 1536]","[1, 14271, 2]",coords,14271,1536,True,
TCGA-D7-5579-01Z-00-DX2.092BDD5E-3D0B-442C-ADE1-E684BC658D2E,TCGA-D7-5579,TCGA-D7-5579-01Z-00-DX2.092BDD5E-3D0B-442C-ADE1-E684BC658D2E.h5,tcga_stad_uni2h/TCGA-STAD/features/TCGA-D7-5579-01Z-00-DX2.092BDD5E-3D0B-442C-ADE1-E684BC658D2E.h5,54118096,True,"[1, 8681, 1536]","[1, 8681, 2]",coords,8681,1536,True,
TCGA-D7-6518-01Z-00-DX1.227f4361-7393-4276-801a-a395617a15e4,TCGA-D7-6518,TCGA-D7-6518-01Z-00-DX1.227f4361-7393-4276-801a-a395617a15e4.h5,tcga_stad_uni2h/TCGA-STAD/features/TCGA-D7-6518-01Z-00-DX1.227f4361-7393-4276-801a-a395617a15e4.h5,40843784,True,"[1, 6551, 1536]","[1, 6551, 2]",coords,6551,1536,True,
TCGA-D7-6518-01Z-00-DX2.8CA8FC09-10AD-4931-861A-25CBCAE9D488,TCGA-D7-6518,TCGA-D7-6518-01Z-00-DX2.8CA8FC09-10AD-4931-861A-25CBCAE9D488.h5,tcga_stad_uni2h/TCGA-STAD/features/TCGA-D7-6518-01Z-00-DX2.8CA8FC09-10AD-4931-861A-25CBCAE9D488.h5,51039368,True,"[1, 8187, 1536]","[1, 8187, 2]",coords,8187,1536,True,
TCGA-D7-6519-01Z-00-DX1.5f7dcb29-030f-4011-affe-47dab4b9da03,TCGA-D7-6519,TCGA-D7-6519-01Z-00-DX1.5f7dcb29-030f-4011-affe-47dab4b9da03.h5,tcga_stad_uni2h/TCGA-STAD/features/TCGA-D7-6519-01Z-00-DX1.5f7dcb29-030f-4011-affe-47dab4b9da03.h5,59513160,True,"[1, 9547, 1536]","[1, 9547, 2]",coords,9547,1536,True,
TCGA-D7-6519-01Z-00-DX2.D42BA621-1099-4C4F-B691-B124F871A1CB,TCGA-D7-6519,TCGA-D7-6519-01Z-00-DX2.D42BA621-1099-4C4F-B691-B124F871A1CB.h5,tcga_stad_uni2h/TCGA-STAD/features/TCGA-D7-6519-01Z-00-DX2.D42BA621-1099-4C4F-B691-B124F871A1CB.h5,57567208,True,"[1, 9235, 1536]","[1, 9235, 2]",coords,9235,1536,True,
TCGA-D7-6520-01Z-00-DX1.c65fcb6d-72c1-44dc-a056-f54c9130e0cb,TCGA-D7-6520,TCGA-D7-6520-01Z-00-DX1.c65fcb6d-72c1-44dc-a056-f54c9130e0cb.h5,tcga_stad_uni2h/TCGA-STAD/features/TCGA-D7-6520-01Z-00-DX1.c65fcb6d-72c1-44dc-a056-f54c9130e0cb.h5,56941320,True,"[1, 9134, 1536]","[1, 9134, 2]",coords,9134,1536,True,
TCGA-D7-6520-01Z-00-DX2.60B9C76F-93F5-461E-84F5-C3A3734E5D3C,TCGA-D7-6520,TCGA-D7-6520-01Z-00-DX2.60B9C76F-93F5-461E-84F5-C3A3734E5D3C.h5,tcga_stad_uni2h/TCGA-STAD/features/TCGA-D7-6520-01Z-00-DX2.60B9C76F-93F5-461E-84F5-C3A3734E5D3C.h5,48762088,True,"[1, 7821, 1536]","[1, 7821, 2]",coords,7821,1536,True,
TCGA-D7-6521-01Z-00-DX1.928f6bc8-8283-4195-9cd7-6d6eb72bb68b,TCGA-D7-6521,TCGA-D7-6521-01Z-00-DX1.928f6bc8-8283-4195-9cd7-6d6eb72bb68b.h5,tcga_stad_uni2h/TCGA-STAD/features/TCGA-D7-6521-01Z-00-DX1.928f6bc8-8283-4195-9cd7-6d6eb72bb68b.h5,35106496,True,"[1, 5630, 1536]","[1, 5630, 2]",coords,5630,1536,True,
TCGA-D7-6521-01Z-00-DX2.3742698F-7643-4A73-8524-A46EEFFCD761,TCGA-D7-6521,TCGA-D7-6521-01Z-00-DX2.3742698F-7643-4A73-8524-A46EEFFCD761.h5,tcga_stad_uni2h/TCGA-STAD/features/TCGA-D7-6521-01Z-00-DX2.3742698F-7643-4A73-8524-A46EEFFCD761.h5,48218192,True,"[1, 7734, 1536]","[1, 7734, 2]",coords,7734,1536,True,
TCGA-D7-6522-01Z-00-DX1.037aabb6-3546-44d4-991f-d7c5461b83f6,TCGA-D7-6522,TCGA-D7-6522-01Z-00-DX1.037aabb6-3546-44d4-991f-d7c5461b83f6.h5,tcga_stad_uni2h/TCGA-STAD/features/TCGA-D7-6522-01Z-00-DX1.037aabb6-3546-44d4-991f-d7c5461b83f6.h5,30477744,True,"[1, 4887, 1536]","[1, 4887, 2]",coords,4887,1536,True,
TCGA-D7-6522-01Z-00-DX2.0CEA0837-BBD6-4C5F-87D6-DA93E1DEDDC3,TCGA-D7-6522,TCGA-D7-6522-01Z-00-DX2.0CEA0837-BBD6-4C5F-87D6-DA93E1DEDDC3.h5,tcga_stad_uni2h/TCGA-STAD/features/TCGA-D7-6522-01Z-00-DX2.0CEA0837-BBD6-4C5F-87D6-DA93E1DEDDC3.h5,31113792,True,"[1, 4989, 1536]","[1, 4989, 2]",coords,4989,1536,True,
TCGA-D7-6524-01Z-00-DX1.ec1248f6-7d22-49c5-8300-673d25819e1d,TCGA-D7-6524,TCGA-D7-6524-01Z-00-DX1.ec1248f6-7d22-49c5-8300-673d25819e1d.h5,tcga_stad_uni2h/TCGA-STAD/features/TCGA-D7-6524-01Z-00-DX1.ec1248f6-7d22-49c5-8300-673d25819e1d.h5,34091216,True,"[1, 5467, 1536]","[1, 5467, 2]",coords,5467,1536,True,
TCGA-D7-6524-01Z-00-DX2.6E8242FF-FAF3-4CAA-9CB2-CE0BC1D518C9,TCGA-D7-6524,TCGA-D7-6524-01Z-00-DX2.6E8242FF-FAF3-4CAA-9CB2-CE0BC1D518C9.h5,tcga_stad_uni2h/TCGA-STAD/features/TCGA-D7-6524-01Z-00-DX2.6E8242FF-FAF3-4CAA-9CB2-CE0BC1D518C9.h5,110455736,True,"[1, 17723, 1536]","[1, 17723, 2]",coords,17723,1536,True,
TCGA-D7-6525-01Z-00-DX1.4c140df7-e1b6-4e10-bf13-0006484d6a4f,TCGA-D7-6525,TCGA-D7-6525-01Z-00-DX1.4c140df7-e1b6-4e10-bf13-0006484d6a4f.h5,tcga_stad_uni2h/TCGA-STAD/features/TCGA-D7-6525-01Z-00-DX1.4c140df7-e1b6-4e10-bf13-0006484d6a4f.h5,58079960,True,"[1, 9317, 1536]","[1, 9317, 2]",coords,9317,1536,True,
TCGA-D7-6525-01Z-00-DX2.1784F199-7F06-45BB-892A-EFB9009275EB,TCGA-D7-6525,TCGA-D7-6525-01Z-00-DX2.1784F199-7F06-45BB-892A-EFB9009275EB.h5,tcga_stad_uni2h/TCGA-STAD/features/TCGA-D7-6525-01Z-00-DX2.1784F199-7F06-45BB-892A-EFB9009275EB.h5,60915520,True,"[1, 9772, 1536]","[1, 9772, 2]",coords,9772,1536,True,
TCGA-D7-6526-01Z-00-DX1.d954acfe-8efc-4ab7-965b-edc8c3afdfc6,TCGA-D7-6526,TCGA-D7-6526-01Z-00-DX1.d954acfe-8efc-4ab7-965b-edc8c3afdfc6.h5,tcga_stad_uni2h/TCGA-STAD/features/TCGA-D7-6526-01Z-00-DX1.d954acfe-8efc-4ab7-965b-edc8c3afdfc6.h5,37536536,True,"[1, 6020, 1536]","[1, 6020, 2]",coords,6020,1536,True,
TCGA-D7-6526-01Z-00-DX2.8846E328-5343-4A95-A77D-3827F443A989,TCGA-D7-6526,TCGA-D7-6526-01Z-00-DX2.8846E328-5343-4A95-A77D-3827F443A989.h5,tcga_stad_uni2h/TCGA-STAD/features/TCGA-D7-6526-01Z-00-DX2.8846E328-5343-4A95-A77D-3827F443A989.h5,46361096,True,"[1, 7436, 1536]","[1, 7436, 2]",coords,7436,1536,True,
TCGA-D7-6527-01Z-00-DX1.3149a5ed-2ed0-4ce7-912b-e67bb1c33e8f,TCGA-D7-6527,TCGA-D7-6527-01Z-00-DX1.3149a5ed-2ed0-4ce7-912b-e67bb1c33e8f.h5,tcga_stad_uni2h/TCGA-STAD/features/TCGA-D7-6527-01Z-00-DX1.3149a5ed-2ed0-4ce7-912b-e67bb1c33e8f.h5,50104272,True,"[1, 8037, 1536]","[1, 8037, 2]",coords,8037,1536,True,
TCGA-D7-6527-01Z-00-DX2.AC6B9D7B-E289-449C-934B-E15BD593CED4,TCGA-D7-6527,TCGA-D7-6527-01Z-00-DX2.AC6B9D7B-E289-449C-934B-E15BD593CED4.h5,tcga_stad_uni2h/TCGA-STAD/features/TCGA-D7-6527-01Z-00-DX2.AC6B9D7B-E289-449C-934B-E15BD593CED4.h5,44561176,True,"[1, 7147, 1536]","[1, 7147, 2]",coords,7147,1536,True,
TCGA-D7-6528-01Z-00-DX1.3c2ec0f4-9b8f-45c5-920d-5afe55890219,TCGA-D7-6528,TCGA-D7-6528-01Z-00-DX1.3c2ec0f4-9b8f-45c5-920d-5afe55890219.h5,tcga_stad_uni2h/TCGA-STAD/features/TCGA-D7-6528-01Z-00-DX1.3c2ec0f4-9b8f-45c5-920d-5afe55890219.h5,53041136,True,"[1, 8508, 1536]","[1, 8508, 2]",coords,8508,1536,True,
TCGA-D7-6528-01Z-00-DX2.8159A49E-A9A0-4AA8-83AA-96E49D1DB8C4,TCGA-D7-6528,TCGA-D7-6528-01Z-00-DX2.8159A49E-A9A0-4AA8-83AA-96E49D1DB8C4.h5,tcga_stad_uni2h/TCGA-STAD/features/TCGA-D7-6528-01Z-00-DX2.8159A49E-A9A0-4AA8-83AA-96E49D1DB8C4.h5,41999056,True,"[1, 6736, 1536]","[1, 6736, 2]",coords,6736,1536,True,
TCGA-D7-6815-01Z-00-DX1.518E266F-0FF6-4768-85C6-19D77935A537,TCGA-D7-6815,TCGA-D7-6815-01Z-00-DX1.518E266F-0FF6-4768-85C6-19D77935A537.h5,tcga_stad_uni2h/TCGA-STAD/features/TCGA-D7-6815-01Z-00-DX1.518E266F-0FF6-4768-85C6-19D77935A537.h5,68156104,True,"[1, 10934, 1536]","[1, 10934, 2]",coords,10934,1536,True,
TCGA-D7-6817-01Z-00-DX1.c1c7e7bb-2811-4034-8da8-af527377a711,TCGA-D7-6817,TCGA-D7-6817-01Z-00-DX1.c1c7e7bb-2811-4034-8da8-af527377a711.h5,tcga_stad_uni2h/TCGA-STAD/features/TCGA-D7-6817-01Z-00-DX1.c1c7e7bb-2811-4034-8da8-af527377a711.h5,10716552,True,"[1, 1716, 1536]","[1, 1716, 2]",coords,1716,1536,True,
TCGA-D7-6817-01Z-00-DX2.725AB42B-1396-48E6-B37A-62955F72DD0F,TCGA-D7-6817,TCGA-D7-6817-01Z-00-DX2.725AB42B-1396-48E6-B37A-62955F72DD0F.h5,tcga_stad_uni2h/TCGA-STAD/features/TCGA-D7-6817-01Z-00-DX2.725AB42B-1396-48E6-B37A-62955F72DD0F.h5,50672840,True,"[1, 8128, 1536]","[1, 8128, 2]",coords,8128,1536,True,
TCGA-D7-6818-01Z-00-DX1.c0709e0a-3e53-431b-a1e3-259ad84497f6,TCGA-D7-6818,TCGA-D7-6818-01Z-00-DX1.c0709e0a-3e53-431b-a1e3-259ad84497f6.h5,tcga_stad_uni2h/TCGA-STAD/features/TCGA-D7-6818-01Z-00-DX1.c0709e0a-3e53-431b-a1e3-259ad84497f6.h5,5041072,True,"[1, 805, 1536]","[1, 805, 2]",coords,805,1536,True,
TCGA-D7-6818-01Z-00-DX2.3D150EDC-0246-4CEA-8EFF-5811EA8ADA09,TCGA-D7-6818,TCGA-D7-6818-01Z-00-DX2.3D150EDC-0246-4CEA-8EFF-5811EA8ADA09.h5,tcga_stad_uni2h/TCGA-STAD/features/TCGA-D7-6818-01Z-00-DX2.3D150EDC-0246-4CEA-8EFF-5811EA8ADA09.h5,66922896,True,"[1, 10736, 1536]","[1, 10736, 2]",coords,10736,1536,True,
TCGA-D7-6820-01Z-00-DX1.fe70ad91-42dc-470a-af2f-ba2e601084de,TCGA-D7-6820,TCGA-D7-6820-01Z-00-DX1.fe70ad91-42dc-470a-af2f-ba2e601084de.h5,tcga_stad_uni2h/TCGA-STAD/features/TCGA-D7-6820-01Z-00-DX1.fe70ad91-42dc-470a-af2f-ba2e601084de.h5,12925696,True,"[1, 2070, 1536]","[1, 2070, 2]",coords,2070,1536,True,
TCGA-D7-6820-01Z-00-DX2.8847C420-5C25-4716-B467-1CD2687F4484,TCGA-D7-6820,TCGA-D7-6820-01Z-00-DX2.8847C420-5C25-4716-B467-1CD2687F4484.h5,tcga_stad_uni2h/TCGA-STAD/features/TCGA-D7-6820-01Z-00-DX2.8847C420-5C25-4716-B467-1CD2687F4484.h5,40409040,True,"[1, 6481, 1536]","[1, 6481, 2]",coords,6481,1536,True,
TCGA-D7-6822-01Z-00-DX1.b583410e-fb5b-4a57-8215-eb7eeee3645d,TCGA-D7-6822,TCGA-D7-6822-01Z-00-DX1.b583410e-fb5b-4a57-8215-eb7eeee3645d.h5,tcga_stad_uni2h/TCGA-STAD/features/TCGA-D7-6822-01Z-00-DX1.b583410e-fb5b-4a57-8215-eb7eeee3645d.h5,9392040,True,"[1, 1503, 1536]","[1, 1503, 2]",coords,1503,1536,True,
TCGA-D7-6822-01Z-00-DX2.4085F597-DD0C-4793-9586-CCC73382986B,TCGA-D7-6822,TCGA-D7-6822-01Z-00-DX2.4085F597-DD0C-4793-9586-CCC73382986B.h5,tcga_stad_uni2h/TCGA-STAD/features/TCGA-D7-6822-01Z-00-DX2.4085F597-DD0C-4793-9586-CCC73382986B.h5,63631840,True,"[1, 10208, 1536]","[1, 10208, 2]",coords,10208,1536,True,
TCGA-D7-8570-01Z-00-DX1.0B435CEF-B653-4D10-B2BD-6F9576C94389,TCGA-D7-8570,TCGA-D7-8570-01Z-00-DX1.0B435CEF-B653-4D10-B2BD-6F9576C94389.h5,tcga_stad_uni2h/TCGA-STAD/features/TCGA-D7-8570-01Z-00-DX1.0B435CEF-B653-4D10-B2BD-6F9576C94389.h5,14326008,True,"[1, 2295, 1536]","[1, 2295, 2]",coords,2295,1536,True,
TCGA-D7-8570-01Z-00-DX2.7447681C-7F88-43F4-BA7E-655DDA02ACDE,TCGA-D7-8570,TCGA-D7-8570-01Z-00-DX2.7447681C-7F88-43F4-BA7E-655DDA02ACDE.h5,tcga_stad_uni2h/TCGA-STAD/features/TCGA-D7-8570-01Z-00-DX2.7447681C-7F88-43F4-BA7E-655DDA02ACDE.h5,52641720,True,"[1, 8444, 1536]","[1, 8444, 2]",coords,8444,1536,True,
TCGA-D7-8572-01Z-00-DX1.E7F9367F-14C4-4561-934D-AE7A778CD13C,TCGA-D7-8572,TCGA-D7-8572-01Z-00-DX1.E7F9367F-14C4-4561-934D-AE7A778CD13C.h5,tcga_stad_uni2h/TCGA-STAD/features/TCGA-D7-8572-01Z-00-DX1.E7F9367F-14C4-4561-934D-AE7A778CD13C.h5,24318416,True,"[1, 3898, 1536]","[1, 3898, 2]",coords,3898,1536,True,
TCGA-D7-8572-01Z-00-DX2.13383FD3-B864-4578-8832-56EA1916FA86,TCGA-D7-8572,TCGA-D7-8572-01Z-00-DX2.13383FD3-B864-4578-8832-56EA1916FA86.h5,tcga_stad_uni2h/TCGA-STAD/features/TCGA-D7-8572-01Z-00-DX2.13383FD3-B864-4578-8832-56EA1916FA86.h5,40248672,True,"[1, 6455, 1536]","[1, 6455, 2]",coords,6455,1536,True,
TCGA-D7-8573-01Z-00-DX1.8A579441-BC90-4CAB-8199-15580DA5ED87,TCGA-D7-8573,TCGA-D7-8573-01Z-00-DX1.8A579441-BC90-4CAB-8199-15580DA5ED87.h5,tcga_stad_uni2h/TCGA-STAD/features/TCGA-D7-8573-01Z-00-DX1.8A579441-BC90-4CAB-8199-15580DA5ED87.h5,61063552,True,"[1, 9796, 1536]","[1, 9796, 2]",coords,9796,1536,True,
TCGA-D7-8573-01Z-00-DX2.703306C5-7D46-4E3C-833F-22D1FEF7C6F6,TCGA-D7-8573,TCGA-D7-8573-01Z-00-DX2.703306C5-7D46-4E3C-833F-22D1FEF7C6F6.h5,tcga_stad_uni2h/TCGA-STAD/features/TCGA-D7-8573-01Z-00-DX2.703306C5-7D46-4E3C-833F-22D1FEF7C6F6.h5,52728232,True,"[1, 8458, 1536]","[1, 8458, 2]",coords,8458,1536,True,
TCGA-D7-8574-01Z-00-DX1.72155AB8-7B77-46D1-85B0-EACABCD25EF2,TCGA-D7-8574,TCGA-D7-8574-01Z-00-DX1.72155AB8-7B77-46D1-85B0-EACABCD25EF2.h5,tcga_stad_uni2h/TCGA-STAD/features/TCGA-D7-8574-01Z-00-DX1.72155AB8-7B77-46D1-85B0-EACABCD25EF2.h5,45671024,True,"[1, 7325, 1536]","[1, 7325, 2]",coords,7325,1536,True,
TCGA-D7-8574-01Z-00-DX2.0824C6C7-B086-4D9B-94B4-FC1A49805700,TCGA-D7-8574,TCGA-D7-8574-01Z-00-DX2.0824C6C7-B086-4D9B-94B4-FC1A49805700.h5,tcga_stad_uni2h/TCGA-STAD/features/TCGA-D7-8574-01Z-00-DX2.0824C6C7-B086-4D9B-94B4-FC1A49805700.h5,19733408,True,"[1, 3163, 1536]","[1, 3163, 2]",coords,3163,1536,True,
TCGA-D7-8575-01Z-00-DX1.11006AF4-D0CD-46DF-909A-29E345191C4C,TCGA-D7-8575,TCGA-D7-8575-01Z-00-DX1.11006AF4-D0CD-46DF-909A-29E345191C4C.h5,tcga_stad_uni2h/TCGA-STAD/features/TCGA-D7-8575-01Z-00-DX1.11006AF4-D0CD-46DF-909A-29E345191C4C.h5,48372392,True,"[1, 7759, 1536]","[1, 7759, 2]",coords,7759,1536,True,
TCGA-D7-8575-01Z-00-DX2.7505FB70-2931-459B-B23A-4D24B080E383,TCGA-D7-8575,TCGA-D7-8575-01Z-00-DX2.7505FB70-2931-459B-B23A-4D24B080E383.h5,tcga_stad_uni2h/TCGA-STAD/features/TCGA-D7-8575-01Z-00-DX2.7505FB70-2931-459B-B23A-4D24B080E383.h5,65632088,True,"[1, 10529, 1536]","[1, 10529, 2]",coords,10529,1536,True,
TCGA-D7-8576-01Z-00-DX1.102C35FC-8CA4-471A-86E9-5C5526178928,TCGA-D7-8576,TCGA-D7-8576-01Z-00-DX1.102C35FC-8CA4-471A-86E9-5C5526178928.h5,tcga_stad_uni2h/TCGA-STAD/features/TCGA-D7-8576-01Z-00-DX1.102C35FC-8CA4-471A-86E9-5C5526178928.h5,54346536,True,"[1, 8718, 1536]","[1, 8718, 2]",coords,8718,1536,True,
TCGA-D7-8576-01Z-00-DX2.2535E27E-C1AC-4008-B48F-083B6F53AF03,TCGA-D7-8576,TCGA-D7-8576-01Z-00-DX2.2535E27E-C1AC-4008-B48F-083B6F53AF03.h5,tcga_stad_uni2h/TCGA-STAD/features/TCGA-D7-8576-01Z-00-DX2.2535E27E-C1AC-4008-B48F-083B6F53AF03.h5,64114056,True,"[1, 10285, 1536]","[1, 10285, 2]",coords,10285,1536,True,
TCGA-D7-8578-01Z-00-DX1.902BBFC1-2456-4718-9A5E-2FD9AE47AF44,TCGA-D7-8578,TCGA-D7-8578-01Z-00-DX1.902BBFC1-2456-4718-9A5E-2FD9AE47AF44.h5,tcga_stad_uni2h/TCGA-STAD/features/TCGA-D7-8578-01Z-00-DX1.902BBFC1-2456-4718-9A5E-2FD9AE47AF44.h5,40347360,True,"[1, 6471, 1536]","[1, 6471, 2]",coords,6471,1536,True,
TCGA-D7-8578-01Z-00-DX2.D71657BE-72D0-4EEC-89D3-E83934A0F919,TCGA-D7-8578,TCGA-D7-8578-01Z-00-DX2.D71657BE-72D0-4EEC-89D3-E83934A0F919.h5,tcga_stad_uni2h/TCGA-STAD/features/TCGA-D7-8578-01Z-00-DX2.D71657BE-72D0-4EEC-89D3-E83934A0F919.h5,51755968,True,"[1, 8302, 1536]","[1, 8302, 2]",coords,8302,1536,True,
TCGA-D7-8579-01Z-00-DX1.BFA005CC-E2B4-4A36-9C84-5F51F0526856,TCGA-D7-8579,TCGA-D7-8579-01Z-00-DX1.BFA005CC-E2B4-4A36-9C84-5F51F0526856.h5,tcga_stad_uni2h/TCGA-STAD/features/TCGA-D7-8579-01Z-00-DX1.BFA005CC-E2B4-4A36-9C84-5F51F0526856.h5,50122776,True,"[1, 8040, 1536]","[1, 8040, 2]",coords,8040,1536,True,
TCGA-D7-8579-01Z-00-DX2.9D40DCA2-2711-426C-B5DD-3D897975F4BF,TCGA-D7-8579,TCGA-D7-8579-01Z-00-DX2.9D40DCA2-2711-426C-B5DD-3D897975F4BF.h5,tcga_stad_uni2h/TCGA-STAD/features/TCGA-D7-8579-01Z-00-DX2.9D40DCA2-2711-426C-B5DD-3D897975F4BF.h5,52528080,True,"[1, 8426, 1536]","[1, 8426, 2]",coords,8426,1536,True,
TCGA-D7-A4YT-01Z-00-DX1.645AF39D-1B70-4C46-AB80-7B532994EE66,TCGA-D7-A4YT,TCGA-D7-A4YT-01Z-00-DX1.645AF39D-1B70-4C46-AB80-7B532994EE66.h5,tcga_stad_uni2h/TCGA-STAD/features/TCGA-D7-A4YT-01Z-00-DX1.645AF39D-1B70-4C46-AB80-7B532994EE66.h5,61798656,True,"[1, 9914, 1536]","[1, 9914, 2]",coords,9914,1536,True,
TCGA-D7-A4YU-01Z-00-DX1.42DF1586-BD02-4482-AEAF-8F2C1BBB1C20,TCGA-D7-A4YU,TCGA-D7-A4YU-01Z-00-DX1.42DF1586-BD02-4482-AEAF-8F2C1BBB1C20.h5,tcga_stad_uni2h/TCGA-STAD/features/TCGA-D7-A4YU-01Z-00-DX1.42DF1586-BD02-4482-AEAF-8F2C1BBB1C20.h5,55495784,True,"[1, 8902, 1536]","[1, 8902, 2]",coords,8902,1536,True,
TCGA-D7-A4YV-01Z-00-DX1.55DFBF47-1A3B-428F-9AC4-8814F557FF1E,TCGA-D7-A4YV,TCGA-D7-A4YV-01Z-00-DX1.55DFBF47-1A3B-428F-9AC4-8814F557FF1E.h5,tcga_stad_uni2h/TCGA-STAD/features/TCGA-D7-A4YV-01Z-00-DX1.55DFBF47-1A3B-428F-9AC4-8814F557FF1E.h5,51241408,True,"[1, 8219, 1536]","[1, 8219, 2]",coords,8219,1536,True,
TCGA-D7-A4YX-01Z-00-DX1.54DE426E-7EC0-4FF4-919F-045E38B3C34E,TCGA-D7-A4YX,TCGA-D7-A4YX-01Z-00-DX1.54DE426E-7EC0-4FF4-919F-045E38B3C34E.h5,tcga_stad_uni2h/TCGA-STAD/features/TCGA-D7-A4YX-01Z-00-DX1.54DE426E-7EC0-4FF4-919F-045E38B3C34E.h5,46797328,True,"[1, 7506, 1536]","[1, 7506, 2]",coords,7506,1536,True,
TCGA-D7-A4YY-01Z-00-DX1.D1623D77-0BBA-4CB6-97DC-382BE136A583,TCGA-D7-A4YY,TCGA-D7-A4YY-01Z-00-DX1.D1623D77-0BBA-4CB6-97DC-382BE136A583.h5,tcga_stad_uni2h/TCGA-STAD/features/TCGA-D7-A4YY-01Z-00-DX1.D1623D77-0BBA-4CB6-97DC-382BE136A583.h5,57542472,True,"[1, 9231, 1536]","[1, 9231, 2]",coords,9231,1536,True,
TCGA-D7-A4Z0-01Z-00-DX1.3D9BDA76-6884-4012-AB91-C374F32B58FB,TCGA-D7-A4Z0,TCGA-D7-A4Z0-01Z-00-DX1.3D9BDA76-6884-4012-AB91-C374F32B58FB.h5,tcga_stad_uni2h/TCGA-STAD/features/TCGA-D7-A4Z0-01Z-00-DX1.3D9BDA76-6884-4012-AB91-C374F32B58FB.h5,71321184,True,"[1, 11442, 1536]","[1, 11442, 2]",coords,11442,1536,True,
TCGA-D7-A6ET-01Z-00-DX1.A4FF5141-6B2A-456B-9EA2-E5DE72156647,TCGA-D7-A6ET,TCGA-D7-A6ET-01Z-00-DX1.A4FF5141-6B2A-456B-9EA2-E5DE72156647.h5,tcga_stad_uni2h/TCGA-STAD/features/TCGA-D7-A6ET-01Z-00-DX1.A4FF5141-6B2A-456B-9EA2-E5DE72156647.h5,50347632,True,"[1, 8076, 1536]","[1, 8076, 2]",coords,8076,1536,True,
TCGA-D7-A6EV-01Z-00-DX1.98BA866B-19A6-4ECF-B51E-F811F5EFA8CC,TCGA-D7-A6EV,TCGA-D7-A6EV-01Z-00-DX1.98BA866B-19A6-4ECF-B51E-F811F5EFA8CC.h5,tcga_stad_uni2h/TCGA-STAD/features/TCGA-D7-A6EV-01Z-00-DX1.98BA866B-19A6-4ECF-B51E-F811F5EFA8CC.h5,33374616,True,"[1, 5352, 1536]","[1, 5352, 2]",coords,5352,1536,True,
TCGA-D7-A6EX-01Z-00-DX1.03BECFB9-A4B2-4B43-99F7-C49850796F31,TCGA-D7-A6EX,TCGA-D7-A6EX-01Z-00-DX1.03BECFB9-A4B2-4B43-99F7-C49850796F31.h5,tcga_stad_uni2h/TCGA-STAD/features/TCGA-D7-A6EX-01Z-00-DX1.03BECFB9-A4B2-4B43-99F7-C49850796F31.h5,22188056,True,"[1, 3557, 1536]","[1, 3557, 2]",coords,3557,1536,True,
TCGA-D7-A6EY-01Z-00-DX1.7E101F3B-8923-4554-AA48-C2493D0F46C0,TCGA-D7-A6EY,TCGA-D7-A6EY-01Z-00-DX1.7E101F3B-8923-4554-AA48-C2493D0F46C0.h5,tcga_stad_uni2h/TCGA-STAD/features/TCGA-D7-A6EY-01Z-00-DX1.7E101F3B-8923-4554-AA48-C2493D0F46C0.h5,63868936,True,"[1, 10246, 1536]","[1, 10246, 2]",coords,10246,1536,True,
TCGA-D7-A6EZ-01Z-00-DX1.BF91B810-86FD-4675-85A0-15DC9CF2195F,TCGA-D7-A6EZ,TCGA-D7-A6EZ-01Z-00-DX1.BF91B810-86FD-4675-85A0-15DC9CF2195F.h5,tcga_stad_uni2h/TCGA-STAD/features/TCGA-D7-A6EZ-01Z-00-DX1.BF91B810-86FD-4675-85A0-15DC9CF2195F.h5,60909352,True,"[1, 9771, 1536]","[1, 9771, 2]",coords,9771,1536,True,
TCGA-D7-A6F0-01Z-00-DX1.C75CE666-2AA5-433C-BDA4-795B9A6FE8C3,TCGA-D7-A6F0,TCGA-D7-A6F0-01Z-00-DX1.C75CE666-2AA5-433C-BDA4-795B9A6FE8C3.h5,tcga_stad_uni2h/TCGA-STAD/features/TCGA-D7-A6F0-01Z-00-DX1.C75CE666-2AA5-433C-BDA4-795B9A6FE8C3.h5,55264952,True,"[1, 8865, 1536]","[1, 8865, 2]",coords,8865,1536,True,
TCGA-D7-A6F2-01Z-00-DX1.31D8B3CD-7F63-474F-9B1B-E884C4CA9C61,TCGA-D7-A6F2,TCGA-D7-A6F2-01Z-00-DX1.31D8B3CD-7F63-474F-9B1B-E884C4CA9C61.h5,tcga_stad_uni2h/TCGA-STAD/features/TCGA-D7-A6F2-01Z-00-DX1.31D8B3CD-7F63-474F-9B1B-E884C4CA9C61.h5,51543640,True,"[1, 8268, 1536]","[1, 8268, 2]",coords,8268,1536,True,
TCGA-D7-A747-01Z-00-DX1.A6BA5DAF-6220-4D85-B6DF-C0220FBA7170,TCGA-D7-A747,TCGA-D7-A747-01Z-00-DX1.A6BA5DAF-6220-4D85-B6DF-C0220FBA7170.h5,tcga_stad_uni2h/TCGA-STAD/features/TCGA-D7-A747-01Z-00-DX1.A6BA5DAF-6220-4D85-B6DF-C0220FBA7170.h5,43539728,True,"[1, 6983, 1536]","[1, 6983, 2]",coords,6983,1536,True,
TCGA-D7-A748-01Z-00-DX1.CB8D633A-4CF0-4CA8-A8FF-7E8D3A3C7E20,TCGA-D7-A748,TCGA-D7-A748-01Z-00-DX1.CB8D633A-4CF0-4CA8-A8FF-7E8D3A3C7E20.h5,tcga_stad_uni2h/TCGA-STAD/features/TCGA-D7-A748-01Z-00-DX1.CB8D633A-4CF0-4CA8-A8FF-7E8D3A3C7E20.h5,50415656,True,"[1, 8087, 1536]","[1, 8087, 2]",coords,8087,1536,True,
TCGA-D7-A74A-01Z-00-DX1.ED9A8AA2-7D69-462C-8544-587783F15DB5,TCGA-D7-A74A,TCGA-D7-A74A-01Z-00-DX1.ED9A8AA2-7D69-462C-8544-587783F15DB5.h5,tcga_stad_uni2h/TCGA-STAD/features/TCGA-D7-A74A-01Z-00-DX1.ED9A8AA2-7D69-462C-8544-587783F15DB5.h5,42900696,True,"[1, 6881, 1536]","[1, 6881, 2]",coords,6881,1536,True,
TCGA-D7-A74B-01Z-00-DX1.F7A13A7F-2812-43D9-A101-E1BFEA8B3454,TCGA-D7-A74B,TCGA-D7-A74B-01Z-00-DX1.F7A13A7F-2812-43D9-A101-E1BFEA8B3454.h5,tcga_stad_uni2h/TCGA-STAD/features/TCGA-D7-A74B-01Z-00-DX1.F7A13A7F-2812-43D9-A101-E1BFEA8B3454.h5,56072584,True,"[1, 8995, 1536]","[1, 8995, 2]",coords,8995,1536,True,
TCGA-EQ-5647-01Z-00-DX1.e71da6e6-dd3d-4fb3-b1ba-ada25e6319bb,TCGA-EQ-5647,TCGA-EQ-5647-01Z-00-DX1.e71da6e6-dd3d-4fb3-b1ba-ada25e6319bb.h5,tcga_stad_uni2h/TCGA-STAD/features/TCGA-EQ-5647-01Z-00-DX1.e71da6e6-dd3d-4fb3-b1ba-ada25e6319bb.h5,16109280,True,"[1, 2581, 1536]","[1, 2581, 2]",coords,2581,1536,True,
TCGA-EQ-A4SO-01Z-00-DX1.9A41602A-AAAE-4522-9DAB-73CF25FB8756,TCGA-EQ-A4SO,TCGA-EQ-A4SO-01Z-00-DX1.9A41602A-AAAE-4522-9DAB-73CF25FB8756.h5,tcga_stad_uni2h/TCGA-STAD/features/TCGA-EQ-A4SO-01Z-00-DX1.9A41602A-AAAE-4522-9DAB-73CF25FB8756.h5,22544296,True,"[1, 3614, 1536]","[1, 3614, 2]",coords,3614,1536,True,
TCGA-F1-6177-01Z-00-DX1.7687CABE-8984-4396-882C-978C15F66401,TCGA-F1-6177,TCGA-F1-6177-01Z-00-DX1.7687CABE-8984-4396-882C-978C15F66401.h5,tcga_stad_uni2h/TCGA-STAD/features/TCGA-F1-6177-01Z-00-DX1.7687CABE-8984-4396-882C-978C15F66401.h5,45714200,True,"[1, 7332, 1536]","[1, 7332, 2]",coords,7332,1536,True,
TCGA-F1-6874-01Z-00-DX1.3dfb0e10-3650-4c05-a27b-866fb6a304ff,TCGA-F1-6874,TCGA-F1-6874-01Z-00-DX1.3dfb0e10-3650-4c05-a27b-866fb6a304ff.h5,tcga_stad_uni2h/TCGA-STAD/features/TCGA-F1-6874-01Z-00-DX1.3dfb0e10-3650-4c05-a27b-866fb6a304ff.h5,45695696,True,"[1, 7329, 1536]","[1, 7329, 2]",coords,7329,1536,True,
TCGA-F1-6875-01Z-00-DX1.F9E009FF-3213-4CCC-9075-C04B1E62A524,TCGA-F1-6875,TCGA-F1-6875-01Z-00-DX1.F9E009FF-3213-4CCC-9075-C04B1E62A524.h5,tcga_stad_uni2h/TCGA-STAD/features/TCGA-F1-6875-01Z-00-DX1.F9E009FF-3213-4CCC-9075-C04B1E62A524.h5,2880464,True,"[1, 458, 1536]","[1, 458, 2]",coords,458,1536,True,
TCGA-F1-A448-01Z-00-DX1.FAEC839E-048D-4A33-9159-DECAEEA21777,TCGA-F1-A448,TCGA-F1-A448-01Z-00-DX1.FAEC839E-048D-4A33-9159-DECAEEA21777.h5,tcga_stad_uni2h/TCGA-STAD/features/TCGA-F1-A448-01Z-00-DX1.FAEC839E-048D-4A33-9159-DECAEEA21777.h5,48026984,True,"[1, 7703, 1536]","[1, 7703, 2]",coords,7703,1536,True,
TCGA-F1-A72C-01Z-00-DX1.9E02D497-97BD-401C-AFA1-AC2CFE3E8592,TCGA-F1-A72C,TCGA-F1-A72C-01Z-00-DX1.9E02D497-97BD-401C-AFA1-AC2CFE3E8592.h5,tcga_stad_uni2h/TCGA-STAD/features/TCGA-F1-A72C-01Z-00-DX1.9E02D497-97BD-401C-AFA1-AC2CFE3E8592.h5,25109032,True,"[1, 4025, 1536]","[1, 4025, 2]",coords,4025,1536,True,
TCGA-FP-7735-01Z-00-DX1.97aac46a-898e-4c43-8c93-1496f40c43ed,TCGA-FP-7735,TCGA-FP-7735-01Z-00-DX1.97aac46a-898e-4c43-8c93-1496f40c43ed.h5,tcga_stad_uni2h/TCGA-STAD/features/TCGA-FP-7735-01Z-00-DX1.97aac46a-898e-4c43-8c93-1496f40c43ed.h5,7641656,True,"[1, 1222, 1536]","[1, 1222, 2]",coords,1222,1536,True,
TCGA-FP-7829-01Z-00-DX1.22253191-e487-46f6-b743-d7c44ad01f4c,TCGA-FP-7829,TCGA-FP-7829-01Z-00-DX1.22253191-e487-46f6-b743-d7c44ad01f4c.h5,tcga_stad_uni2h/TCGA-STAD/features/TCGA-FP-7829-01Z-00-DX1.22253191-e487-46f6-b743-d7c44ad01f4c.h5,10886920,True,"[1, 1743, 1536]","[1, 1743, 2]",coords,1743,1536,True,
TCGA-FP-7916-01Z-00-DX1.6264d8c6-0ddb-4905-ad0c-146e380ddee1,TCGA-FP-7916,TCGA-FP-7916-01Z-00-DX1.6264d8c6-0ddb-4905-ad0c-146e380ddee1.h5,tcga_stad_uni2h/TCGA-STAD/features/TCGA-FP-7916-01Z-00-DX1.6264d8c6-0ddb-4905-ad0c-146e380ddee1.h5,15147464,True,"[1, 2427, 1536]","[1, 2427, 2]",coords,2427,1536,True,
TCGA-FP-7998-01Z-00-DX1.9f24585a-d609-4094-8170-b0f483606a18,TCGA-FP-7998,TCGA-FP-7998-01Z-00-DX1.9f24585a-d609-4094-8170-b0f483606a18.h5,tcga_stad_uni2h/TCGA-STAD/features/TCGA-FP-7998-01Z-00-DX1.9f24585a-d609-4094-8170-b0f483606a18.h5,5454848,True,"[1, 871, 1536]","[1, 871, 2]",coords,871,1536,True,
TCGA-FP-8099-01Z-00-DX1.82948449-f540-49f2-a99a-d66da5eaaf4e,TCGA-FP-8099,TCGA-FP-8099-01Z-00-DX1.82948449-f540-49f2-a99a-d66da5eaaf4e.h5,tcga_stad_uni2h/TCGA-STAD/features/TCGA-FP-8099-01Z-00-DX1.82948449-f540-49f2-a99a-d66da5eaaf4e.h5,4719744,True,"[1, 753, 1536]","[1, 753, 2]",coords,753,1536,True,
TCGA-FP-8209-01Z-00-DX1.a5e13081-1631-44d4-8d6a-c229a22c2311,TCGA-FP-8209,TCGA-FP-8209-01Z-00-DX1.a5e13081-1631-44d4-8d6a-c229a22c2311.h5,tcga_stad_uni2h/TCGA-STAD/features/TCGA-FP-8209-01Z-00-DX1.a5e13081-1631-44d4-8d6a-c229a22c2311.h5,18386608,True,"[1, 2947, 1536]","[1, 2947, 2]",coords,2947,1536,True,
TCGA-FP-8210-01Z-00-DX1.0ef0fd3f-5968-48ce-9e69-eaae83c29004,TCGA-FP-8210,TCGA-FP-8210-01Z-00-DX1.0ef0fd3f-5968-48ce-9e69-eaae83c29004.h5,tcga_stad_uni2h/TCGA-STAD/features/TCGA-FP-8210-01Z-00-DX1.0ef0fd3f-5968-48ce-9e69-eaae83c29004.h5,13628024,True,"[1, 2183, 1536]","[1, 2183, 2]",coords,2183,1536,True,
TCGA-FP-8211-01Z-00-DX1.3906261e-914c-4191-802c-f27f64840211,TCGA-FP-8211,TCGA-FP-8211-01Z-00-DX1.3906261e-914c-4191-802c-f27f64840211.h5,tcga_stad_uni2h/TCGA-STAD/features/TCGA-FP-8211-01Z-00-DX1.3906261e-914c-4191-802c-f27f64840211.h5,11726880,True,"[1, 1878, 1536]","[1, 1878, 2]",coords,1878,1536,True,
TCGA-FP-8631-01Z-00-DX1.8804336F-7DE6-4401-80B4-AEFA752C11B2,TCGA-FP-8631,TCGA-FP-8631-01Z-00-DX1.8804336F-7DE6-4401-80B4-AEFA752C11B2.h5,tcga_stad_uni2h/TCGA-STAD/features/TCGA-FP-8631-01Z-00-DX1.8804336F-7DE6-4401-80B4-AEFA752C11B2.h5,16697856,True,"[1, 2676, 1536]","[1, 2676, 2]",coords,2676,1536,True,
TCGA-FP-A4BE-01Z-00-DX1.813B0887-ED1F-48DD-A2E2-F14EB20D1F71,TCGA-FP-A4BE,TCGA-FP-A4BE-01Z-00-DX1.813B0887-ED1F-48DD-A2E2-F14EB20D1F71.h5,tcga_stad_uni2h/TCGA-STAD/features/TCGA-FP-A4BE-01Z-00-DX1.813B0887-ED1F-48DD-A2E2-F14EB20D1F71.h5,32602504,True,"[1, 5228, 1536]","[1, 5228, 2]",coords,5228,1536,True,
TCGA-FP-A4BF-01Z-00-DX1.D4E8128B-A783-45ED-BF0E-93650F9483EC,TCGA-FP-A4BF,TCGA-FP-A4BF-01Z-00-DX1.D4E8128B-A783-45ED-BF0E-93650F9483EC.h5,tcga_stad_uni2h/TCGA-STAD/features/TCGA-FP-A4BF-01Z-00-DX1.D4E8128B-A783-45ED-BF0E-93650F9483EC.h5,36875800,True,"[1, 5914, 1536]","[1, 5914, 2]",coords,5914,1536,True,
TCGA-FP-A8CX-01Z-00-DX1.AD598CBF-2E0F-4285-A2BB-E9CE0EE1873B,TCGA-FP-A8CX,TCGA-FP-A8CX-01Z-00-DX1.AD598CBF-2E0F-4285-A2BB-E9CE0EE1873B.h5,tcga_stad_uni2h/TCGA-STAD/features/TCGA-FP-A8CX-01Z-00-DX1.AD598CBF-2E0F-4285-A2BB-E9CE0EE1873B.h5,3098960,True,"[1, 493, 1536]","[1, 493, 2]",coords,493,1536,True,
TCGA-FP-A9TM-01Z-00-DX1.1BD7C378-9FDD-46F0-B546-BB255079AFAA,TCGA-FP-A9TM,TCGA-FP-A9TM-01Z-00-DX1.1BD7C378-9FDD-46F0-B546-BB255079AFAA.h5,tcga_stad_uni2h/TCGA-STAD/features/TCGA-FP-A9TM-01Z-00-DX1.1BD7C378-9FDD-46F0-B546-BB255079AFAA.h5,5860432,True,"[1, 936, 1536]","[1, 936, 2]",coords,936,1536,True,
TCGA-HF-7131-01Z-00-DX1.8A90BB8F-039E-41ED-9BB0-286F5CC9F6E4,TCGA-HF-7131,TCGA-HF-7131-01Z-00-DX1.8A90BB8F-039E-41ED-9BB0-286F5CC9F6E4.h5,tcga_stad_uni2h/TCGA-STAD/features/TCGA-HF-7131-01Z-00-DX1.8A90BB8F-039E-41ED-9BB0-286F5CC9F6E4.h5,31365176,True,"[1, 5029, 1536]","[1, 5029, 2]",coords,5029,1536,True,
TCGA-HF-7132-01Z-00-DX1.AD1CA78F-2AAA-41F2-93CE-6DF2AD60ED1A,TCGA-HF-7132,TCGA-HF-7132-01Z-00-DX1.AD1CA78F-2AAA-41F2-93CE-6DF2AD60ED1A.h5,tcga_stad_uni2h/TCGA-STAD/features/TCGA-HF-7132-01Z-00-DX1.AD1CA78F-2AAA-41F2-93CE-6DF2AD60ED1A.h5,8811168,True,"[1, 1410, 1536]","[1, 1410, 2]",coords,1410,1536,True,
TCGA-HF-7133-01Z-00-DX1.4F84AAFA-47F2-46AB-9F85-1129D441A9C0,TCGA-HF-7133,TCGA-HF-7133-01Z-00-DX1.4F84AAFA-47F2-46AB-9F85-1129D441A9C0.h5,tcga_stad_uni2h/TCGA-STAD/features/TCGA-HF-7133-01Z-00-DX1.4F84AAFA-47F2-46AB-9F85-1129D441A9C0.h5,20659720,True,"[1, 3312, 1536]","[1, 3312, 2]",coords,3312,1536,True,
TCGA-HF-7134-01Z-00-DX1.A84E2A6E-05F4-4A4B-8F64-9B9D1B33838E,TCGA-HF-7134,TCGA-HF-7134-01Z-00-DX1.A84E2A6E-05F4-4A4B-8F64-9B9D1B33838E.h5,tcga_stad_uni2h/TCGA-STAD/features/TCGA-HF-7134-01Z-00-DX1.A84E2A6E-05F4-4A4B-8F64-9B9D1B33838E.h5,32454472,True,"[1, 5204, 1536]","[1, 5204, 2]",coords,5204,1536,True,
TCGA-HF-7136-01Z-00-DX1.F8C07BE3-06C7-4202-97C6-10B81D322A16,TCGA-HF-7136,TCGA-HF-7136-01Z-00-DX1.F8C07BE3-06C7-4202-97C6-10B81D322A16.h5,tcga_stad_uni2h/TCGA-STAD/features/TCGA-HF-7136-01Z-00-DX1.F8C07BE3-06C7-4202-97C6-10B81D322A16.h5,23222952,True,"[1, 3722, 1536]","[1, 3722, 2]",coords,3722,1536,True,
TCGA-HF-A5NB-01Z-00-DX1.CA67064B-3281-4144-A2A2-E0BC43E6F8D6,TCGA-HF-A5NB,TCGA-HF-A5NB-01Z-00-DX1.CA67064B-3281-4144-A2A2-E0BC43E6F8D6.h5,tcga_stad_uni2h/TCGA-STAD/features/TCGA-HF-A5NB-01Z-00-DX1.CA67064B-3281-4144-A2A2-E0BC43E6F8D6.h5,14904296,True,"[1, 2388, 1536]","[1, 2388, 2]",coords,2388,1536,True,
TCGA-HJ-7597-01Z-00-DX1.4218e9a0-3ef1-4073-8336-1fe81c0bce90,TCGA-HJ-7597,TCGA-HJ-7597-01Z-00-DX1.4218e9a0-3ef1-4073-8336-1fe81c0bce90.h5,tcga_stad_uni2h/TCGA-STAD/features/TCGA-HJ-7597-01Z-00-DX1.4218e9a0-3ef1-4073-8336-1fe81c0bce90.h5,61699968,True,"[1, 9898, 1536]","[1, 9898, 2]",coords,9898,1536,True,
TCGA-HU-8238-01Z-00-DX1.AF6FFDFA-85F6-4E1A-AE1B-84A8BF8F12D2,TCGA-HU-8238,TCGA-HU-8238-01Z-00-DX1.AF6FFDFA-85F6-4E1A-AE1B-84A8BF8F12D2.h5,tcga_stad_uni2h/TCGA-STAD/features/TCGA-HU-8238-01Z-00-DX1.AF6FFDFA-85F6-4E1A-AE1B-84A8BF8F12D2.h5,63097010,True,"[1, 1400, 1536]","[1, 1400, 2]",coords,1400,1536,True,
TCGA-HU-8244-01Z-00-DX1.EF15C805-A823-46EA-B737-2EC4A8C5C278,TCGA-HU-8244,TCGA-HU-8244-01Z-00-DX1.EF15C805-A823-46EA-B737-2EC4A8C5C278.h5,tcga_stad_uni2h/TCGA-STAD/features/TCGA-HU-8244-01Z-00-DX1.EF15C805-A823-46EA-B737-2EC4A8C5C278.h5,72435152,True,"[1, 11621, 1536]","[1, 11621, 2]",coords,11621,1536,True,
TCGA-HU-8245-01Z-00-DX1.A744EA82-996C-4042-9CF6-27480217DBAF,TCGA-HU-8245,TCGA-HU-8245-01Z-00-DX1.A744EA82-996C-4042-9CF6-27480217DBAF.h5,tcga_stad_uni2h/TCGA-STAD/features/TCGA-HU-8245-01Z-00-DX1.A744EA82-996C-4042-9CF6-27480217DBAF.h5,30685584,True,"[1, 4920, 1536]","[1, 4920, 2]",coords,4920,1536,True,
TCGA-HU-8249-01Z-00-DX1.6579F0D5-6A05-49A3-9B30-68059599EADE,TCGA-HU-8249,TCGA-HU-8249-01Z-00-DX1.6579F0D5-6A05-49A3-9B30-68059599EADE.h5,tcga_stad_uni2h/TCGA-STAD/features/TCGA-HU-8249-01Z-00-DX1.6579F0D5-6A05-49A3-9B30-68059599EADE.h5,41094800,True,"[1, 6591, 1536]","[1, 6591, 2]",coords,6591,1536,True,
TCGA-HU-8604-01Z-00-DX1.F358D894-D9C4-49BF-8B9F-F80DA11BBC5A,TCGA-HU-8604,TCGA-HU-8604-01Z-00-DX1.F358D894-D9C4-49BF-8B9F-F80DA11BBC5A.h5,tcga_stad_uni2h/TCGA-STAD/features/TCGA-HU-8604-01Z-00-DX1.F358D894-D9C4-49BF-8B9F-F80DA11BBC5A.h5,39019016,True,"[1, 6258, 1536]","[1, 6258, 2]",coords,6258,1536,True,
TCGA-HU-8608-01Z-00-DX1.F40770A6-9384-4381-B6AD-2C488915E73F,TCGA-HU-8608,TCGA-HU-8608-01Z-00-DX1.F40770A6-9384-4381-B6AD-2C488915E73F.h5,tcga_stad_uni2h/TCGA-STAD/features/TCGA-HU-8608-01Z-00-DX1.F40770A6-9384-4381-B6AD-2C488915E73F.h5,57144864,True,"[1, 9167, 1536]","[1, 9167, 2]",coords,9167,1536,True,
TCGA-HU-8610-01Z-00-DX1.4F873939-3950-4201-B5DE-20A04A6C9F0D,TCGA-HU-8610,TCGA-HU-8610-01Z-00-DX1.4F873939-3950-4201-B5DE-20A04A6C9F0D.h5,tcga_stad_uni2h/TCGA-STAD/features/TCGA-HU-8610-01Z-00-DX1.4F873939-3950-4201-B5DE-20A04A6C9F0D.h5,5267192,True,"[1, 841, 1536]","[1, 841, 2]",coords,841,1536,True,
TCGA-HU-A4G2-01Z-00-DX1.3465DA31-CB55-4D7D-9897-34D2AD5497CB,TCGA-HU-A4G2,TCGA-HU-A4G2-01Z-00-DX1.3465DA31-CB55-4D7D-9897-34D2AD5497CB.h5,tcga_stad_uni2h/TCGA-STAD/features/TCGA-HU-A4G2-01Z-00-DX1.3465DA31-CB55-4D7D-9897-34D2AD5497CB.h5,77857504,True,"[1, 12491, 1536]","[1, 12491, 2]",coords,12491,1536,True,
TCGA-HU-A4G3-01Z-00-DX1.5D4EB0C7-8E14-41DC-AFF7-ECD43A89139B,TCGA-HU-A4G3,TCGA-HU-A4G3-01Z-00-DX1.5D4EB0C7-8E14-41DC-AFF7-ECD43A89139B.h5,tcga_stad_uni2h/TCGA-STAD/features/TCGA-HU-A4G3-01Z-00-DX1.5D4EB0C7-8E14-41DC-AFF7-ECD43A89139B.h5,3154472,True,"[1, 502, 1536]","[1, 502, 2]",coords,502,1536,True,
TCGA-HU-A4G6-01Z-00-DX1.83F4504C-B632-4B15-9978-A007C2118563,TCGA-HU-A4G6,TCGA-HU-A4G6-01Z-00-DX1.83F4504C-B632-4B15-9978-A007C2118563.h5,tcga_stad_uni2h/TCGA-STAD/features/TCGA-HU-A4G6-01Z-00-DX1.83F4504C-B632-4B15-9978-A007C2118563.h5,64861496,True,"[1, 10405, 1536]","[1, 10405, 2]",coords,10405,1536,True,
TCGA-HU-A4G8-01Z-00-DX1.EE169E90-3A32-4210-95EF-0B94083112EC,TCGA-HU-A4G8,TCGA-HU-A4G8-01Z-00-DX1.EE169E90-3A32-4210-95EF-0B94083112EC.h5,tcga_stad_uni2h/TCGA-STAD/features/TCGA-HU-A4G8-01Z-00-DX1.EE169E90-3A32-4210-95EF-0B94083112EC.h5,37194616,True,"[1, 5965, 1536]","[1, 5965, 2]",coords,5965,1536,True,
TCGA-HU-A4G9-01Z-00-DX1.806F4C5A-D2F8-4457-B6F9-99B67105C676,TCGA-HU-A4G9,TCGA-HU-A4G9-01Z-00-DX1.806F4C5A-D2F8-4457-B6F9-99B67105C676.h5,tcga_stad_uni2h/TCGA-STAD/features/TCGA-HU-A4G9-01Z-00-DX1.806F4C5A-D2F8-4457-B6F9-99B67105C676.h5,3436624,True,"[1, 547, 1536]","[1, 547, 2]",coords,547,1536,True,
TCGA-HU-A4GC-01Z-00-DX1.A4B077E3-E5D0-4120-9C72-87BDACF9AC14,TCGA-HU-A4GC,TCGA-HU-A4GC-01Z-00-DX1.A4B077E3-E5D0-4120-9C72-87BDACF9AC14.h5,tcga_stad_uni2h/TCGA-STAD/features/TCGA-HU-A4GC-01Z-00-DX1.A4B077E3-E5D0-4120-9C72-87BDACF9AC14.h5,2701592,True,"[1, 429, 1536]","[1, 429, 2]",coords,429,1536,True,
TCGA-HU-A4GD-01Z-00-DX1.7CF261C2-D7FE-4D42-BC4B-BC86B7A802DB,TCGA-HU-A4GD,TCGA-HU-A4GD-01Z-00-DX1.7CF261C2-D7FE-4D42-BC4B-BC86B7A802DB.h5,tcga_stad_uni2h/TCGA-STAD/features/TCGA-HU-A4GD-01Z-00-DX1.7CF261C2-D7FE-4D42-BC4B-BC86B7A802DB.h5,4556760,True,"[1, 727, 1536]","[1, 727, 2]",coords,727,1536,True,
TCGA-HU-A4GF-01Z-00-DX1.2754343C-7875-42C4-B4E3-D2B8666B1E47,TCGA-HU-A4GF,TCGA-HU-A4GF-01Z-00-DX1.2754343C-7875-42C4-B4E3-D2B8666B1E47.h5,tcga_stad_uni2h/TCGA-STAD/features/TCGA-HU-A4GF-01Z-00-DX1.2754343C-7875-42C4-B4E3-D2B8666B1E47.h5,7579976,True,"[1, 1212, 1536]","[1, 1212, 2]",coords,1212,1536,True,
TCGA-HU-A4GH-01Z-00-DX1.0BACDE08-5613-428E-BDBE-F2D0D80FD0E4,TCGA-HU-A4GH,TCGA-HU-A4GH-01Z-00-DX1.0BACDE08-5613-428E-BDBE-F2D0D80FD0E4.h5,tcga_stad_uni2h/TCGA-STAD/features/TCGA-HU-A4GH-01Z-00-DX1.0BACDE08-5613-428E-BDBE-F2D0D80FD0E4.h5,5584376,True,"[1, 892, 1536]","[1, 892, 2]",coords,892,1536,True,
TCGA-HU-A4GJ-01Z-00-DX1.31E71066-5B7B-4866-97A0-0B7B03E6B4B6,TCGA-HU-A4GJ,TCGA-HU-A4GJ-01Z-00-DX1.31E71066-5B7B-4866-97A0-0B7B03E6B4B6.h5,tcga_stad_uni2h/TCGA-STAD/features/TCGA-HU-A4GJ-01Z-00-DX1.31E71066-5B7B-4866-97A0-0B7B03E6B4B6.h5,7734176,True,"[1, 1237, 1536]","[1, 1237, 2]",coords,1237,1536,True,
TCGA-HU-A4GN-01Z-00-DX1.32C8DEA0-3B31-42D7-B3FA-D86DF06F7BC3,TCGA-HU-A4GN,TCGA-HU-A4GN-01Z-00-DX1.32C8DEA0-3B31-42D7-B3FA-D86DF06F7BC3.h5,tcga_stad_uni2h/TCGA-STAD/features/TCGA-HU-A4GN-01Z-00-DX1.32C8DEA0-3B31-42D7-B3FA-D86DF06F7BC3.h5,6607872,True,"[1, 1056, 1536]","[1, 1056, 2]",coords,1056,1536,True,
TCGA-HU-A4GP-01Z-00-DX1.2028C25D-2547-4CF3-9863-DEA1DCBD0DE8,TCGA-HU-A4GP,TCGA-HU-A4GP-01Z-00-DX1.2028C25D-2547-4CF3-9863-DEA1DCBD0DE8.h5,tcga_stad_uni2h/TCGA-STAD/features/TCGA-HU-A4GP-01Z-00-DX1.2028C25D-2547-4CF3-9863-DEA1DCBD0DE8.h5,9540072,True,"[1, 1527, 1536]","[1, 1527, 2]",coords,1527,1536,True,
TCGA-HU-A4GQ-01Z-00-DX1.699A0E57-FE02-4329-9826-3EFC2DECD408,TCGA-HU-A4GQ,TCGA-HU-A4GQ-01Z-00-DX1.699A0E57-FE02-4329-9826-3EFC2DECD408.h5,tcga_stad_uni2h/TCGA-STAD/features/TCGA-HU-A4GQ-01Z-00-DX1.699A0E57-FE02-4329-9826-3EFC2DECD408.h5,27843856,True,"[1, 4464, 1536]","[1, 4464, 2]",coords,4464,1536,True,
TCGA-HU-A4GT-01Z-00-DX1.F4DD9EAC-8CB8-430A-BF7B-1D43C17FEF61,TCGA-HU-A4GT,TCGA-HU-A4GT-01Z-00-DX1.F4DD9EAC-8CB8-430A-BF7B-1D43C17FEF61.h5,tcga_stad_uni2h/TCGA-STAD/features/TCGA-HU-A4GT-01Z-00-DX1.F4DD9EAC-8CB8-430A-BF7B-1D43C17FEF61.h5,23993112,True,"[1, 3846, 1536]","[1, 3846, 2]",coords,3846,1536,True,
TCGA-HU-A4GU-01Z-00-DX1.3D4767B4-DDCB-4D80-A810-144427E73EDE,TCGA-HU-A4GU,TCGA-HU-A4GU-01Z-00-DX1.3D4767B4-DDCB-4D80-A810-144427E73EDE.h5,tcga_stad_uni2h/TCGA-STAD/features/TCGA-HU-A4GU-01Z-00-DX1.3D4767B4-DDCB-4D80-A810-144427E73EDE.h5,10367696,True,"[1, 1660, 1536]","[1, 1660, 2]",coords,1660,1536,True,
TCGA-HU-A4GX-01Z-00-DX1.0F1A15D3-2C6A-4F16-8D9D-CF44179AB161,TCGA-HU-A4GX,TCGA-HU-A4GX-01Z-00-DX1.0F1A15D3-2C6A-4F16-8D9D-CF44179AB161.h5,tcga_stad_uni2h/TCGA-STAD/features/TCGA-HU-A4GX-01Z-00-DX1.0F1A15D3-2C6A-4F16-8D9D-CF44179AB161.h5,30384984,True,"[1, 4872, 1536]","[1, 4872, 2]",coords,4872,1536,True,
TCGA-HU-A4GY-01Z-00-DX1.79A487FD-BA95-4051-8E4B-BE1502946F4F,TCGA-HU-A4GY,TCGA-HU-A4GY-01Z-00-DX1.79A487FD-BA95-4051-8E4B-BE1502946F4F.h5,tcga_stad_uni2h/TCGA-STAD/features/TCGA-HU-A4GY-01Z-00-DX1.79A487FD-BA95-4051-8E4B-BE1502946F4F.h5,1465768,True,"[1, 231, 1536]","[1, 231, 2]",coords,231,1536,True,
TCGA-HU-A4H0-01Z-00-DX1.85BE7D40-ECB6-4450-B7B0-C65BE5495784,TCGA-HU-A4H0,TCGA-HU-A4H0-01Z-00-DX1.85BE7D40-ECB6-4450-B7B0-C65BE5495784.h5,tcga_stad_uni2h/TCGA-STAD/features/TCGA-HU-A4H0-01Z-00-DX1.85BE7D40-ECB6-4450-B7B0-C65BE5495784.h5,87657592,True,"[1, 14064, 1536]","[1, 14064, 2]",coords,14064,1536,True,
TCGA-HU-A4H5-01Z-00-DX1.3A56E0D3-7813-4708-9A69-37D141533C2A,TCGA-HU-A4H5,TCGA-HU-A4H5-01Z-00-DX1.3A56E0D3-7813-4708-9A69-37D141533C2A.h5,tcga_stad_uni2h/TCGA-STAD/features/TCGA-HU-A4H5-01Z-00-DX1.3A56E0D3-7813-4708-9A69-37D141533C2A.h5,50073432,True,"[1, 8032, 1536]","[1, 8032, 2]",coords,8032,1536,True,
TCGA-HU-A4H6-01Z-00-DX1.0DD51B66-A983-44F4-9753-03ED9C606E77,TCGA-HU-A4H6,TCGA-HU-A4H6-01Z-00-DX1.0DD51B66-A983-44F4-9753-03ED9C606E77.h5,tcga_stad_uni2h/TCGA-STAD/features/TCGA-HU-A4H6-01Z-00-DX1.0DD51B66-A983-44F4-9753-03ED9C606E77.h5,80933616,True,"[1, 12985, 1536]","[1, 12985, 2]",coords,12985,1536,True,
TCGA-HU-A4H8-01Z-00-DX1.8FEBBDCF-4E6A-4D90-8DEA-5E1D031DD50A,TCGA-HU-A4H8,TCGA-HU-A4H8-01Z-00-DX1.8FEBBDCF-4E6A-4D90-8DEA-5E1D031DD50A.h5,tcga_stad_uni2h/TCGA-STAD/features/TCGA-HU-A4H8-01Z-00-DX1.8FEBBDCF-4E6A-4D90-8DEA-5E1D031DD50A.h5,10642344,True,"[1, 1704, 1536]","[1, 1704, 2]",coords,1704,1536,True,
TCGA-HU-A4HB-01Z-00-DX1.445FEB47-B91A-4186-BBE0-01FB7AA6A72F,TCGA-HU-A4HB,TCGA-HU-A4HB-01Z-00-DX1.445FEB47-B91A-4186-BBE0-01FB7AA6A72F.h5,tcga_stad_uni2h/TCGA-STAD/features/TCGA-HU-A4HB-01Z-00-DX1.445FEB47-B91A-4186-BBE0-01FB7AA6A72F.h5,1616416,True,"[1, 255, 1536]","[1, 255, 2]",coords,255,1536,True,
TCGA-HU-A4HD-01Z-00-DX1.A6BA5209-C593-4B87-ADD0-65E05072294B,TCGA-HU-A4HD,TCGA-HU-A4HD-01Z-00-DX1.A6BA5209-C593-4B87-ADD0-65E05072294B.h5,tcga_stad_uni2h/TCGA-STAD/features/TCGA-HU-A4HD-01Z-00-DX1.A6BA5209-C593-4B87-ADD0-65E05072294B.h5,4843184,True,"[1, 773, 1536]","[1, 773, 2]",coords,773,1536,True,
TCGA-IN-7806-01Z-00-DX1.2e7288fd-e149-4d4f-9d63-dd2e2f91d4f8,TCGA-IN-7806,TCGA-IN-7806-01Z-00-DX1.2e7288fd-e149-4d4f-9d63-dd2e2f91d4f8.h5,tcga_stad_uni2h/TCGA-STAD/features/TCGA-IN-7806-01Z-00-DX1.2e7288fd-e149-4d4f-9d63-dd2e2f91d4f8.h5,53395328,True,"[1, 8565, 1536]","[1, 8565, 2]",coords,8565,1536,True,
TCGA-IN-7808-01Z-00-DX1.0aacd7e2-1454-4aa4-866b-b142fa04e619,TCGA-IN-7808,TCGA-IN-7808-01Z-00-DX1.0aacd7e2-1454-4aa4-866b-b142fa04e619.h5,tcga_stad_uni2h/TCGA-STAD/features/TCGA-IN-7808-01Z-00-DX1.0aacd7e2-1454-4aa4-866b-b142fa04e619.h5,66568704,True,"[1, 10679, 1536]","[1, 10679, 2]",coords,10679,1536,True,
TCGA-IN-8663-01Z-00-DX1.39719DC6-1441-4E0F-BB5E-656CCDAC13D5,TCGA-IN-8663,TCGA-IN-8663-01Z-00-DX1.39719DC6-1441-4E0F-BB5E-656CCDAC13D5.h5,tcga_stad_uni2h/TCGA-STAD/features/TCGA-IN-8663-01Z-00-DX1.39719DC6-1441-4E0F-BB5E-656CCDAC13D5.h5,63069536,True,"[1, 10118, 1536]","[1, 10118, 2]",coords,10118,1536,True,
TCGA-IP-7968-01Z-00-DX1.0ECCB946-BE56-4E79-A3B1-571EA929D95A,TCGA-IP-7968,TCGA-IP-7968-01Z-00-DX1.0ECCB946-BE56-4E79-A3B1-571EA929D95A.h5,tcga_stad_uni2h/TCGA-STAD/features/TCGA-IP-7968-01Z-00-DX1.0ECCB946-BE56-4E79-A3B1-571EA929D95A.h5,17297264,True,"[1, 2772, 1536]","[1, 2772, 2]",coords,2772,1536,True,
TCGA-KB-A6F5-01Z-00-DX1.7EBE81C7-178C-41EB-8DFA-27770A9DF630,TCGA-KB-A6F5,TCGA-KB-A6F5-01Z-00-DX1.7EBE81C7-178C-41EB-8DFA-27770A9DF630.h5,tcga_stad_uni2h/TCGA-STAD/features/TCGA-KB-A6F5-01Z-00-DX1.7EBE81C7-178C-41EB-8DFA-27770A9DF630.h5,63930776,True,"[1, 10256, 1536]","[1, 10256, 2]",coords,10256,1536,True,
TCGA-KB-A6F7-01Z-00-DX1.9F7267C3-B50D-4366-9050-DE8E0EB708EA,TCGA-KB-A6F7,TCGA-KB-A6F7-01Z-00-DX1.9F7267C3-B50D-4366-9050-DE8E0EB708EA.h5,tcga_stad_uni2h/TCGA-STAD/features/TCGA-KB-A6F7-01Z-00-DX1.9F7267C3-B50D-4366-9050-DE8E0EB708EA.h5,58362184,True,"[1, 9362, 1536]","[1, 9362, 2]",coords,9362,1536,True,
TCGA-KB-A93G-01Z-00-DX1.050F4602-DD6F-4E97-ACA8-3DE040485467,TCGA-KB-A93G,TCGA-KB-A93G-01Z-00-DX1.050F4602-DD6F-4E97-ACA8-3DE040485467.h5,tcga_stad_uni2h/TCGA-STAD/features/TCGA-KB-A93G-01Z-00-DX1.050F4602-DD6F-4E97-ACA8-3DE040485467.h5,48479864,True,"[1, 7776, 1536]","[1, 7776, 2]",coords,7776,1536,True,
TCGA-KB-A93H-01Z-00-DX1.6DDC5002-539A-4F47-BB74-524C3FFBB700,TCGA-KB-A93H,TCGA-KB-A93H-01Z-00-DX1.6DDC5002-539A-4F47-BB74-524C3FFBB700.h5,tcga_stad_uni2h/TCGA-STAD/features/TCGA-KB-A93H-01Z-00-DX1.6DDC5002-539A-4F47-BB74-524C3FFBB700.h5,21489960,True,"[1, 3445, 1536]","[1, 3445, 2]",coords,3445,1536,True,
TCGA-KB-A93J-01Z-00-DX1.CF87A80C-609E-4064-9C59-BD2A211A886A,TCGA-KB-A93J,TCGA-KB-A93J-01Z-00-DX1.CF87A80C-609E-4064-9C59-BD2A211A886A.h5,tcga_stad_uni2h/TCGA-STAD/features/TCGA-KB-A93J-01Z-00-DX1.CF87A80C-609E-4064-9C59-BD2A211A886A.h5,11449320,True,"[1, 1833, 1536]","[1, 1833, 2]",coords,1833,1536,True,
TCGA-MX-A5UG-01Z-00-DX1.DEA1C553-B7E9-4663-A02B-51C31411C7C3,TCGA-MX-A5UG,TCGA-MX-A5UG-01Z-00-DX1.DEA1C553-B7E9-4663-A02B-51C31411C7C3.h5,tcga_stad_uni2h/TCGA-STAD/features/TCGA-MX-A5UG-01Z-00-DX1.DEA1C553-B7E9-4663-A02B-51C31411C7C3.h5,1151200,True,"[1, 180, 1536]","[1, 180, 2]",coords,180,1536,True,
TCGA-MX-A5UJ-01Z-00-DX1.936F7641-740B-4246-BB2D-C8443501CF50,TCGA-MX-A5UJ,TCGA-MX-A5UJ-01Z-00-DX1.936F7641-740B-4246-BB2D-C8443501CF50.h5,tcga_stad_uni2h/TCGA-STAD/features/TCGA-MX-A5UJ-01Z-00-DX1.936F7641-740B-4246-BB2D-C8443501CF50.h5,18337216,True,"[1, 2939, 1536]","[1, 2939, 2]",coords,2939,1536,True,
TCGA-MX-A663-01Z-00-DX1.EBDF2119-63E3-4DA5-B661-440A461904BE,TCGA-MX-A663,TCGA-MX-A663-01Z-00-DX1.EBDF2119-63E3-4DA5-B661-440A461904BE.h5,tcga_stad_uni2h/TCGA-STAD/features/TCGA-MX-A663-01Z-00-DX1.EBDF2119-63E3-4DA5-B661-440A461904BE.h5,2590568,True,"[1, 411, 1536]","[1, 411, 2]",coords,411,1536,True,
TCGA-MX-A666-01Z-00-DX1.BBF0F62A-803E-4D05-A8A4-454D7BA15941,TCGA-MX-A666,TCGA-MX-A666-01Z-00-DX1.BBF0F62A-803E-4D05-A8A4-454D7BA15941.h5,tcga_stad_uni2h/TCGA-STAD/features/TCGA-MX-A666-01Z-00-DX1.BBF0F62A-803E-4D05-A8A4-454D7BA15941.h5,4556760,True,"[1, 727, 1536]","[1, 727, 2]",coords,727,1536,True,
TCGA-R5-A7O7-01Z-00-DX1.89156AC0-4A5F-481D-9D5A-76B3751585F7,TCGA-R5-A7O7,TCGA-R5-A7O7-01Z-00-DX1.89156AC0-4A5F-481D-9D5A-76B3751585F7.h5,tcga_stad_uni2h/TCGA-STAD/features/TCGA-R5-A7O7-01Z-00-DX1.89156AC0-4A5F-481D-9D5A-76B3751585F7.h5,5897440,True,"[1, 942, 1536]","[1, 942, 2]",coords,942,1536,True,
TCGA-R5-A7ZE-01Z-00-DX1.0E7DCE3F-E2A1-4F98-BEBF-E08DF2BF2FF3,TCGA-R5-A7ZE,TCGA-R5-A7ZE-01Z-00-DX1.0E7DCE3F-E2A1-4F98-BEBF-E08DF2BF2FF3.h5,tcga_stad_uni2h/TCGA-STAD/features/TCGA-R5-A7ZE-01Z-00-DX1.0E7DCE3F-E2A1-4F98-BEBF-E08DF2BF2FF3.h5,7660160,True,"[1, 1225, 1536]","[1, 1225, 2]",coords,1225,1536,True,
TCGA-R5-A7ZF-01Z-00-DX1.F08C5EC7-7292-4FD6-92FF-73192329C2B5,TCGA-R5-A7ZF,TCGA-R5-A7ZF-01Z-00-DX1.F08C5EC7-7292-4FD6-92FF-73192329C2B5.h5,tcga_stad_uni2h/TCGA-STAD/features/TCGA-R5-A7ZF-01Z-00-DX1.F08C5EC7-7292-4FD6-92FF-73192329C2B5.h5,8737120,True,"[1, 1398, 1536]","[1, 1398, 2]",coords,1398,1536,True,
TCGA-R5-A7ZI-01Z-00-DX1.3A4A56F1-1CFD-441D-85F3-52DDA0B346A5,TCGA-R5-A7ZI,TCGA-R5-A7ZI-01Z-00-DX1.3A4A56F1-1CFD-441D-85F3-52DDA0B346A5.h5,tcga_stad_uni2h/TCGA-STAD/features/TCGA-R5-A7ZI-01Z-00-DX1.3A4A56F1-1CFD-441D-85F3-52DDA0B346A5.h5,24586256,True,"[1, 3941, 1536]","[1, 3941, 2]",coords,3941,1536,True,
TCGA-R5-A7ZR-01Z-00-DX1.3E6B0708-D1AF-422F-B7F8-BBCCCEEE89B7,TCGA-R5-A7ZR,TCGA-R5-A7ZR-01Z-00-DX1.3E6B0708-D1AF-422F-B7F8-BBCCCEEE89B7.h5,tcga_stad_uni2h/TCGA-STAD/features/TCGA-R5-A7ZR-01Z-00-DX1.3E6B0708-D1AF-422F-B7F8-BBCCCEEE89B7.h5,6681888,True,"[1, 1068, 1536]","[1, 1068, 2]",coords,1068,1536,True,
TCGA-R5-A804-01Z-00-DX1.D1DDC2EE-C3ED-4502-B1C1-71D5585E9470,TCGA-R5-A804,TCGA-R5-A804-01Z-00-DX1.D1DDC2EE-C3ED-4502-B1C1-71D5585E9470.h5,tcga_stad_uni2h/TCGA-STAD/features/TCGA-R5-A804-01Z-00-DX1.D1DDC2EE-C3ED-4502-B1C1-71D5585E9470.h5,7703336,True,"[1, 1232, 1536]","[1, 1232, 2]",coords,1232,1536,True,
TCGA-R5-A805-01Z-00-DX1.855298CD-DC64-4423-ABB1-D7AC92BF5177,TCGA-R5-A805,TCGA-R5-A805-01Z-00-DX1.855298CD-DC64-4423-ABB1-D7AC92BF5177.h5,tcga_stad_uni2h/TCGA-STAD/features/TCGA-R5-A805-01Z-00-DX1.855298CD-DC64-4423-ABB1-D7AC92BF5177.h5,7205232,True,"[1, 1152, 1536]","[1, 1152, 2]",coords,1152,1536,True,
TCGA-RD-A7BS-01Z-00-DX1.F236D43D-0072-47C7-A4D5-6928932D4C9F,TCGA-RD-A7BS,TCGA-RD-A7BS-01Z-00-DX1.F236D43D-0072-47C7-A4D5-6928932D4C9F.h5,tcga_stad_uni2h/TCGA-STAD/features/TCGA-RD-A7BS-01Z-00-DX1.F236D43D-0072-47C7-A4D5-6928932D4C9F.h5,196033272,True,"[1, 31458, 1536]","[1, 31458, 2]",coords,31458,1536,True,
TCGA-RD-A7BT-01Z-00-DX1.1B0308B0-27EA-43A7-BE89-C5F7831AF243,TCGA-RD-A7BT,TCGA-RD-A7BT-01Z-00-DX1.1B0308B0-27EA-43A7-BE89-C5F7831AF243.h5,tcga_stad_uni2h/TCGA-STAD/features/TCGA-RD-A7BT-01Z-00-DX1.1B0308B0-27EA-43A7-BE89-C5F7831AF243.h5,138013128,True,"[1, 22146, 1536]","[1, 22146, 2]",coords,22146,1536,True,
TCGA-RD-A7BW-01Z-00-DX1.C8C51F10-BD65-44AC-BC95-4ED8D017D908,TCGA-RD-A7BW,TCGA-RD-A7BW-01Z-00-DX1.C8C51F10-BD65-44AC-BC95-4ED8D017D908.h5,tcga_stad_uni2h/TCGA-STAD/features/TCGA-RD-A7BW-01Z-00-DX1.C8C51F10-BD65-44AC-BC95-4ED8D017D908.h5,134432144,True,"[1, 21571, 1536]","[1, 21571, 2]",coords,21571,1536,True,
TCGA-RD-A7C1-01Z-00-DX1.217B7632-39AC-41E1-8491-20C700B08AEC,TCGA-RD-A7C1,TCGA-RD-A7C1-01Z-00-DX1.217B7632-39AC-41E1-8491-20C700B08AEC.h5,tcga_stad_uni2h/TCGA-STAD/features/TCGA-RD-A7C1-01Z-00-DX1.217B7632-39AC-41E1-8491-20C700B08AEC.h5,119320728,True,"[1, 19146, 1536]","[1, 19146, 2]",coords,19146,1536,True,
TCGA-RD-A8MV-01Z-00-DX1.E658A7D1-8A6A-4BE9-9C89-07B60E9F8983,TCGA-RD-A8MV,TCGA-RD-A8MV-01Z-00-DX1.E658A7D1-8A6A-4BE9-9C89-07B60E9F8983.h5,tcga_stad_uni2h/TCGA-STAD/features/TCGA-RD-A8MV-01Z-00-DX1.E658A7D1-8A6A-4BE9-9C89-07B60E9F8983.h5,179884520,True,"[1, 28866, 1536]","[1, 28866, 2]",coords,28866,1536,True,
TCGA-RD-A8MW-01Z-00-DX1.30EE6F24-3983-4793-9EF6-059B9AF53F24,TCGA-RD-A8MW,TCGA-RD-A8MW-01Z-00-DX1.30EE6F24-3983-4793-9EF6-059B9AF53F24.h5,tcga_stad_uni2h/TCGA-STAD/features/TCGA-RD-A8MW-01Z-00-DX1.30EE6F24-3983-4793-9EF6-059B9AF53F24.h5,131149872,True,"[1, 21044, 1536]","[1, 21044, 2]",coords,21044,1536,True,
TCGA-RD-A8N0-01Z-00-DX1.4C91480F-E7D8-4E37-B528-F5E272F2F8CA,TCGA-RD-A8N0,TCGA-RD-A8N0-01Z-00-DX1.4C91480F-E7D8-4E37-B528-F5E272F2F8CA.h5,tcga_stad_uni2h/TCGA-STAD/features/TCGA-RD-A8N0-01Z-00-DX1.4C91480F-E7D8-4E37-B528-F5E272F2F8CA.h5,155061984,True,"[1, 24882, 1536]","[1, 24882, 2]",coords,24882,1536,True,
TCGA-RD-A8N1-01Z-00-DX1.A5D023FB-CBF8-477C-B5D1-8281BAA25E2E,TCGA-RD-A8N1,TCGA-RD-A8N1-01Z-00-DX1.A5D023FB-CBF8-477C-B5D1-8281BAA25E2E.h5,tcga_stad_uni2h/TCGA-STAD/features/TCGA-RD-A8N1-01Z-00-DX1.A5D023FB-CBF8-477C-B5D1-8281BAA25E2E.h5,113789968,True,"[1, 18258, 1536]","[1, 18258, 2]",coords,18258,1536,True,
TCGA-RD-A8N2-01Z-00-DX1.A56448E6-1C5E-4758-AC2E-4591A406116C,TCGA-RD-A8N2,TCGA-RD-A8N2-01Z-00-DX1.A56448E6-1C5E-4758-AC2E-4591A406116C.h5,tcga_stad_uni2h/TCGA-STAD/features/TCGA-RD-A8N2-01Z-00-DX1.A56448E6-1C5E-4758-AC2E-4591A406116C.h5,100447440,True,"[1, 16117, 1536]","[1, 16117, 2]",coords,16117,1536,True,
TCGA-RD-A8N4-01Z-00-DX1.03EBE393-9145-4F25-AA4C-E637B6A2A111,TCGA-RD-A8N4,TCGA-RD-A8N4-01Z-00-DX1.03EBE393-9145-4F25-AA4C-E637B6A2A111.h5,tcga_stad_uni2h/TCGA-STAD/features/TCGA-RD-A8N4-01Z-00-DX1.03EBE393-9145-4F25-AA4C-E637B6A2A111.h5,87420592,True,"[1, 14026, 1536]","[1, 14026, 2]",coords,14026,1536,True,
TCGA-RD-A8N5-01Z-00-DX1.EFF443CB-E494-4746-AD03-6C20FCAEB427,TCGA-RD-A8N5,TCGA-RD-A8N5-01Z-00-DX1.EFF443CB-E494-4746-AD03-6C20FCAEB427.h5,tcga_stad_uni2h/TCGA-STAD/features/TCGA-RD-A8N5-01Z-00-DX1.EFF443CB-E494-4746-AD03-6C20FCAEB427.h5,72074792,True,"[1, 11563, 1536]","[1, 11563, 2]",coords,11563,1536,True,
TCGA-RD-A8N6-01Z-00-DX1.E51FADB4-1A2E-415D-9C91-F81705311147,TCGA-RD-A8N6,TCGA-RD-A8N6-01Z-00-DX1.E51FADB4-1A2E-415D-9C91-F81705311147.h5,tcga_stad_uni2h/TCGA-STAD/features/TCGA-RD-A8N6-01Z-00-DX1.E51FADB4-1A2E-415D-9C91-F81705311147.h5,113061032,True,"[1, 18141, 1536]","[1, 18141, 2]",coords,18141,1536,True,
TCGA-RD-A8N9-01Z-00-DX1.70899C63-3C5D-4993-8215-F7452ADE134D,TCGA-RD-A8N9,TCGA-RD-A8N9-01Z-00-DX1.70899C63-3C5D-4993-8215-F7452ADE134D.h5,tcga_stad_uni2h/TCGA-STAD/features/TCGA-RD-A8N9-01Z-00-DX1.70899C63-3C5D-4993-8215-F7452ADE134D.h5,162232104,True,"[1, 26033, 1536]","[1, 26033, 2]",coords,26033,1536,True,
TCGA-RD-A8NB-01Z-00-DX1.FA45D4EF-D5FA-407A-9BF1-44C2A6326F3A,TCGA-RD-A8NB,TCGA-RD-A8NB-01Z-00-DX1.FA45D4EF-D5FA-407A-9BF1-44C2A6326F3A.h5,tcga_stad_uni2h/TCGA-STAD/features/TCGA-RD-A8NB-01Z-00-DX1.FA45D4EF-D5FA-407A-9BF1-44C2A6326F3A.h5,78073384,True,"[1, 12526, 1536]","[1, 12526, 2]",coords,12526,1536,True,
TCGA-SW-A7EA-01Z-00-DX1.C5E1BE0E-0A25-4480-A3AC-DB2ED7471A4E,TCGA-SW-A7EA,TCGA-SW-A7EA-01Z-00-DX1.C5E1BE0E-0A25-4480-A3AC-DB2ED7471A4E.h5,tcga_stad_uni2h/TCGA-STAD/features/TCGA-SW-A7EA-01Z-00-DX1.C5E1BE0E-0A25-4480-A3AC-DB2ED7471A4E.h5,24503456,True,"[1, 3928, 1536]","[1, 3928, 2]",coords,3928,1536,True,
TCGA-SW-A7EB-01Z-00-DX1.E9DE72F8-706D-43E2-A67E-7EDD39A509EB,TCGA-SW-A7EB,TCGA-SW-A7EB-01Z-00-DX1.E9DE72F8-706D-43E2-A67E-7EDD39A509EB.h5,tcga_stad_uni2h/TCGA-STAD/features/TCGA-SW-A7EB-01Z-00-DX1.E9DE72F8-706D-43E2-A67E-7EDD39A509EB.h5,29511440,True,"[1, 4732, 1536]","[1, 4732, 2]",coords,4732,1536,True,
TCGA-VQ-A8DL-01Z-00-DX1.E720AE39-654E-4587-A294-2ED2BCE6F043,TCGA-VQ-A8DL,TCGA-VQ-A8DL-01Z-00-DX1.E720AE39-654E-4587-A294-2ED2BCE6F043.h5,tcga_stad_uni2h/TCGA-STAD/features/TCGA-VQ-A8DL-01Z-00-DX1.E720AE39-654E-4587-A294-2ED2BCE6F043.h5,85104256,True,"[1, 13654, 1536]","[1, 13654, 2]",coords,13654,1536,True,
TCGA-VQ-A8DT-01Z-00-DX1.C87953F7-A303-410E-9554-2022A79AF6CC,TCGA-VQ-A8DT,TCGA-VQ-A8DT-01Z-00-DX1.C87953F7-A303-410E-9554-2022A79AF6CC.h5,tcga_stad_uni2h/TCGA-STAD/features/TCGA-VQ-A8DT-01Z-00-DX1.C87953F7-A303-410E-9554-2022A79AF6CC.h5,98903216,True,"[1, 15869, 1536]","[1, 15869, 2]",coords,15869,1536,True,
TCGA-VQ-A8DU-01Z-00-DX1.12DD8768-1315-472E-801D-F44A418BEA41,TCGA-VQ-A8DU,TCGA-VQ-A8DU-01Z-00-DX1.12DD8768-1315-472E-801D-F44A418BEA41.h5,tcga_stad_uni2h/TCGA-STAD/features/TCGA-VQ-A8DU-01Z-00-DX1.12DD8768-1315-472E-801D-F44A418BEA41.h5,73469112,True,"[1, 11787, 1536]","[1, 11787, 2]",coords,11787,1536,True,
TCGA-VQ-A8DV-01Z-00-DX1.DB668CCB-E5C9-49D8-9F0B-2548AA1C3E69,TCGA-VQ-A8DV,TCGA-VQ-A8DV-01Z-00-DX1.DB668CCB-E5C9-49D8-9F0B-2548AA1C3E69.h5,tcga_stad_uni2h/TCGA-STAD/features/TCGA-VQ-A8DV-01Z-00-DX1.DB668CCB-E5C9-49D8-9F0B-2548AA1C3E69.h5,85876368,True,"[1, 13778, 1536]","[1, 13778, 2]",coords,13778,1536,True,
TCGA-VQ-A8DZ-01Z-00-DX1.3C4CB10D-8C8B-4828-B7D4-7058BDF4D39F,TCGA-VQ-A8DZ,TCGA-VQ-A8DZ-01Z-00-DX1.3C4CB10D-8C8B-4828-B7D4-7058BDF4D39F.h5,tcga_stad_uni2h/TCGA-STAD/features/TCGA-VQ-A8DZ-01Z-00-DX1.3C4CB10D-8C8B-4828-B7D4-7058BDF4D39F.h5,78629616,True,"[1, 12615, 1536]","[1, 12615, 2]",coords,12615,1536,True,
TCGA-VQ-A8E0-01Z-00-DX1.81F45F4C-5D39-4C76-9888-064D53C9A80D,TCGA-VQ-A8E0,TCGA-VQ-A8E0-01Z-00-DX1.81F45F4C-5D39-4C76-9888-064D53C9A80D.h5,tcga_stad_uni2h/TCGA-STAD/features/TCGA-VQ-A8E0-01Z-00-DX1.81F45F4C-5D39-4C76-9888-064D53C9A80D.h5,117090744,True,"[1, 18788, 1536]","[1, 18788, 2]",coords,18788,1536,True,
TCGA-VQ-A8E2-01Z-00-DX1.6B105EA8-4AF5-4CE0-B5B9-46332130B037,TCGA-VQ-A8E2,TCGA-VQ-A8E2-01Z-00-DX1.6B105EA8-4AF5-4CE0-B5B9-46332130B037.h5,tcga_stad_uni2h/TCGA-STAD/features/TCGA-VQ-A8E2-01Z-00-DX1.6B105EA8-4AF5-4CE0-B5B9-46332130B037.h5,135253600,True,"[1, 21703, 1536]","[1, 21703, 2]",coords,21703,1536,True,
TCGA-VQ-A8E3-01Z-00-DX1.2CEA9979-EC34-48E2-A092-55757506490A,TCGA-VQ-A8E3,TCGA-VQ-A8E3-01Z-00-DX1.2CEA9979-EC34-48E2-A092-55757506490A.h5,tcga_stad_uni2h/TCGA-STAD/features/TCGA-VQ-A8E3-01Z-00-DX1.2CEA9979-EC34-48E2-A092-55757506490A.h5,58710208,True,"[1, 9418, 1536]","[1, 9418, 2]",coords,9418,1536,True,
TCGA-VQ-A8E7-01Z-00-DX1.30F18F35-5E77-429B-9840-27E60F5129B8,TCGA-VQ-A8E7,TCGA-VQ-A8E7-01Z-00-DX1.30F18F35-5E77-429B-9840-27E60F5129B8.h5,tcga_stad_uni2h/TCGA-STAD/features/TCGA-VQ-A8E7-01Z-00-DX1.30F18F35-5E77-429B-9840-27E60F5129B8.h5,100111752,True,"[1, 16063, 1536]","[1, 16063, 2]",coords,16063,1536,True,
TCGA-VQ-A8P2-01Z-00-DX1.0515199A-B84D-4973-ACAB-30B919F99FB8,TCGA-VQ-A8P2,TCGA-VQ-A8P2-01Z-00-DX1.0515199A-B84D-4973-ACAB-30B919F99FB8.h5,tcga_stad_uni2h/TCGA-STAD/features/TCGA-VQ-A8P2-01Z-00-DX1.0515199A-B84D-4973-ACAB-30B919F99FB8.h5,132300848,True,"[1, 21229, 1536]","[1, 21229, 2]",coords,21229,1536,True,
TCGA-VQ-A8P3-01Z-00-DX1.1B018BDB-5C60-46D8-A014-CE8CA8ADA191,TCGA-VQ-A8P3,TCGA-VQ-A8P3-01Z-00-DX1.1B018BDB-5C60-46D8-A014-CE8CA8ADA191.h5,tcga_stad_uni2h/TCGA-STAD/features/TCGA-VQ-A8P3-01Z-00-DX1.1B018BDB-5C60-46D8-A014-CE8CA8ADA191.h5,61417744,True,"[1, 9853, 1536]","[1, 9853, 2]",coords,9853,1536,True,
TCGA-VQ-A8P5-01Z-00-DX1.F3FDCB47-3426-400C-82A9-750012F95B3B,TCGA-VQ-A8P5,TCGA-VQ-A8P5-01Z-00-DX1.F3FDCB47-3426-400C-82A9-750012F95B3B.h5,tcga_stad_uni2h/TCGA-STAD/features/TCGA-VQ-A8P5-01Z-00-DX1.F3FDCB47-3426-400C-82A9-750012F95B3B.h5,72019280,True,"[1, 11554, 1536]","[1, 11554, 2]",coords,11554,1536,True,
TCGA-VQ-A8P8-01Z-00-DX1.85D05076-70BE-46A6-B866-94846CD22670,TCGA-VQ-A8P8,TCGA-VQ-A8P8-01Z-00-DX1.85D05076-70BE-46A6-B866-94846CD22670.h5,tcga_stad_uni2h/TCGA-STAD/features/TCGA-VQ-A8P8-01Z-00-DX1.85D05076-70BE-46A6-B866-94846CD22670.h5,97307032,True,"[1, 15613, 1536]","[1, 15613, 2]",coords,15613,1536,True,
TCGA-VQ-A8PB-01Z-00-DX1.FAB74FD6-C7AB-422F-ACA9-2DB0ACEC23E5,TCGA-VQ-A8PB,TCGA-VQ-A8PB-01Z-00-DX1.FAB74FD6-C7AB-422F-ACA9-2DB0ACEC23E5.h5,tcga_stad_uni2h/TCGA-STAD/features/TCGA-VQ-A8PB-01Z-00-DX1.FAB74FD6-C7AB-422F-ACA9-2DB0ACEC23E5.h5,111652504,True,"[1, 17915, 1536]","[1, 17915, 2]",coords,17915,1536,True,
TCGA-VQ-A8PC-01Z-00-DX1.03BD1821-DB4A-4FAB-AA6A-A8C91E6215F4,TCGA-VQ-A8PC,TCGA-VQ-A8PC-01Z-00-DX1.03BD1821-DB4A-4FAB-AA6A-A8C91E6215F4.h5,tcga_stad_uni2h/TCGA-STAD/features/TCGA-VQ-A8PC-01Z-00-DX1.03BD1821-DB4A-4FAB-AA6A-A8C91E6215F4.h5,88361856,True,"[1, 14177, 1536]","[1, 14177, 2]",coords,14177,1536,True,
TCGA-VQ-A8PD-01Z-00-DX1.A9B601CB-83AA-4F0C-BB6D-DD88455FDEE9,TCGA-VQ-A8PD,TCGA-VQ-A8PD-01Z-00-DX1.A9B601CB-83AA-4F0C-BB6D-DD88455FDEE9.h5,tcga_stad_uni2h/TCGA-STAD/features/TCGA-VQ-A8PD-01Z-00-DX1.A9B601CB-83AA-4F0C-BB6D-DD88455FDEE9.h5,87787200,True,"[1, 14085, 1536]","[1, 14085, 2]",coords,14085,1536,True,
TCGA-VQ-A8PE-01Z-00-DX1.94480121-9AB9-490F-8E7F-77260C6DE0D5,TCGA-VQ-A8PE,TCGA-VQ-A8PE-01Z-00-DX1.94480121-9AB9-490F-8E7F-77260C6DE0D5.h5,tcga_stad_uni2h/TCGA-STAD/features/TCGA-VQ-A8PE-01Z-00-DX1.94480121-9AB9-490F-8E7F-77260C6DE0D5.h5,93027984,True,"[1, 14926, 1536]","[1, 14926, 2]",coords,14926,1536,True,
TCGA-VQ-A8PF-01Z-00-DX1.D0353D95-5F56-4D33-B3DA-08AF9574334D,TCGA-VQ-A8PF,TCGA-VQ-A8PF-01Z-00-DX1.D0353D95-5F56-4D33-B3DA-08AF9574334D.h5,tcga_stad_uni2h/TCGA-STAD/features/TCGA-VQ-A8PF-01Z-00-DX1.D0353D95-5F56-4D33-B3DA-08AF9574334D.h5,76224312,True,"[1, 12229, 1536]","[1, 12229, 2]",coords,12229,1536,True,
TCGA-VQ-A8PH-01Z-00-DX1.79A66B42-B6CF-49F9-9204-DC21A57DAFF6,TCGA-VQ-A8PH,TCGA-VQ-A8PH-01Z-00-DX1.79A66B42-B6CF-49F9-9204-DC21A57DAFF6.h5,tcga_stad_uni2h/TCGA-STAD/features/TCGA-VQ-A8PH-01Z-00-DX1.79A66B42-B6CF-49F9-9204-DC21A57DAFF6.h5,126228240,True,"[1, 20254, 1536]","[1, 20254, 2]",coords,20254,1536,True,
TCGA-VQ-A8PJ-01Z-00-DX1.19F00379-C001-49D2-9B22-6AE0791C8488,TCGA-VQ-A8PJ,TCGA-VQ-A8PJ-01Z-00-DX1.19F00379-C001-49D2-9B22-6AE0791C8488.h5,tcga_stad_uni2h/TCGA-STAD/features/TCGA-VQ-A8PJ-01Z-00-DX1.19F00379-C001-49D2-9B22-6AE0791C8488.h5,52149216,True,"[1, 8365, 1536]","[1, 8365, 2]",coords,8365,1536,True,
TCGA-VQ-A8PK-01Z-00-DX1.A13BCC99-05AC-4FEC-8BA8-0EDC92EAE02B,TCGA-VQ-A8PK,TCGA-VQ-A8PK-01Z-00-DX1.A13BCC99-05AC-4FEC-8BA8-0EDC92EAE02B.h5,tcga_stad_uni2h/TCGA-STAD/features/TCGA-VQ-A8PK-01Z-00-DX1.A13BCC99-05AC-4FEC-8BA8-0EDC92EAE02B.h5,113067200,True,"[1, 18142, 1536]","[1, 18142, 2]",coords,18142,1536,True,
TCGA-VQ-A8PM-01Z-00-DX1.49FE7D00-2547-4936-803D-F4421C5E5BB3,TCGA-VQ-A8PM,TCGA-VQ-A8PM-01Z-00-DX1.49FE7D00-2547-4936-803D-F4421C5E5BB3.h5,tcga_stad_uni2h/TCGA-STAD/features/TCGA-VQ-A8PM-01Z-00-DX1.49FE7D00-2547-4936-803D-F4421C5E5BB3.h5,116853744,True,"[1, 18750, 1536]","[1, 18750, 2]",coords,18750,1536,True,
TCGA-VQ-A8PO-01Z-00-DX1.CAF2A0EE-75C7-4AB6-86AC-0397EE1B9FBE,TCGA-VQ-A8PO,TCGA-VQ-A8PO-01Z-00-DX1.CAF2A0EE-75C7-4AB6-86AC-0397EE1B9FBE.h5,tcga_stad_uni2h/TCGA-STAD/features/TCGA-VQ-A8PO-01Z-00-DX1.CAF2A0EE-75C7-4AB6-86AC-0397EE1B9FBE.h5,84854920,True,"[1, 13614, 1536]","[1, 13614, 2]",coords,13614,1536,True,
TCGA-VQ-A8PP-01Z-00-DX1.46FE6CC6-A47C-47D3-B21B-A17CF1DDAC76,TCGA-VQ-A8PP,TCGA-VQ-A8PP-01Z-00-DX1.46FE6CC6-A47C-47D3-B21B-A17CF1DDAC76.h5,tcga_stad_uni2h/TCGA-STAD/features/TCGA-VQ-A8PP-01Z-00-DX1.46FE6CC6-A47C-47D3-B21B-A17CF1DDAC76.h5,75378184,True,"[1, 12093, 1536]","[1, 12093, 2]",coords,12093,1536,True,
TCGA-VQ-A8PQ-01Z-00-DX1.D63AEF37-BAB9-4BFC-9F7E-33509A227B71,TCGA-VQ-A8PQ,TCGA-VQ-A8PQ-01Z-00-DX1.D63AEF37-BAB9-4BFC-9F7E-33509A227B71.h5,tcga_stad_uni2h/TCGA-STAD/features/TCGA-VQ-A8PQ-01Z-00-DX1.D63AEF37-BAB9-4BFC-9F7E-33509A227B71.h5,122553656,True,"[1, 19665, 1536]","[1, 19665, 2]",coords,19665,1536,True,
TCGA-VQ-A8PS-01Z-00-DX1.E93B2855-6350-4037-8C41-E781D887C790,TCGA-VQ-A8PS,TCGA-VQ-A8PS-01Z-00-DX1.E93B2855-6350-4037-8C41-E781D887C790.h5,tcga_stad_uni2h/TCGA-STAD/features/TCGA-VQ-A8PS-01Z-00-DX1.E93B2855-6350-4037-8C41-E781D887C790.h5,90779496,True,"[1, 14565, 1536]","[1, 14565, 2]",coords,14565,1536,True,
TCGA-VQ-A8PT-01Z-00-DX1.7A0E6C8F-E0D2-49AC-9C03-3C9B34EB0AE8,TCGA-VQ-A8PT,TCGA-VQ-A8PT-01Z-00-DX1.7A0E6C8F-E0D2-49AC-9C03-3C9B34EB0AE8.h5,tcga_stad_uni2h/TCGA-STAD/features/TCGA-VQ-A8PT-01Z-00-DX1.7A0E6C8F-E0D2-49AC-9C03-3C9B34EB0AE8.h5,148363248,True,"[1, 23807, 1536]","[1, 23807, 2]",coords,23807,1536,True,
TCGA-VQ-A8PU-01Z-00-DX1.8E355321-0F03-4EEF-80B1-9677982C9D2F,TCGA-VQ-A8PU,TCGA-VQ-A8PU-01Z-00-DX1.8E355321-0F03-4EEF-80B1-9677982C9D2F.h5,tcga_stad_uni2h/TCGA-STAD/features/TCGA-VQ-A8PU-01Z-00-DX1.8E355321-0F03-4EEF-80B1-9677982C9D2F.h5,63708472,True,"[1, 10220, 1536]","[1, 10220, 2]",coords,10220,1536,True,
TCGA-VQ-A8PX-01Z-00-DX1.A1886D51-DC33-4B5A-9C71-56E281F13F52,TCGA-VQ-A8PX,TCGA-VQ-A8PX-01Z-00-DX1.A1886D51-DC33-4B5A-9C71-56E281F13F52.h5,tcga_stad_uni2h/TCGA-STAD/features/TCGA-VQ-A8PX-01Z-00-DX1.A1886D51-DC33-4B5A-9C71-56E281F13F52.h5,89222936,True,"[1, 14315, 1536]","[1, 14315, 2]",coords,14315,1536,True,
TCGA-VQ-A8PY-01Z-00-DX1.EA2C7386-012A-442A-95B3-FFA12BD2684D,TCGA-VQ-A8PY,TCGA-VQ-A8PY-01Z-00-DX1.EA2C7386-012A-442A-95B3-FFA12BD2684D.h5,tcga_stad_uni2h/TCGA-STAD/features/TCGA-VQ-A8PY-01Z-00-DX1.EA2C7386-012A-442A-95B3-FFA12BD2684D.h5,115247840,True,"[1, 18492, 1536]","[1, 18492, 2]",coords,18492,1536,True,
TCGA-VQ-A8PZ-01Z-00-DX1.EE25BECD-7611-48EC-B78C-27F5E5BDD5DF,TCGA-VQ-A8PZ,TCGA-VQ-A8PZ-01Z-00-DX1.EE25BECD-7611-48EC-B78C-27F5E5BDD5DF.h5,tcga_stad_uni2h/TCGA-STAD/features/TCGA-VQ-A8PZ-01Z-00-DX1.EE25BECD-7611-48EC-B78C-27F5E5BDD5DF.h5,49851384,True,"[1, 7996, 1536]","[1, 7996, 2]",coords,7996,1536,True,
TCGA-VQ-A91A-01Z-00-DX1.B0F3EE79-4246-4534-9763-EB9C6D60F3AA,TCGA-VQ-A91A,TCGA-VQ-A91A-01Z-00-DX1.B0F3EE79-4246-4534-9763-EB9C6D60F3AA.h5,tcga_stad_uni2h/TCGA-STAD/features/TCGA-VQ-A91A-01Z-00-DX1.B0F3EE79-4246-4534-9763-EB9C6D60F3AA.h5,123630616,True,"[1, 19838, 1536]","[1, 19838, 2]",coords,19838,1536,True,
TCGA-VQ-A91D-01Z-00-DX1.B7E99494-FA16-42B5-AC1C-1498A7989111,TCGA-VQ-A91D,TCGA-VQ-A91D-01Z-00-DX1.B7E99494-FA16-42B5-AC1C-1498A7989111.h5,tcga_stad_uni2h/TCGA-STAD/features/TCGA-VQ-A91D-01Z-00-DX1.B7E99494-FA16-42B5-AC1C-1498A7989111.h5,125684344,True,"[1, 20167, 1536]","[1, 20167, 2]",coords,20167,1536,True,
TCGA-VQ-A91E-01Z-00-DX1.BF3BA276-5A18-4B45-881D-4523C42B5AD8,TCGA-VQ-A91E,TCGA-VQ-A91E-01Z-00-DX1.BF3BA276-5A18-4B45-881D-4523C42B5AD8.h5,tcga_stad_uni2h/TCGA-STAD/features/TCGA-VQ-A91E-01Z-00-DX1.BF3BA276-5A18-4B45-881D-4523C42B5AD8.h5,104649288,True,"[1, 16791, 1536]","[1, 16791, 2]",coords,16791,1536,True,
TCGA-VQ-A91K-01Z-00-DX1.42AFBDC4-809A-4245-8550-DE9B9A11F09F,TCGA-VQ-A91K,TCGA-VQ-A91K-01Z-00-DX1.42AFBDC4-809A-4245-8550-DE9B9A11F09F.h5,tcga_stad_uni2h/TCGA-STAD/features/TCGA-VQ-A91K-01Z-00-DX1.42AFBDC4-809A-4245-8550-DE9B9A11F09F.h5,72966712,True,"[1, 11706, 1536]","[1, 11706, 2]",coords,11706,1536,True,
TCGA-VQ-A91N-01Z-00-DX1.4F7CF3DD-8AAA-43DE-98C1-E44B2B5FB019,TCGA-VQ-A91N,TCGA-VQ-A91N-01Z-00-DX1.4F7CF3DD-8AAA-43DE-98C1-E44B2B5FB019.h5,tcga_stad_uni2h/TCGA-STAD/features/TCGA-VQ-A91N-01Z-00-DX1.4F7CF3DD-8AAA-43DE-98C1-E44B2B5FB019.h5,108379952,True,"[1, 17390, 1536]","[1, 17390, 2]",coords,17390,1536,True,
TCGA-VQ-A91Q-01Z-00-DX1.9928DA7E-B36D-4E5E-8F0F-BD41DA588DB9,TCGA-VQ-A91Q,TCGA-VQ-A91Q-01Z-00-DX1.9928DA7E-B36D-4E5E-8F0F-BD41DA588DB9.h5,tcga_stad_uni2h/TCGA-STAD/features/TCGA-VQ-A91Q-01Z-00-DX1.9928DA7E-B36D-4E5E-8F0F-BD41DA588DB9.h5,53065808,True,"[1, 8512, 1536]","[1, 8512, 2]",coords,8512,1536,True,
TCGA-VQ-A91S-01Z-00-DX1.11BCF3BE-4C79-4F6F-92B5-2C45190DBD86,TCGA-VQ-A91S,TCGA-VQ-A91S-01Z-00-DX1.11BCF3BE-4C79-4F6F-92B5-2C45190DBD86.h5,tcga_stad_uni2h/TCGA-STAD/features/TCGA-VQ-A91S-01Z-00-DX1.11BCF3BE-4C79-4F6F-92B5-2C45190DBD86.h5,165136128,True,"[1, 26499, 1536]","[1, 26499, 2]",coords,26499,1536,True,
TCGA-VQ-A91U-01Z-00-DX1.84D19359-4AC3-4C7A-BC5B-7B63173ABB60,TCGA-VQ-A91U,TCGA-VQ-A91U-01Z-00-DX1.84D19359-4AC3-4C7A-BC5B-7B63173ABB60.h5,tcga_stad_uni2h/TCGA-STAD/features/TCGA-VQ-A91U-01Z-00-DX1.84D19359-4AC3-4C7A-BC5B-7B63173ABB60.h5,57107856,True,"[1, 9161, 1536]","[1, 9161, 2]",coords,9161,1536,True,
TCGA-VQ-A91V-01Z-00-DX1.E271D33E-3E57-445D-8373-2386B56FE9A9,TCGA-VQ-A91V,TCGA-VQ-A91V-01Z-00-DX1.E271D33E-3E57-445D-8373-2386B56FE9A9.h5,tcga_stad_uni2h/TCGA-STAD/features/TCGA-VQ-A91V-01Z-00-DX1.E271D33E-3E57-445D-8373-2386B56FE9A9.h5,102216600,True,"[1, 16401, 1536]","[1, 16401, 2]",coords,16401,1536,True,
TCGA-VQ-A91W-01Z-00-DX1.E4878B45-586E-46F7-8113-8080149AC45D,TCGA-VQ-A91W,TCGA-VQ-A91W-01Z-00-DX1.E4878B45-586E-46F7-8113-8080149AC45D.h5,tcga_stad_uni2h/TCGA-STAD/features/TCGA-VQ-A91W-01Z-00-DX1.E4878B45-586E-46F7-8113-8080149AC45D.h5,74467760,True,"[1, 11947, 1536]","[1, 11947, 2]",coords,11947,1536,True,
TCGA-VQ-A91X-01Z-00-DX1.8D0815BF-2430-4471-881E-1E12357ACEA4,TCGA-VQ-A91X,TCGA-VQ-A91X-01Z-00-DX1.8D0815BF-2430-4471-881E-1E12357ACEA4.h5,tcga_stad_uni2h/TCGA-STAD/features/TCGA-VQ-A91X-01Z-00-DX1.8D0815BF-2430-4471-881E-1E12357ACEA4.h5,61491904,True,"[1, 9865, 1536]","[1, 9865, 2]",coords,9865,1536,True,
TCGA-VQ-A91Y-01Z-00-DX1.9401E1F3-4110-4F1E-99A0-36D4E1518650,TCGA-VQ-A91Y,TCGA-VQ-A91Y-01Z-00-DX1.9401E1F3-4110-4F1E-99A0-36D4E1518650.h5,tcga_stad_uni2h/TCGA-STAD/features/TCGA-VQ-A91Y-01Z-00-DX1.9401E1F3-4110-4F1E-99A0-36D4E1518650.h5,93190968,True,"[1, 14952, 1536]","[1, 14952, 2]",coords,14952,1536,True,
TCGA-VQ-A91Z-01Z-00-DX1.14F618B5-D177-4129-A7C1-99373536DE45,TCGA-VQ-A91Z,TCGA-VQ-A91Z-01Z-00-DX1.14F618B5-D177-4129-A7C1-99373536DE45.h5,tcga_stad_uni2h/TCGA-STAD/features/TCGA-VQ-A91Z-01Z-00-DX1.14F618B5-D177-4129-A7C1-99373536DE45.h5,75067168,True,"[1, 12043, 1536]","[1, 12043, 2]",coords,12043,1536,True,
TCGA-VQ-A922-01Z-00-DX1.445608A5-D4F1-44AB-8642-3C944D753D87,TCGA-VQ-A922,TCGA-VQ-A922-01Z-00-DX1.445608A5-D4F1-44AB-8642-3C944D753D87.h5,tcga_stad_uni2h/TCGA-STAD/features/TCGA-VQ-A922-01Z-00-DX1.445608A5-D4F1-44AB-8642-3C944D753D87.h5,104816256,True,"[1, 16818, 1536]","[1, 16818, 2]",coords,16818,1536,True,
TCGA-VQ-A923-01Z-00-DX1.86FE7ABA-9C93-4637-A71F-F3EBA2BB4BDF,TCGA-VQ-A923,TCGA-VQ-A923-01Z-00-DX1.86FE7ABA-9C93-4637-A71F-F3EBA2BB4BDF.h5,tcga_stad_uni2h/TCGA-STAD/features/TCGA-VQ-A923-01Z-00-DX1.86FE7ABA-9C93-4637-A71F-F3EBA2BB4BDF.h5,93153960,True,"[1, 14946, 1536]","[1, 14946, 2]",coords,14946,1536,True,
TCGA-VQ-A924-01Z-00-DX1.736B41F3-9678-4FAF-AE86-FCAC4F6DCBD3,TCGA-VQ-A924,TCGA-VQ-A924-01Z-00-DX1.736B41F3-9678-4FAF-AE86-FCAC4F6DCBD3.h5,tcga_stad_uni2h/TCGA-STAD/features/TCGA-VQ-A924-01Z-00-DX1.736B41F3-9678-4FAF-AE86-FCAC4F6DCBD3.h5,64923176,True,"[1, 10415, 1536]","[1, 10415, 2]",coords,10415,1536,True,
TCGA-VQ-A925-01Z-00-DX1.D9AB5ADD-B946-4994-A3F2-646888C69E0D,TCGA-VQ-A925,TCGA-VQ-A925-01Z-00-DX1.D9AB5ADD-B946-4994-A3F2-646888C69E0D.h5,tcga_stad_uni2h/TCGA-STAD/features/TCGA-VQ-A925-01Z-00-DX1.D9AB5ADD-B946-4994-A3F2-646888C69E0D.h5,123875832,True,"[1, 19877, 1536]","[1, 19877, 2]",coords,19877,1536,True,
TCGA-VQ-A927-01Z-00-DX1.F4ACCDED-FBF5-4900-B000-638B3015EBFA,TCGA-VQ-A927,TCGA-VQ-A927-01Z-00-DX1.F4ACCDED-FBF5-4900-B000-638B3015EBFA.h5,tcga_stad_uni2h/TCGA-STAD/features/TCGA-VQ-A927-01Z-00-DX1.F4ACCDED-FBF5-4900-B000-638B3015EBFA.h5,99364312,True,"[1, 15943, 1536]","[1, 15943, 2]",coords,15943,1536,True,
TCGA-VQ-A928-01Z-00-DX1.633B64F3-2F87-4C76-ABC4-4E03D04AF9EC,TCGA-VQ-A928,TCGA-VQ-A928-01Z-00-DX1.633B64F3-2F87-4C76-ABC4-4E03D04AF9EC.h5,tcga_stad_uni2h/TCGA-STAD/features/TCGA-VQ-A928-01Z-00-DX1.633B64F3-2F87-4C76-ABC4-4E03D04AF9EC.h5,82591480,True,"[1, 13251, 1536]","[1, 13251, 2]",coords,13251,1536,True,
TCGA-VQ-A92D-01Z-00-DX1.13EF7944-C276-4A3B-B9B3-7DC65A82AD60,TCGA-VQ-A92D,TCGA-VQ-A92D-01Z-00-DX1.13EF7944-C276-4A3B-B9B3-7DC65A82AD60.h5,tcga_stad_uni2h/TCGA-STAD/features/TCGA-VQ-A92D-01Z-00-DX1.13EF7944-C276-4A3B-B9B3-7DC65A82AD60.h5,104362576,True,"[1, 16745, 1536]","[1, 16745, 2]",coords,16745,1536,True,
TCGA-VQ-A94O-01Z-00-DX1.83040E68-904F-4F7E-B4E1-34C860098228,TCGA-VQ-A94O,TCGA-VQ-A94O-01Z-00-DX1.83040E68-904F-4F7E-B4E1-34C860098228.h5,tcga_stad_uni2h/TCGA-STAD/features/TCGA-VQ-A94O-01Z-00-DX1.83040E68-904F-4F7E-B4E1-34C860098228.h5,86599136,True,"[1, 13894, 1536]","[1, 13894, 2]",coords,13894,1536,True,
TCGA-VQ-A94P-01Z-00-DX1.83E87D6C-D210-4C06-BB5B-49A1F3E14EE0,TCGA-VQ-A94P,TCGA-VQ-A94P-01Z-00-DX1.83E87D6C-D210-4C06-BB5B-49A1F3E14EE0.h5,tcga_stad_uni2h/TCGA-STAD/features/TCGA-VQ-A94P-01Z-00-DX1.83E87D6C-D210-4C06-BB5B-49A1F3E14EE0.h5,30607608,True,"[1, 4908, 1536]","[1, 4908, 2]",coords,4908,1536,True,
TCGA-VQ-A94R-01Z-00-DX1.4F2367B3-6759-469C-90E5-0660102E86A6,TCGA-VQ-A94R,TCGA-VQ-A94R-01Z-00-DX1.4F2367B3-6759-469C-90E5-0660102E86A6.h5,tcga_stad_uni2h/TCGA-STAD/features/TCGA-VQ-A94R-01Z-00-DX1.4F2367B3-6759-469C-90E5-0660102E86A6.h5,61521096,True,"[1, 9869, 1536]","[1, 9869, 2]",coords,9869,1536,True,
TCGA-VQ-A94T-01Z-00-DX1.DEFEFBD0-CE26-4F75-B9C4-F55344A7CAA8,TCGA-VQ-A94T,TCGA-VQ-A94T-01Z-00-DX1.DEFEFBD0-CE26-4F75-B9C4-F55344A7CAA8.h5,tcga_stad_uni2h/TCGA-STAD/features/TCGA-VQ-A94T-01Z-00-DX1.DEFEFBD0-CE26-4F75-B9C4-F55344A7CAA8.h5,129729008,True,"[1, 20816, 1536]","[1, 20816, 2]",coords,20816,1536,True,
TCGA-VQ-A94U-01Z-00-DX1.5E27CE1E-CF07-4219-9536-D5F898E47A9B,TCGA-VQ-A94U,TCGA-VQ-A94U-01Z-00-DX1.5E27CE1E-CF07-4219-9536-D5F898E47A9B.h5,tcga_stad_uni2h/TCGA-STAD/features/TCGA-VQ-A94U-01Z-00-DX1.5E27CE1E-CF07-4219-9536-D5F898E47A9B.h5,99805080,True,"[1, 16014, 1536]","[1, 16014, 2]",coords,16014,1536,True,
TCGA-VQ-AA64-01Z-00-DX1.90641552-B556-4020-AA11-21E754BD5891,TCGA-VQ-AA64,TCGA-VQ-AA64-01Z-00-DX1.90641552-B556-4020-AA11-21E754BD5891.h5,tcga_stad_uni2h/TCGA-STAD/features/TCGA-VQ-AA64-01Z-00-DX1.90641552-B556-4020-AA11-21E754BD5891.h5,119160360,True,"[1, 19120, 1536]","[1, 19120, 2]",coords,19120,1536,True,
TCGA-VQ-AA68-01Z-00-DX1.CF6FBB15-5887-4406-946A-AF93918EC318,TCGA-VQ-AA68,TCGA-VQ-AA68-01Z-00-DX1.CF6FBB15-5887-4406-946A-AF93918EC318.h5,tcga_stad_uni2h/TCGA-STAD/features/TCGA-VQ-AA68-01Z-00-DX1.CF6FBB15-5887-4406-946A-AF93918EC318.h5,116281624,True,"[1, 18658, 1536]","[1, 18658, 2]",coords,18658,1536,True,
TCGA-VQ-AA69-01Z-00-DX1.1EEF2AD7-6470-44B5-9E87-E77AE47262F0,TCGA-VQ-AA69,TCGA-VQ-AA69-01Z-00-DX1.1EEF2AD7-6470-44B5-9E87-E77AE47262F0.h5,tcga_stad_uni2h/TCGA-STAD/features/TCGA-VQ-AA69-01Z-00-DX1.1EEF2AD7-6470-44B5-9E87-E77AE47262F0.h5,77700688,True,"[1, 12466, 1536]","[1, 12466, 2]",coords,12466,1536,True,
TCGA-VQ-AA6A-01Z-00-DX1.52D958F4-34B3-43F1-9DAC-960E69C958CA,TCGA-VQ-AA6A,TCGA-VQ-AA6A-01Z-00-DX1.52D958F4-34B3-43F1-9DAC-960E69C958CA.h5,tcga_stad_uni2h/TCGA-STAD/features/TCGA-VQ-AA6A-01Z-00-DX1.52D958F4-34B3-43F1-9DAC-960E69C958CA.h5,99607480,True,"[1, 15982, 1536]","[1, 15982, 2]",coords,15982,1536,True,
TCGA-VQ-AA6B-01Z-00-DX1.C6CB7290-4A83-4963-8840-68BC208D1232,TCGA-VQ-AA6B,TCGA-VQ-AA6B-01Z-00-DX1.C6CB7290-4A83-4963-8840-68BC208D1232.h5,tcga_stad_uni2h/TCGA-STAD/features/TCGA-VQ-AA6B-01Z-00-DX1.C6CB7290-4A83-4963-8840-68BC208D1232.h5,89856736,True,"[1, 14417, 1536]","[1, 14417, 2]",coords,14417,1536,True,
TCGA-VQ-AA6D-01Z-00-DX1.C1D51961-84D7-4AA6-9645-60120B105A68,TCGA-VQ-AA6D,TCGA-VQ-AA6D-01Z-00-DX1.C1D51961-84D7-4AA6-9645-60120B105A68.h5,tcga_stad_uni2h/TCGA-STAD/features/TCGA-VQ-AA6D-01Z-00-DX1.C1D51961-84D7-4AA6-9645-60120B105A68.h5,79206432,True,"[1, 12708, 1536]","[1, 12708, 2]",coords,12708,1536,True,
TCGA-VQ-AA6F-01Z-00-DX1.EA90F7CF-FE3F-4FED-A8E0-C83FEE96F4CA,TCGA-VQ-AA6F,TCGA-VQ-AA6F-01Z-00-DX1.EA90F7CF-FE3F-4FED-A8E0-C83FEE96F4CA.h5,tcga_stad_uni2h/TCGA-STAD/features/TCGA-VQ-AA6F-01Z-00-DX1.EA90F7CF-FE3F-4FED-A8E0-C83FEE96F4CA.h5,108379952,True,"[1, 17390, 1536]","[1, 17390, 2]",coords,17390,1536,True,
TCGA-VQ-AA6G-01Z-00-DX1.3BDB7578-931A-47DB-933F-C7CA7CD50EDE,TCGA-VQ-AA6G,TCGA-VQ-AA6G-01Z-00-DX1.3BDB7578-931A-47DB-933F-C7CA7CD50EDE.h5,tcga_stad_uni2h/TCGA-STAD/features/TCGA-VQ-AA6G-01Z-00-DX1.3BDB7578-931A-47DB-933F-C7CA7CD50EDE.h5,87804120,True,"[1, 14087, 1536]","[1, 14087, 2]",coords,14087,1536,True,
TCGA-VQ-AA6I-01Z-00-DX1.B11762F9-1DA7-4140-8F45-2B372B497379,TCGA-VQ-AA6I,TCGA-VQ-AA6I-01Z-00-DX1.B11762F9-1DA7-4140-8F45-2B372B497379.h5,tcga_stad_uni2h/TCGA-STAD/features/TCGA-VQ-AA6I-01Z-00-DX1.B11762F9-1DA7-4140-8F45-2B372B497379.h5,110966952,True,"[1, 17805, 1536]","[1, 17805, 2]",coords,17805,1536,True,
TCGA-VQ-AA6J-01Z-00-DX1.212AF324-26E9-4807-A64B-6325D6E94507,TCGA-VQ-AA6J,TCGA-VQ-AA6J-01Z-00-DX1.212AF324-26E9-4807-A64B-6325D6E94507.h5,tcga_stad_uni2h/TCGA-STAD/features/TCGA-VQ-AA6J-01Z-00-DX1.212AF324-26E9-4807-A64B-6325D6E94507.h5,102658920,True,"[1, 16472, 1536]","[1, 16472, 2]",coords,16472,1536,True,
TCGA-VQ-AA6K-01Z-00-DX1.8AF14797-0C31-4DF3-94A4-868EC96E7BB1,TCGA-VQ-AA6K,TCGA-VQ-AA6K-01Z-00-DX1.8AF14797-0C31-4DF3-94A4-868EC96E7BB1.h5,tcga_stad_uni2h/TCGA-STAD/features/TCGA-VQ-AA6K-01Z-00-DX1.8AF14797-0C31-4DF3-94A4-868EC96E7BB1.h5,6220792,True,"[1, 994, 1536]","[1, 994, 2]",coords,994,1536,True,
TCGA-ZA-A8F6-01Z-00-DX1.89510833-5BC8-4983-817E-0E9244824168,TCGA-ZA-A8F6,TCGA-ZA-A8F6-01Z-00-DX1.89510833-5BC8-4983-817E-0E9244824168.h5,tcga_stad_uni2h/TCGA-STAD/features/TCGA-ZA-A8F6-01Z-00-DX1.89510833-5BC8-4983-817E-0E9244824168.h5,45609344,True,"[1, 7315, 1536]","[1, 7315, 2]",coords,7315,1536,True,
TCGA-ZQ-A9CR-01Z-00-DX1.C9AC9991-7054-4068-A7AA-9D1EB7F040A3,TCGA-ZQ-A9CR,TCGA-ZQ-A9CR-01Z-00-DX1.C9AC9991-7054-4068-A7AA-9D1EB7F040A3.h5,tcga_stad_uni2h/TCGA-STAD/features/TCGA-ZQ-A9CR-01Z-00-DX1.C9AC9991-7054-4068-A7AA-9D1EB7F040A3.h5,137982256,True,"[1, 22141, 1536]","[1, 22141, 2]",coords,22141,1536,True,
