patient_id,slide_id,site,MSI,EBV,M1_label,M4_subtype,M4_label,POLE,include_status,include_exclude_reason,feature_status,subtype,sample_id,label_immune_sensitive,age,sex,histological_diagnosis,ajcc_pathologic_tumor_stage,primary_site_patient,lymph_node_examined_count,os_months,os_status,dfs_months,dfs_status,source_study,source_sample_id,source_molecular_subtype,source_msi_status,source_ebv_present,source_lauren_class,source_tnmstage,source_anatomic_region,source_path_t_stage,source_path_n_stage,source_path_m_stage,source_mutation_count,source_tmb_nonsynonymous,gdc_primary_tumor_slide_ids,gdc_diagnostic_slide_ids,gdc_primary_tumor_slide_count,gdc_diagnostic_slide_count,slide_id_source
TCGA-B7-5816,TCGA-B7-5816-01Z-00-DX1.1B05F96A-D5E2-4366-A098-A861313F3461,B7,1,0,1,MSI,1,0,included,mapped subtype in EBV/MSI/GS/CIN,all_slides_have_features,STAD_MSI,TCGA-B7-5816-01,IMMUNE_SENSITIVE,51.19,Female,Poorly_Cohesive,Stage_IIB,FUNDUS_BODY,,5.62,0:LIVING,,,cbioportal:stad_tcga_pub,TCGA-B7-5816-01,MSI,MSI-H,0,Diffuse,Stage_IIB,FUNDUS_BODY,T4a,N0,M0,1178.0,39.4333333333,TCGA-B7-5816-01A-01-BS1.842d5f43-6fda-4eb0-be82-8b3531ffcf73;TCGA-B7-5816-01Z-00-DX1.1B05F96A-D5E2-4366-A098-A861313F3461,TCGA-B7-5816-01Z-00-DX1.1B05F96A-D5E2-4366-A098-A861313F3461,2,1,GDC primary tumor Slide Image metadata
TCGA-B7-5818,TCGA-B7-5818-01A-01-BS1.a012bb27-0d58-4e93-97e1-69319de85ae7;TCGA-B7-5818-01A-01-TS1.ae62f646-53a7-4f98-b868-8731ea48121f,B7,0,1,1,EBV,0,0,included,mapped subtype in EBV/MSI/GS/CIN,missing_features,STAD_EBV,TCGA-B7-5818-01,IMMUNE_SENSITIVE,62.4,Male,Intestinal,Stage_IB,FUNDUS_BODY,,11.7,0:LIVING,,,cbioportal:stad_tcga_pub,TCGA-B7-5818-01,EBV,MSI-L,1,Intestinal,Stage_IB,FUNDUS_BODY,T2,N0,M0,353.0,11.8,TCGA-B7-5818-01A-01-BS1.a012bb27-0d58-4e93-97e1-69319de85ae7;TCGA-B7-5818-01A-01-TS1.ae62f646-53a7-4f98-b868-8731ea48121f,,2,0,GDC primary tumor Slide Image metadata
TCGA-BR-4183,TCGA-BR-4183-01Z-00-DX1.25a55001-19e6-4f2a-ad84-f8a3a990cc2f,BR,0,0,0,CIN,3,0,included,mapped subtype in EBV/MSI/GS/CIN,missing_features,STAD_CIN,TCGA-BR-4183-01,NON_SENSITIVE,55.91,Female,Tubular,Stage_IIIA,GEJ_CARDIA,,6.6,1:DECEASED,,0:DiseaseFree,cbioportal:stad_tcga_pub,TCGA-BR-4183-01,CIN,MSS,0,Intestinal,Stage_IIIA,GEJ_CARDIA,T4a,N1,M0,51.0,1.7,TCGA-BR-4183-01A-01-BS1.34e24f9a-4b28-4741-a0eb-bb3411eaf40a;TCGA-BR-4183-01A-02-BS2.3b5fcd01-2faa-445d-ac8c-586bd0c5821a;TCGA-BR-4183-01Z-00-DX1.25a55001-19e6-4f2a-ad84-f8a3a990cc2f,TCGA-BR-4183-01Z-00-DX1.25a55001-19e6-4f2a-ad84-f8a3a990cc2f,3,1,GDC primary tumor Slide Image metadata
TCGA-BR-4184,TCGA-BR-4184-01Z-00-DX1.aa0818ba-92ea-4337-b9d3-c891161f5f9a,BR,1,0,1,MSI,1,0,included,mapped subtype in EBV/MSI/GS/CIN,missing_features,STAD_MSI,TCGA-BR-4184-01,IMMUNE_SENSITIVE,70.68,Male,Tubular,Stage_IIIA,FUNDUS_BODY,,6.93,1:DECEASED,,0:DiseaseFree,cbioportal:stad_tcga_pub,TCGA-BR-4184-01,MSI,MSI-H,0,Intestinal,Stage_IIIA,FUNDUS_BODY,T4a,N1,M0,3354.0,112.266666667,TCGA-BR-4184-01A-01-BS1.e86a4de7-2c24-4a39-b8e2-b7889f1a6751;TCGA-BR-4184-01A-01-TS1.133dc934-87bb-45f5-b3d3-ed053e666941;TCGA-BR-4184-01Z-00-DX1.aa0818ba-92ea-4337-b9d3-c891161f5f9a,TCGA-BR-4184-01Z-00-DX1.aa0818ba-92ea-4337-b9d3-c891161f5f9a,3,1,GDC primary tumor Slide Image metadata
TCGA-BR-4187,TCGA-BR-4187-01Z-00-DX1.5358ef4f-c9af-40d4-b366-48876a8503cc,BR,0,0,0,GS,2,0,included,mapped subtype in EBV/MSI/GS/CIN,missing_features,STAD_GS,TCGA-BR-4187-01,NON_SENSITIVE,56.49,Male,Poorly_Cohesive,X,ANTRUM,,4.63,1:DECEASED,,0:DiseaseFree,cbioportal:stad_tcga_pub,TCGA-BR-4187-01,GS,MSS,0,Diffuse,X,ANTRUM,TX,NX,M0,26.0,0.866666666667,TCGA-BR-4187-01A-01-BS1.efc97966-7041-46e6-bcee-3fa39daa0858;TCGA-BR-4187-01A-01-TS1.f4325ab7-86f8-4578-b576-d6cd57ae9140;TCGA-BR-4187-01Z-00-DX1.5358ef4f-c9af-40d4-b366-48876a8503cc,TCGA-BR-4187-01Z-00-DX1.5358ef4f-c9af-40d4-b366-48876a8503cc,3,1,GDC primary tumor Slide Image metadata
TCGA-BR-4188,TCGA-BR-4188-01Z-00-DX1.34ff2bf8-cd91-4f50-a38a-8e3c3693537f,BR,0,0,0,GS,2,0,included,mapped subtype in EBV/MSI/GS/CIN,missing_features,STAD_GS,TCGA-BR-4188-01,NON_SENSITIVE,53.62,Female,Poorly_Cohesive,X,GEJ_CARDIA,,0.0,0:LIVING,,,cbioportal:stad_tcga_pub,TCGA-BR-4188-01,GS,MSI-L,0,Diffuse,X,GEJ_CARDIA,TX,N1,M0,65.0,2.16666666667,TCGA-BR-4188-01A-01-BS1.df2daf80-30ca-46a3-8579-f5ceebfbf0ab;TCGA-BR-4188-01A-01-TS1.982dd82b-ac07-4d6d-bbdc-51ee67c7beb2;TCGA-BR-4188-01Z-00-DX1.34ff2bf8-cd91-4f50-a38a-8e3c3693537f,TCGA-BR-4188-01Z-00-DX1.34ff2bf8-cd91-4f50-a38a-8e3c3693537f,3,1,GDC primary tumor Slide Image metadata
TCGA-BR-4191,TCGA-BR-4191-01Z-00-DX1.6f25e7af-44be-41bc-85c4-22729d6ec585,BR,0,0,0,CIN,3,0,included,mapped subtype in EBV/MSI/GS/CIN,missing_features,STAD_CIN,TCGA-BR-4191-01,NON_SENSITIVE,72.72,Male,Tubular,X,,,0.0,0:LIVING,,,cbioportal:stad_tcga_pub,TCGA-BR-4191-01,CIN,MSS,0,Intestinal,X,,TX,N2,M0,179.0,6.0,TCGA-BR-4191-01A-01-BS1.2048d47d-674e-4c02-9c19-7c241eda4404;TCGA-BR-4191-01A-02-BS2.94956a01-6e49-4669-9b0a-15b0db56957f;TCGA-BR-4191-01Z-00-DX1.6f25e7af-44be-41bc-85c4-22729d6ec585,TCGA-BR-4191-01Z-00-DX1.6f25e7af-44be-41bc-85c4-22729d6ec585,3,1,GDC primary tumor Slide Image metadata
TCGA-BR-4201,TCGA-BR-4201-01Z-00-DX1.7e3cbcf2-eb0e-4582-b5e1-f31c8a9ee5b7,BR,1,0,1,MSI,1,0,included,mapped subtype in EBV/MSI/GS/CIN,missing_features,STAD_MSI,TCGA-BR-4201-01,IMMUNE_SENSITIVE,66.68,Female,Tubular,X,GEJ_CARDIA,,30.88,1:DECEASED,,0:DiseaseFree,cbioportal:stad_tcga_pub,TCGA-BR-4201-01,MSI,MSI-H,0,Intestinal,X,GEJ_CARDIA,T2,NX,M0,1236.0,41.7666666667,TCGA-BR-4201-01A-01-BS1.4ef3c297-a8b0-4215-90f9-a47eccd2f9e7;TCGA-BR-4201-01A-01-TS1.756b8429-5499-4c4a-a855-ef21a9848322;TCGA-BR-4201-01Z-00-DX1.7e3cbcf2-eb0e-4582-b5e1-f31c8a9ee5b7,TCGA-BR-4201-01Z-00-DX1.7e3cbcf2-eb0e-4582-b5e1-f31c8a9ee5b7,3,1,GDC primary tumor Slide Image metadata
TCGA-BR-4253,TCGA-BR-4253-01Z-00-DX1.1541e883-de6a-4cd3-a6f5-6866fd5f3439,BR,0,1,1,EBV,0,0,included,mapped subtype in EBV/MSI/GS/CIN,missing_features,STAD_EBV,TCGA-BR-4253-01,IMMUNE_SENSITIVE,80.49,Female,Tubular,Stage_IIIB,FUNDUS_BODY,,0.0,0:LIVING,,,cbioportal:stad_tcga_pub,TCGA-BR-4253-01,EBV,MSS,1,Intestinal,Stage_IIIB,FUNDUS_BODY,T4a,N2,M0,76.0,2.53333333333,TCGA-BR-4253-01A-01-BS1.54068acc-3588-476c-af5c-a80af985e591;TCGA-BR-4253-01A-01-TS1.1a1e75bd-81e9-4da6-9d2e-b6f0f90b7d18;TCGA-BR-4253-01Z-00-DX1.1541e883-de6a-4cd3-a6f5-6866fd5f3439,TCGA-BR-4253-01Z-00-DX1.1541e883-de6a-4cd3-a6f5-6866fd5f3439,3,1,GDC primary tumor Slide Image metadata
TCGA-BR-4255,TCGA-BR-4255-01Z-00-DX1.7c99233e-2bf3-4130-9852-7e7b34784366,BR,0,0,0,CIN,3,0,included,mapped subtype in EBV/MSI/GS/CIN,missing_features,STAD_CIN,TCGA-BR-4255-01,NON_SENSITIVE,76.37,Female,Poorly_Cohesive,Stage_IIIB,,,0.0,0:LIVING,,,cbioportal:stad_tcga_pub,TCGA-BR-4255-01,CIN,MSS,0,Diffuse,Stage_IIIB,,T4a,N2,M0,46.0,1.5,TCGA-BR-4255-01A-01-BS1.b1a95d7a-a11b-41e6-a490-fb4160d1ceae;TCGA-BR-4255-01A-01-TS1.e2273c4a-d186-4a79-bafa-6dee208bcbfd;TCGA-BR-4255-01Z-00-DX1.7c99233e-2bf3-4130-9852-7e7b34784366,TCGA-BR-4255-01Z-00-DX1.7c99233e-2bf3-4130-9852-7e7b34784366,3,1,GDC primary tumor Slide Image metadata
TCGA-BR-4256,TCGA-BR-4256-01Z-00-DX1.682c72f4-e392-4941-bf24-63dd7a4afecc,BR,1,0,1,MSI,1,0,included,mapped subtype in EBV/MSI/GS/CIN,missing_features,STAD_MSI,TCGA-BR-4256-01,IMMUNE_SENSITIVE,80.6,Male,Tubular,X,ANTRUM,,0.0,0:LIVING,,,cbioportal:stad_tcga_pub,TCGA-BR-4256-01,MSI,MSI-H,0,Intestinal,X,ANTRUM,TX,N2,M0,863.0,29.0,TCGA-BR-4256-01A-01-BS1.e634e99c-f4f7-47aa-af3c-2c2700d0a0ae;TCGA-BR-4256-01A-01-TS1.3494f314-2f94-4b07-bae5-707ac7dad0ea;TCGA-BR-4256-01Z-00-DX1.682c72f4-e392-4941-bf24-63dd7a4afecc,TCGA-BR-4256-01Z-00-DX1.682c72f4-e392-4941-bf24-63dd7a4afecc,3,1,GDC primary tumor Slide Image metadata
TCGA-BR-4257,TCGA-BR-4257-01Z-00-DX1.fd97fe9a-2e87-455d-9555-38b6621433d1,BR,1,0,1,MSI,1,0,included,mapped subtype in EBV/MSI/GS/CIN,missing_features,STAD_MSI,TCGA-BR-4257-01,IMMUNE_SENSITIVE,79.43,Female,Mucinous,X,ANTRUM,,0.0,0:LIVING,,,cbioportal:stad_tcga_pub,TCGA-BR-4257-01,MSI,MSI-H,0,Intestinal,X,ANTRUM,TX,NX,M0,907.0,30.4666666667,TCGA-BR-4257-01A-01-BS1.593632c9-b59d-43d5-bc04-4af610e9fdb6;TCGA-BR-4257-01A-01-TS1.5ecb52c0-7329-4f27-bfee-1b8cfd8f25a2;TCGA-BR-4257-01Z-00-DX1.fd97fe9a-2e87-455d-9555-38b6621433d1,TCGA-BR-4257-01Z-00-DX1.fd97fe9a-2e87-455d-9555-38b6621433d1,3,1,GDC primary tumor Slide Image metadata
TCGA-BR-4267,TCGA-BR-4267-01Z-00-DX1.74687868-fdfb-4b11-8c72-a42703b5d06d,BR,0,0,0,CIN,3,0,included,mapped subtype in EBV/MSI/GS/CIN,missing_features,STAD_CIN,TCGA-BR-4267-01,NON_SENSITIVE,51.2,Male,Papillary,Stage_IB,FUNDUS_BODY,,6.14,1:DECEASED,,0:DiseaseFree,cbioportal:stad_tcga_pub,TCGA-BR-4267-01,CIN,MSS,0,Intestinal,Stage_IB,FUNDUS_BODY,T2,N0,M0,79.0,2.66666666667,TCGA-BR-4267-01A-01-BS1.e1150fb6-e0d6-4039-b9fb-95755126c5c6;TCGA-BR-4267-01A-01-TS1.c9d9aa28-0684-452a-8e0a-cbf6b99090ff;TCGA-BR-4267-01Z-00-DX1.74687868-fdfb-4b11-8c72-a42703b5d06d,TCGA-BR-4267-01Z-00-DX1.74687868-fdfb-4b11-8c72-a42703b5d06d,3,1,GDC primary tumor Slide Image metadata
TCGA-BR-4279,TCGA-BR-4279-01Z-00-DX1.3d749e63-3614-4475-b840-5401640f13d8,BR,0,0,0,GS,2,0,included,mapped subtype in EBV/MSI/GS/CIN,missing_features,STAD_GS,TCGA-BR-4279-01,NON_SENSITIVE,43.98,Male,Poorly_Cohesive,Stage_IIB,,,9.56,1:DECEASED,,0:DiseaseFree,cbioportal:stad_tcga_pub,TCGA-BR-4279-01,GS,MSS,0,Diffuse,Stage_IIB,,T2,N2,M0,37.0,1.23333333333,TCGA-BR-4279-01A-01-BS1.1043d2cd-7306-460a-998c-182ef200ca17;TCGA-BR-4279-01A-01-TS1.f6627e3e-68cc-4872-8a73-963a06bd9ddd;TCGA-BR-4279-01Z-00-DX1.3d749e63-3614-4475-b840-5401640f13d8,TCGA-BR-4279-01Z-00-DX1.3d749e63-3614-4475-b840-5401640f13d8,3,1,GDC primary tumor Slide Image metadata
TCGA-BR-4280,TCGA-BR-4280-01A-01-BS1.c33ad631-fa19-4aba-bd9f-7e382758a9a0;TCGA-BR-4280-01A-01-TS1.77653d62-0f99-475b-86b2-b25e2c079989,BR,1,0,1,MSI,1,0,included,mapped subtype in EBV/MSI/GS/CIN,missing_features,STAD_MSI,TCGA-BR-4280-01,IMMUNE_SENSITIVE,78.07,Female,Tubular,Stage_IIB,,,6.6,1:DECEASED,,0:DiseaseFree,cbioportal:stad_tcga_pub,TCGA-BR-4280-01,MSI,MSI-H,0,Intestinal,Stage_IIB,,T3,N1,M0,693.0,23.2,TCGA-BR-4280-01A-01-BS1.c33ad631-fa19-4aba-bd9f-7e382758a9a0;TCGA-BR-4280-01A-01-TS1.77653d62-0f99-475b-86b2-b25e2c079989,,2,0,GDC primary tumor Slide Image metadata
TCGA-BR-4292,TCGA-BR-4292-01A-01-BS1.826347ef-8bbd-4f4a-9b61-295c4726fcce;TCGA-BR-4292-01A-01-TS1.9259d698-9e60-4873-8098-52d7ef8e0d37,BR,1,0,1,MSI,1,0,included,mapped subtype in EBV/MSI/GS/CIN,missing_features,STAD_MSI,TCGA-BR-4292-01,IMMUNE_SENSITIVE,73.02,Female,Papillary,X,FUNDUS_BODY,,0.0,0:LIVING,,,cbioportal:stad_tcga_pub,TCGA-BR-4292-01,MSI,MSI-H,0,Intestinal,X,FUNDUS_BODY,T1b,NX,M0,1250.0,42.2333333333,TCGA-BR-4292-01A-01-BS1.826347ef-8bbd-4f4a-9b61-295c4726fcce;TCGA-BR-4292-01A-01-TS1.9259d698-9e60-4873-8098-52d7ef8e0d37,,2,0,GDC primary tumor Slide Image metadata
TCGA-BR-4294,TCGA-BR-4294-01Z-00-DX1.247c5447-23e3-4620-a981-19d5f572235a,BR,0,0,0,CIN,3,0,included,mapped subtype in EBV/MSI/GS/CIN,missing_features,STAD_CIN,TCGA-BR-4294-01,NON_SENSITIVE,65.05,Male,Tubular,X,FUNDUS_BODY,,0.0,0:LIVING,,,cbioportal:stad_tcga_pub,TCGA-BR-4294-01,CIN,MSI-L,0,Intestinal,X,FUNDUS_BODY,T2,NX,M0,28.0,0.933333333333,TCGA-BR-4294-01A-01-BS1.b6ddc148-5a89-49a9-bb85-c155523767ed;TCGA-BR-4294-01A-01-TS1.c71135c4-7064-4e60-9552-2840e3702427;TCGA-BR-4294-01Z-00-DX1.247c5447-23e3-4620-a981-19d5f572235a,TCGA-BR-4294-01Z-00-DX1.247c5447-23e3-4620-a981-19d5f572235a,3,1,GDC primary tumor Slide Image metadata
TCGA-BR-4357,TCGA-BR-4357-01Z-00-DX1.63cd361b-d8a7-4a99-aed7-4355b32397f6,BR,0,0,0,CIN,3,0,included,mapped subtype in EBV/MSI/GS/CIN,missing_features,STAD_CIN,TCGA-BR-4357-01,NON_SENSITIVE,58.3,Male,Tubular,X,FUNDUS_BODY,,0.0,0:LIVING,,,cbioportal:stad_tcga_pub,TCGA-BR-4357-01,CIN,MSS,0,Intestinal,X,FUNDUS_BODY,T4a,NX,MX,215.0,7.2,TCGA-BR-4357-01A-01-BS1.af345c73-03f3-4889-85c3-e133da6a6667;TCGA-BR-4357-01A-01-TS1.f7af8aa4-b9cc-477b-b212-53a1540f3390;TCGA-BR-4357-01Z-00-DX1.63cd361b-d8a7-4a99-aed7-4355b32397f6,TCGA-BR-4357-01Z-00-DX1.63cd361b-d8a7-4a99-aed7-4355b32397f6,3,1,GDC primary tumor Slide Image metadata
TCGA-BR-4361,TCGA-BR-4361-01Z-00-DX1.427c9a42-7772-41d2-814e-3da7d9fffe34,BR,1,0,1,MSI,1,0,included,mapped subtype in EBV/MSI/GS/CIN,missing_features,STAD_MSI,TCGA-BR-4361-01,IMMUNE_SENSITIVE,66.42,Female,Stomach Adenocarcinoma,Stage_IIIB,,,0.0,0:LIVING,,,cbioportal:stad_tcga_pub,TCGA-BR-4361-01,MSI,MSI-H,0,,Stage_IIIB,,T4b,N0,M0,2501.0,84.0,TCGA-BR-4361-01A-01-BS1.4886574e-bc5f-45d4-a6c8-f2750506dc3c;TCGA-BR-4361-01A-01-TS1.a9a67635-46d2-4163-acc7-fa9d6233313e;TCGA-BR-4361-01Z-00-DX1.427c9a42-7772-41d2-814e-3da7d9fffe34,TCGA-BR-4361-01Z-00-DX1.427c9a42-7772-41d2-814e-3da7d9fffe34,3,1,GDC primary tumor Slide Image metadata
TCGA-BR-4362,TCGA-BR-4362-01Z-00-DX1.f12e9fd5-4d05-408b-8462-a2cc9a75edae,BR,1,0,1,MSI,1,0,included,mapped subtype in EBV/MSI/GS/CIN,missing_features,STAD_MSI,TCGA-BR-4362-01,IMMUNE_SENSITIVE,74.41,Female,Poorly_Cohesive,X,,,0.0,0:LIVING,,,cbioportal:stad_tcga_pub,TCGA-BR-4362-01,MSI,MSI-H,0,Diffuse,X,,TX,N2,M0,1589.0,53.8,TCGA-BR-4362-01A-01-BS1.f4ab73bb-5a47-431a-8520-5c58bc7442fb;TCGA-BR-4362-01A-01-TS1.efe0b4ae-be42-4be8-b43a-e392fc85658c;TCGA-BR-4362-01Z-00-DX1.f12e9fd5-4d05-408b-8462-a2cc9a75edae,TCGA-BR-4362-01Z-00-DX1.f12e9fd5-4d05-408b-8462-a2cc9a75edae,3,1,GDC primary tumor Slide Image metadata
TCGA-BR-4363,TCGA-BR-4363-01Z-00-DX1.d2121987-481e-4f39-8cb3-724a9fc18036,BR,1,0,1,MSI,1,0,included,mapped subtype in EBV/MSI/GS/CIN,missing_features,STAD_MSI,TCGA-BR-4363-01,IMMUNE_SENSITIVE,60.77,Female,Stomach Adenocarcinoma,X,FUNDUS_BODY,,0.0,0:LIVING,,,cbioportal:stad_tcga_pub,TCGA-BR-4363-01,MSI,MSI-H,0,,X,FUNDUS_BODY,T4a,NX,MX,536.0,18.2,TCGA-BR-4363-01A-01-BS1.07f8625b-35e3-4886-b981-9ca04b05486a;TCGA-BR-4363-01A-01-TS1.20721700-e71f-4bd6-86ac-55fc1d9c8b45;TCGA-BR-4363-01Z-00-DX1.d2121987-481e-4f39-8cb3-724a9fc18036,TCGA-BR-4363-01Z-00-DX1.d2121987-481e-4f39-8cb3-724a9fc18036,3,1,GDC primary tumor Slide Image metadata
TCGA-BR-4366,TCGA-BR-4366-01Z-00-DX1.1b5b7fce-bfbb-461d-9381-30eb37698b9e,BR,0,0,0,CIN,3,0,included,mapped subtype in EBV/MSI/GS/CIN,missing_features,STAD_CIN,TCGA-BR-4366-01,NON_SENSITIVE,87.68,Male,Tubular,X,ANTRUM,,0.0,0:LIVING,,,cbioportal:stad_tcga_pub,TCGA-BR-4366-01,CIN,MSS,0,Intestinal,X,ANTRUM,TX,NX,M0,122.0,4.06666666667,TCGA-BR-4366-01A-01-BS1.eb289f98-b009-4d75-af49-52afeb495f51;TCGA-BR-4366-01A-01-TS1.2c97a882-5d63-4621-9539-a3b2ce3b2901;TCGA-BR-4366-01Z-00-DX1.1b5b7fce-bfbb-461d-9381-30eb37698b9e,TCGA-BR-4366-01Z-00-DX1.1b5b7fce-bfbb-461d-9381-30eb37698b9e,3,1,GDC primary tumor Slide Image metadata
TCGA-BR-4367,TCGA-BR-4367-01Z-00-DX1.1f8d0290-2ea8-447c-a8a9-4d83be6f242f,BR,0,0,0,CIN,3,0,included,mapped subtype in EBV/MSI/GS/CIN,missing_features,STAD_CIN,TCGA-BR-4367-01,NON_SENSITIVE,78.9,Male,Poorly_Cohesive,X,ANTRUM,,0.0,0:LIVING,,,cbioportal:stad_tcga_pub,TCGA-BR-4367-01,CIN,MSS,0,Diffuse,X,ANTRUM,TX,N1,M0,,0.0,TCGA-BR-4367-01A-01-BS1.4b859d5d-fe4c-47e7-8278-fb9f6de50040;TCGA-BR-4367-01A-01-TS1.92819c38-1470-449b-8360-4e6a964338d9;TCGA-BR-4367-01Z-00-DX1.1f8d0290-2ea8-447c-a8a9-4d83be6f242f,TCGA-BR-4367-01Z-00-DX1.1f8d0290-2ea8-447c-a8a9-4d83be6f242f,3,1,GDC primary tumor Slide Image metadata
TCGA-BR-4368,TCGA-BR-4368-01Z-00-DX1.ecfc8a41-c65e-4ac4-9b2e-c403ba184f02,BR,1,0,1,MSI,1,0,included,mapped subtype in EBV/MSI/GS/CIN,missing_features,STAD_MSI,TCGA-BR-4368-01,IMMUNE_SENSITIVE,78.77,Female,Stomach Adenocarcinoma,Stage_IIIC,ANTRUM,,0.0,0:LIVING,,,cbioportal:stad_tcga_pub,TCGA-BR-4368-01,MSI,MSI-H,0,,Stage_IIIC,ANTRUM,T4b,N3,M0,1226.0,41.3333333333,TCGA-BR-4368-01A-01-BS1.65ffa4a8-9ba8-433b-8b1d-9d2e50cc733a;TCGA-BR-4368-01A-01-TS1.5220dcf7-d709-47fc-a625-87caa246e6b7;TCGA-BR-4368-01Z-00-DX1.ecfc8a41-c65e-4ac4-9b2e-c403ba184f02,TCGA-BR-4368-01Z-00-DX1.ecfc8a41-c65e-4ac4-9b2e-c403ba184f02,3,1,GDC primary tumor Slide Image metadata
TCGA-BR-4369,TCGA-BR-4369-01Z-00-DX1.69000607-7c5c-4a97-bdc1-f5a4fdfdd39c,BR,0,0,0,CIN,3,0,included,mapped subtype in EBV/MSI/GS/CIN,missing_features,STAD_CIN,TCGA-BR-4369-01,NON_SENSITIVE,75.31,Male,Tubular,X,GEJ_CARDIA,,0.0,0:LIVING,,,cbioportal:stad_tcga_pub,TCGA-BR-4369-01,CIN,MSS,0,Intestinal,X,GEJ_CARDIA,TX,NX,M0,147.0,4.9,TCGA-BR-4369-01A-01-BS1.980092c2-4dd5-4935-b33e-d99e958e289b;TCGA-BR-4369-01A-01-TS1.8d4a7c7c-06ea-4083-9b11-ef857f41cd93;TCGA-BR-4369-01Z-00-DX1.69000607-7c5c-4a97-bdc1-f5a4fdfdd39c,TCGA-BR-4369-01Z-00-DX1.69000607-7c5c-4a97-bdc1-f5a4fdfdd39c,3,1,GDC primary tumor Slide Image metadata
TCGA-BR-4370,TCGA-BR-4370-01Z-00-DX1.a221ca0e-5055-41c3-97a5-d8b9ff847e45,BR,1,0,1,MSI,1,0,included,mapped subtype in EBV/MSI/GS/CIN,missing_features,STAD_MSI,TCGA-BR-4370-01,IMMUNE_SENSITIVE,74.87,Female,Tubular,X,ANTRUM,,0.0,0:LIVING,,,cbioportal:stad_tcga_pub,TCGA-BR-4370-01,MSI,MSI-H,0,Intestinal,X,ANTRUM,TX,NX,M0,995.0,33.5333333333,TCGA-BR-4370-01A-01-BS1.731932d0-5d58-4608-86ce-14af0bbfabfe;TCGA-BR-4370-01A-01-TS1.7844a109-911a-48d4-88ea-0dc4b604c708;TCGA-BR-4370-01Z-00-DX1.a221ca0e-5055-41c3-97a5-d8b9ff847e45,TCGA-BR-4370-01Z-00-DX1.a221ca0e-5055-41c3-97a5-d8b9ff847e45,3,1,GDC primary tumor Slide Image metadata
TCGA-BR-4371,TCGA-BR-4371-01Z-00-DX1.b45af289-5e56-40dd-80ba-7b8752d0344e,BR,0,0,0,GS,2,0,included,mapped subtype in EBV/MSI/GS/CIN,missing_features,STAD_GS,TCGA-BR-4371-01,NON_SENSITIVE,71.98,Female,Papillary,X,FUNDUS_BODY,,0.0,0:LIVING,,,cbioportal:stad_tcga_pub,TCGA-BR-4371-01,GS,MSS,0,Intestinal,X,FUNDUS_BODY,T2,NX,M0,133.0,4.43333333333,TCGA-BR-4371-01A-01-BS1.d8c3a04d-9512-4eaa-b38f-07c53f1815d9;TCGA-BR-4371-01A-01-TS1.3cb6b4a7-16bd-4b73-9e75-c6a1aadd858d;TCGA-BR-4371-01Z-00-DX1.b45af289-5e56-40dd-80ba-7b8752d0344e,TCGA-BR-4371-01Z-00-DX1.b45af289-5e56-40dd-80ba-7b8752d0344e,3,1,GDC primary tumor Slide Image metadata
TCGA-BR-6452,TCGA-BR-6452-01Z-00-DX1.aec8246e-9dce-436d-9faa-df8fa1f6e47c,BR,1,0,1,MSI,1,0,included,mapped subtype in EBV/MSI/GS/CIN,all_slides_have_features,STAD_MSI,TCGA-BR-6452-01,IMMUNE_SENSITIVE,78.93,Female,Papillary,Stage_IIA,FUNDUS_BODY,,8.44,0:LIVING,8.44,0:DiseaseFree,cbioportal:stad_tcga_pub,TCGA-BR-6452-01,MSI,MSI-H,0,Intestinal,Stage_IIA,FUNDUS_BODY,T3,N0,M0,6514.0,218.166666667,TCGA-BR-6452-01A-01-BS1.01e611b1-a129-4c78-83bf-656d0fa2e706;TCGA-BR-6452-01A-01-TS1.8e50c156-cf9c-4e97-a0a8-e875e143f0c4;TCGA-BR-6452-01Z-00-DX1.aec8246e-9dce-436d-9faa-df8fa1f6e47c,TCGA-BR-6452-01Z-00-DX1.aec8246e-9dce-436d-9faa-df8fa1f6e47c,3,1,GDC primary tumor Slide Image metadata
TCGA-BR-6453,TCGA-BR-6453-01Z-00-DX1.2e52d64c-e34f-47a9-9e5e-8954b5ef18ca,BR,0,0,0,GS,2,0,included,mapped subtype in EBV/MSI/GS/CIN,all_slides_have_features,STAD_GS,TCGA-BR-6453-01,NON_SENSITIVE,54.93,Male,Poorly_Cohesive,Stage_IIA,FUNDUS_BODY,,15.9,0:LIVING,15.9,0:DiseaseFree,cbioportal:stad_tcga_pub,TCGA-BR-6453-01,GS,MSS,0,Diffuse,Stage_IIA,FUNDUS_BODY,T2,N1,M0,161.0,5.4,TCGA-BR-6453-01A-01-BS1.547e8c35-cd51-4f9a-987a-b8a55bf63729;TCGA-BR-6453-01A-01-TS1.65842cd8-24da-454e-849d-419e1586e152;TCGA-BR-6453-01Z-00-DX1.2e52d64c-e34f-47a9-9e5e-8954b5ef18ca,TCGA-BR-6453-01Z-00-DX1.2e52d64c-e34f-47a9-9e5e-8954b5ef18ca,3,1,GDC primary tumor Slide Image metadata
TCGA-BR-6454,TCGA-BR-6454-01Z-00-DX1.63fb6280-2b43-49b2-960a-eb9c0e8b617c,BR,0,0,0,CIN,3,0,included,mapped subtype in EBV/MSI/GS/CIN,all_slides_have_features,STAD_CIN,TCGA-BR-6454-01,NON_SENSITIVE,58.87,Male,Tubular,Stage_IIA,GEJ_CARDIA,,0.0,0:LIVING,,,cbioportal:stad_tcga_pub,TCGA-BR-6454-01,CIN,MSS,0,Intestinal,Stage_IIA,GEJ_CARDIA,T3,N0,M0,132.0,4.46666666667,TCGA-BR-6454-01A-01-BS1.e37ce1e7-10e5-4fde-b3e0-9fd710fd08f3;TCGA-BR-6454-01A-01-TS1.05ede179-7883-4068-a7a1-c7c55bcabcfa;TCGA-BR-6454-01Z-00-DX1.63fb6280-2b43-49b2-960a-eb9c0e8b617c,TCGA-BR-6454-01Z-00-DX1.63fb6280-2b43-49b2-960a-eb9c0e8b617c,3,1,GDC primary tumor Slide Image metadata
TCGA-BR-6455,TCGA-BR-6455-01Z-00-DX1.402682fe-98b4-4381-85da-98510db17af9,BR,0,1,1,EBV,0,0,included,mapped subtype in EBV/MSI/GS/CIN,all_slides_have_features,STAD_EBV,TCGA-BR-6455-01,IMMUNE_SENSITIVE,59.86,Male,Tubular,Stage_IIB,FUNDUS_BODY,,13.86,1:DECEASED,12.65,1:Recurred/Progressed,cbioportal:stad_tcga_pub,TCGA-BR-6455-01,EBV,MSS,1,Intestinal,Stage_IIB,FUNDUS_BODY,T3,N1,M0,77.0,2.56666666667,TCGA-BR-6455-01A-01-BS1.992e710f-18a5-440e-b6b1-3e4e10b2080f;TCGA-BR-6455-01A-01-TS1.5090ae20-085f-47de-8fbe-64efe27e6db3;TCGA-BR-6455-01Z-00-DX1.402682fe-98b4-4381-85da-98510db17af9,TCGA-BR-6455-01Z-00-DX1.402682fe-98b4-4381-85da-98510db17af9,3,1,GDC primary tumor Slide Image metadata
TCGA-BR-6456,TCGA-BR-6456-01Z-00-DX1.2cb7b656-95e1-4f34-99e6-77a051fb79e5,BR,0,0,0,CIN,3,0,included,mapped subtype in EBV/MSI/GS/CIN,all_slides_have_features,STAD_CIN,TCGA-BR-6456-01,NON_SENSITIVE,74.71,Female,Tubular,Stage_IIB,FUNDUS_BODY,,17.25,1:DECEASED,10.12,0:DiseaseFree,cbioportal:stad_tcga_pub,TCGA-BR-6456-01,CIN,MSS,0,Intestinal,Stage_IIB,FUNDUS_BODY,T3,N1,M0,36.0,1.16666666667,TCGA-BR-6456-01A-01-BS1.c73cad5b-8f78-40c2-9d5b-3f4ae51a1157;TCGA-BR-6456-01A-01-TS1.8b467c83-d544-4e61-8b25-df0db3536132;TCGA-BR-6456-01Z-00-DX1.2cb7b656-95e1-4f34-99e6-77a051fb79e5,TCGA-BR-6456-01Z-00-DX1.2cb7b656-95e1-4f34-99e6-77a051fb79e5,3,1,GDC primary tumor Slide Image metadata
TCGA-BR-6457,TCGA-BR-6457-01Z-00-DX1.387f0968-fcec-4864-86f8-9c87f658c371,BR,0,0,0,GS,2,0,included,mapped subtype in EBV/MSI/GS/CIN,all_slides_have_features,STAD_GS,TCGA-BR-6457-01,NON_SENSITIVE,69.53,Male,Poorly_Cohesive,Stage_IIA,FUNDUS_BODY,,13.5,0:LIVING,13.5,0:DiseaseFree,cbioportal:stad_tcga_pub,TCGA-BR-6457-01,GS,MSS,0,Diffuse,Stage_IIA,FUNDUS_BODY,T3,N0,M0,105.0,3.53333333333,TCGA-BR-6457-01A-01-BS1.4e3e4a79-a357-4bd2-b3fe-01ff65b3d5c6;TCGA-BR-6457-01Z-00-DX1.387f0968-fcec-4864-86f8-9c87f658c371,TCGA-BR-6457-01Z-00-DX1.387f0968-fcec-4864-86f8-9c87f658c371,2,1,GDC primary tumor Slide Image metadata
TCGA-BR-6458,TCGA-BR-6458-01Z-00-DX1.e889b058-99ab-4337-84a5-60a884caad55,BR,0,0,0,CIN,3,0,included,mapped subtype in EBV/MSI/GS/CIN,all_slides_have_features,STAD_CIN,TCGA-BR-6458-01,NON_SENSITIVE,57.68,Female,Tubular,Stage_IIB,FUNDUS_BODY,,18.33,1:DECEASED,17.87,1:Recurred/Progressed,cbioportal:stad_tcga_pub,TCGA-BR-6458-01,CIN,MSI-L,0,Intestinal,Stage_IIB,FUNDUS_BODY,T3,N1,M0,255.0,8.5,TCGA-BR-6458-01A-01-BS1.cfa3f162-4dbc-41c3-80a7-dfba716a4075;TCGA-BR-6458-01A-01-TS1.74044284-b5c8-40e8-a828-0ab9506a9323;TCGA-BR-6458-01Z-00-DX1.e889b058-99ab-4337-84a5-60a884caad55,TCGA-BR-6458-01Z-00-DX1.e889b058-99ab-4337-84a5-60a884caad55,3,1,GDC primary tumor Slide Image metadata
TCGA-BR-6563,TCGA-BR-6563-01Z-00-DX1.2398c0e0-47a6-4557-8e2d-3b890756900a,BR,0,0,0,GS,2,0,included,mapped subtype in EBV/MSI/GS/CIN,all_slides_have_features,STAD_GS,TCGA-BR-6563-01,NON_SENSITIVE,60.06,Female,Poorly_Cohesive,Stage_IIB,ANTRUM,,22.31,0:LIVING,,,cbioportal:stad_tcga_pub,TCGA-BR-6563-01,GS,MSS,0,Diffuse,Stage_IIB,ANTRUM,T3,N1,M0,67.0,2.23333333333,TCGA-BR-6563-01A-01-TS1.01c50123-cc1a-4c50-99a0-de5074434f32;TCGA-BR-6563-01Z-00-DX1.2398c0e0-47a6-4557-8e2d-3b890756900a,TCGA-BR-6563-01Z-00-DX1.2398c0e0-47a6-4557-8e2d-3b890756900a,2,1,GDC primary tumor Slide Image metadata
TCGA-BR-6564,TCGA-BR-6564-01Z-00-DX1.ad86e83f-ebfd-4eee-8bf8-7490c5f79a17,BR,0,0,0,CIN,3,0,included,mapped subtype in EBV/MSI/GS/CIN,all_slides_have_features,STAD_CIN,TCGA-BR-6564-01,NON_SENSITIVE,46.9,Female,Poorly_Cohesive,Stage_IIIA,FUNDUS_BODY,,9.4,0:LIVING,9.4,0:DiseaseFree,cbioportal:stad_tcga_pub,TCGA-BR-6564-01,CIN,MSS,0,Diffuse,Stage_IIIA,FUNDUS_BODY,T3,N2,M0,30.0,1.0,TCGA-BR-6564-01A-01-BS1.f4a5cef7-97be-4714-8ca5-918ac9a3c7cb;TCGA-BR-6564-01A-01-TS1.d795aec2-5349-4234-b7ea-9a28a49d247e;TCGA-BR-6564-01Z-00-DX1.ad86e83f-ebfd-4eee-8bf8-7490c5f79a17,TCGA-BR-6564-01Z-00-DX1.ad86e83f-ebfd-4eee-8bf8-7490c5f79a17,3,1,GDC primary tumor Slide Image metadata
TCGA-BR-6565,TCGA-BR-6565-01Z-00-DX1.0e53f881-e0d7-4906-946a-67f612906476,BR,0,0,0,CIN,3,0,included,mapped subtype in EBV/MSI/GS/CIN,all_slides_have_features,STAD_CIN,TCGA-BR-6565-01,NON_SENSITIVE,67.06,Male,Tubular,Stage_IIB,FUNDUS_BODY,,9.17,1:DECEASED,0.62,0:DiseaseFree,cbioportal:stad_tcga_pub,TCGA-BR-6565-01,CIN,MSS,0,Intestinal,Stage_IIB,FUNDUS_BODY,T4a,N0,M0,135.0,4.5,TCGA-BR-6565-01A-01-BS1.a335fa4b-f8a7-4ea9-acd8-23c5dd134320;TCGA-BR-6565-01A-01-TS1.33be2e1f-82b5-4fbd-8926-770755d8d87b;TCGA-BR-6565-01Z-00-DX1.0e53f881-e0d7-4906-946a-67f612906476,TCGA-BR-6565-01Z-00-DX1.0e53f881-e0d7-4906-946a-67f612906476,3,1,GDC primary tumor Slide Image metadata
TCGA-BR-6566,TCGA-BR-6566-01Z-00-DX1.908c1c0f-12a4-4fa8-a398-ca3b033e7496,BR,1,0,1,MSI,1,0,included,mapped subtype in EBV/MSI/GS/CIN,all_slides_have_features,STAD_MSI,TCGA-BR-6566-01,IMMUNE_SENSITIVE,64.08,Female,Mucinous,Stage_IIA,FUNDUS_BODY,,12.42,0:LIVING,12.42,0:DiseaseFree,cbioportal:stad_tcga_pub,TCGA-BR-6566-01,MSI,MSI-H,0,Intestinal,Stage_IIA,FUNDUS_BODY,T3,N0,M0,878.0,29.5,TCGA-BR-6566-01A-01-BS1.5fc802d9-5f41-4ab5-bf86-335adc2900d9;TCGA-BR-6566-01A-01-TS1.2751608a-8ca5-408f-b45c-a60162ce4aed;TCGA-BR-6566-01Z-00-DX1.908c1c0f-12a4-4fa8-a398-ca3b033e7496,TCGA-BR-6566-01Z-00-DX1.908c1c0f-12a4-4fa8-a398-ca3b033e7496,3,1,GDC primary tumor Slide Image metadata
TCGA-BR-6705,TCGA-BR-6705-01Z-00-DX1.1e145e40-56d6-4ebd-9a9b-bc5a0cbe3247,BR,0,0,0,GS,2,0,included,mapped subtype in EBV/MSI/GS/CIN,all_slides_have_features,STAD_GS,TCGA-BR-6705-01,NON_SENSITIVE,68.65,Female,Poorly_Cohesive,Stage_IIIB,FUNDUS_BODY,,24.35,1:DECEASED,,,cbioportal:stad_tcga_pub,TCGA-BR-6705-01,GS,MSI-L,0,Diffuse,Stage_IIIB,FUNDUS_BODY,T3,N3,M0,91.0,3.0,TCGA-BR-6705-01A-01-BS1.ccf7c4bc-8b0c-461c-bfd2-013f1a220506;TCGA-BR-6705-01A-01-TS1.ea60e0c2-7f72-4cbb-b5d7-f6690db6e634;TCGA-BR-6705-01Z-00-DX1.1e145e40-56d6-4ebd-9a9b-bc5a0cbe3247,TCGA-BR-6705-01Z-00-DX1.1e145e40-56d6-4ebd-9a9b-bc5a0cbe3247,3,1,GDC primary tumor Slide Image metadata
TCGA-BR-6706,TCGA-BR-6706-01Z-00-DX1.8627a957-8d44-47ec-9156-53ccc37b9add,BR,0,1,1,EBV,0,0,included,mapped subtype in EBV/MSI/GS/CIN,all_slides_have_features,STAD_EBV,TCGA-BR-6706-01,IMMUNE_SENSITIVE,63.12,Male,Mixed,Stage_IIIA,GEJ_CARDIA,,17.02,1:DECEASED,12.22,1:Recurred/Progressed,cbioportal:stad_tcga_pub,TCGA-BR-6706-01,EBV,MSS,1,Mixed,Stage_IIIA,GEJ_CARDIA,T3,N2,M0,203.0,6.76666666667,TCGA-BR-6706-01A-01-BS1.b6e78533-26a1-4425-a3df-c90ea5f57624;TCGA-BR-6706-01A-01-TS1.408b851c-d2b7-45cf-8662-115ac2a0b3b8;TCGA-BR-6706-01Z-00-DX1.8627a957-8d44-47ec-9156-53ccc37b9add,TCGA-BR-6706-01Z-00-DX1.8627a957-8d44-47ec-9156-53ccc37b9add,3,1,GDC primary tumor Slide Image metadata
TCGA-BR-6707,TCGA-BR-6707-01Z-00-DX1.fade928c-b514-43d8-90dd-37b505df9992,BR,0,1,1,EBV,0,0,included,mapped subtype in EBV/MSI/GS/CIN,all_slides_have_features,STAD_EBV,TCGA-BR-6707-01,IMMUNE_SENSITIVE,75.37,Male,Tubular,Stage_IIA,FUNDUS_BODY,,11.1,0:LIVING,11.1,0:DiseaseFree,cbioportal:stad_tcga_pub,TCGA-BR-6707-01,EBV,MSS,1,Intestinal,Stage_IIA,FUNDUS_BODY,T3,N0,M0,60.0,2.0,TCGA-BR-6707-01A-01-BS1.0ed26083-d7b8-410a-a5aa-1249bf6f907a;TCGA-BR-6707-01A-01-TS1.ce82b11a-8764-4019-8276-02e5ebd09e55;TCGA-BR-6707-01Z-00-DX1.fade928c-b514-43d8-90dd-37b505df9992,TCGA-BR-6707-01Z-00-DX1.fade928c-b514-43d8-90dd-37b505df9992,3,1,GDC primary tumor Slide Image metadata
TCGA-BR-6710,TCGA-BR-6710-01Z-00-DX1.9368e11d-9000-4e84-8772-a0ee54932049,BR,0,0,0,GS,2,0,included,mapped subtype in EBV/MSI/GS/CIN,all_slides_have_features,STAD_GS,TCGA-BR-6710-01,NON_SENSITIVE,41.93,Male,Tubular,Stage_IB,GEJ_CARDIA,,0.33,0:LIVING,,,cbioportal:stad_tcga_pub,TCGA-BR-6710-01,GS,MSS,0,Intestinal,Stage_IB,GEJ_CARDIA,T2,N0,M0,1.0,0.0333333333333,TCGA-BR-6710-01A-01-BS1.6893e324-db45-4d31-923d-c15c3647665d;TCGA-BR-6710-01A-01-TS1.bf56939a-befe-4562-8b2c-871a7c05b61e;TCGA-BR-6710-01Z-00-DX1.9368e11d-9000-4e84-8772-a0ee54932049,TCGA-BR-6710-01Z-00-DX1.9368e11d-9000-4e84-8772-a0ee54932049,3,1,GDC primary tumor Slide Image metadata
TCGA-BR-6801,TCGA-BR-6801-01Z-00-DX1.7d2aaa44-16f0-4526-87f2-6e95cdb5df3b,BR,0,0,0,GS,2,0,included,mapped subtype in EBV/MSI/GS/CIN,all_slides_have_features,STAD_GS,TCGA-BR-6801-01,NON_SENSITIVE,70.19,Male,Tubular,Stage_IIA,FUNDUS_BODY,,21.09,0:LIVING,21.09,0:DiseaseFree,cbioportal:stad_tcga_pub,TCGA-BR-6801-01,GS,MSI-L,0,Intestinal,Stage_IIA,FUNDUS_BODY,T3,N0,M0,41.0,1.36666666667,TCGA-BR-6801-01A-01-BS1.68013fe0-0ca2-43dd-b924-43773b3c61a7;TCGA-BR-6801-01A-01-TS1.0f96b0d9-873c-4e4f-b012-7e86f7dfd55b;TCGA-BR-6801-01Z-00-DX1.7d2aaa44-16f0-4526-87f2-6e95cdb5df3b,TCGA-BR-6801-01Z-00-DX1.7d2aaa44-16f0-4526-87f2-6e95cdb5df3b,3,1,GDC primary tumor Slide Image metadata
TCGA-BR-6802,TCGA-BR-6802-01Z-00-DX1.e171554c-05b5-4622-beb7-0abee31f5109,BR,1,0,1,MSI,1,0,included,mapped subtype in EBV/MSI/GS/CIN,all_slides_have_features,STAD_MSI,TCGA-BR-6802-01,IMMUNE_SENSITIVE,65.48,Male,Tubular,Stage_IIB,FUNDUS_BODY,,0.76,0:LIVING,,,cbioportal:stad_tcga_pub,TCGA-BR-6802-01,MSI,MSI-H,0,Intestinal,Stage_IIB,FUNDUS_BODY,T3,N1,M0,423.0,14.1666666667,TCGA-BR-6802-01A-01-BS1.90290772-c0e3-4854-ac21-3bba8fd1018c;TCGA-BR-6802-01A-01-TS1.2dd15617-7d00-4c31-a4a2-dea2553474be;TCGA-BR-6802-01Z-00-DX1.e171554c-05b5-4622-beb7-0abee31f5109,TCGA-BR-6802-01Z-00-DX1.e171554c-05b5-4622-beb7-0abee31f5109,3,1,GDC primary tumor Slide Image metadata
TCGA-BR-6803,TCGA-BR-6803-01Z-00-DX1.0704a32a-4a03-4c67-96ad-4888ea899c70,BR,0,0,0,GS,2,0,included,mapped subtype in EBV/MSI/GS/CIN,all_slides_have_features,STAD_GS,TCGA-BR-6803-01,NON_SENSITIVE,54.07,Female,Poorly_Cohesive,Stage_IIB,FUNDUS_BODY,,18.56,0:LIVING,18.56,0:DiseaseFree,cbioportal:stad_tcga_pub,TCGA-BR-6803-01,GS,MSS,0,Diffuse,Stage_IIB,FUNDUS_BODY,T3,N0,M0,16.0,0.533333333333,TCGA-BR-6803-01A-01-BS1.df0e534a-aba5-4f3e-badb-f7f0af4910d8;TCGA-BR-6803-01A-01-TS1.9236cc53-f781-4879-a38d-8445a17f46b2;TCGA-BR-6803-01Z-00-DX1.0704a32a-4a03-4c67-96ad-4888ea899c70,TCGA-BR-6803-01Z-00-DX1.0704a32a-4a03-4c67-96ad-4888ea899c70,3,1,GDC primary tumor Slide Image metadata
TCGA-BR-6852,TCGA-BR-6852-01Z-00-DX1.9cdca0ad-9351-42c2-8082-3742de914369,BR,1,0,1,MSI,1,0,included,mapped subtype in EBV/MSI/GS/CIN,all_slides_have_features,STAD_MSI,TCGA-BR-6852-01,IMMUNE_SENSITIVE,64.25,Female,Stomach Adenocarcinoma,Stage_IIA,GEJ_CARDIA,,13.9,0:LIVING,13.9,0:DiseaseFree,cbioportal:stad_tcga_pub,TCGA-BR-6852-01,MSI,MSI-H,0,,Stage_IIA,GEJ_CARDIA,T3,N0,M0,1047.0,35.2,TCGA-BR-6852-01A-01-BS1.1a1a0dde-b2e2-49b7-b9b4-433aabfc2b34;TCGA-BR-6852-01A-01-TS1.7296b0e0-866e-4277-a14d-fbd3aab43e12;TCGA-BR-6852-01Z-00-DX1.9cdca0ad-9351-42c2-8082-3742de914369,TCGA-BR-6852-01Z-00-DX1.9cdca0ad-9351-42c2-8082-3742de914369,3,1,GDC primary tumor Slide Image metadata
TCGA-BR-7196,TCGA-BR-7196-01Z-00-DX1.651ae8f6-2d2e-4520-9419-29b957e85d03,BR,0,1,1,EBV,0,0,included,mapped subtype in EBV/MSI/GS/CIN,all_slides_have_features,STAD_EBV,TCGA-BR-7196-01,IMMUNE_SENSITIVE,64.64,Male,Poorly_Cohesive,Stage_IV,GEJ_CARDIA,,0.1,0:LIVING,,,cbioportal:stad_tcga_pub,TCGA-BR-7196-01,EBV,MSS,1,Diffuse,Stage_IV,GEJ_CARDIA,T3,N3,M1,60.0,2.0,TCGA-BR-7196-01A-01-BS1.70eac61e-f005-414c-8298-b8a040ac8161;TCGA-BR-7196-01A-01-TS1.e604eeed-d0ad-4798-9bd7-d615874c4fd3;TCGA-BR-7196-01Z-00-DX1.651ae8f6-2d2e-4520-9419-29b957e85d03,TCGA-BR-7196-01Z-00-DX1.651ae8f6-2d2e-4520-9419-29b957e85d03,3,1,GDC primary tumor Slide Image metadata
TCGA-BR-7197,TCGA-BR-7197-01Z-00-DX1.a8ee53be-925d-4922-b670-74b09f405dd3,BR,0,0,0,CIN,3,0,included,mapped subtype in EBV/MSI/GS/CIN,all_slides_have_features,STAD_CIN,TCGA-BR-7197-01,NON_SENSITIVE,69.67,Male,Tubular,Stage_IIA,ANTRUM,,7.89,0:LIVING,7.89,0:DiseaseFree,cbioportal:stad_tcga_pub,TCGA-BR-7197-01,CIN,MSS,0,Intestinal,Stage_IIA,ANTRUM,T3,N0,M0,154.0,5.13333333333,TCGA-BR-7197-01A-01-BS1.2fbf309e-bb43-49d2-aae9-b3016a520722;TCGA-BR-7197-01A-01-TS1.0c210462-58f4-493d-86f8-265dff9fc12d;TCGA-BR-7197-01Z-00-DX1.a8ee53be-925d-4922-b670-74b09f405dd3,TCGA-BR-7197-01Z-00-DX1.a8ee53be-925d-4922-b670-74b09f405dd3,3,1,GDC primary tumor Slide Image metadata
TCGA-BR-7703,TCGA-BR-7703-01Z-00-DX1.405deaeb-de87-480f-b676-3657d92d1f68,BR,1,0,1,MSI,1,0,included,mapped subtype in EBV/MSI/GS/CIN,all_slides_have_features,STAD_MSI,TCGA-BR-7703-01,IMMUNE_SENSITIVE,81.34,Male,Papillary,Stage_IA,FUNDUS_BODY,,14.39,0:LIVING,14.39,0:DiseaseFree,cbioportal:stad_tcga_pub,TCGA-BR-7703-01,MSI,MSI-H,0,Intestinal,Stage_IA,FUNDUS_BODY,T1b,N0,M0,655.0,21.8666666667,TCGA-BR-7703-01A-01-BS1.1da06762-09f6-4f37-ae9c-5e5dc9a9a4c5;TCGA-BR-7703-01A-01-TS1.320d23d5-8b59-4998-9628-42a1a4cd44c3;TCGA-BR-7703-01Z-00-DX1.405deaeb-de87-480f-b676-3657d92d1f68,TCGA-BR-7703-01Z-00-DX1.405deaeb-de87-480f-b676-3657d92d1f68,3,1,GDC primary tumor Slide Image metadata
TCGA-BR-7707,TCGA-BR-7707-01Z-00-DX1.0aae4d1b-3345-4277-8820-c54e3df2e64f,BR,1,0,1,MSI,1,0,included,mapped subtype in EBV/MSI/GS/CIN,all_slides_have_features,STAD_MSI,TCGA-BR-7707-01,IMMUNE_SENSITIVE,69.34,Female,Tubular,Stage_IB,FUNDUS_BODY,,15.61,0:LIVING,15.61,0:DiseaseFree,cbioportal:stad_tcga_pub,TCGA-BR-7707-01,MSI,MSI-H,0,Intestinal,Stage_IB,FUNDUS_BODY,T2,N0,M0,1292.0,43.6333333333,TCGA-BR-7707-01A-01-TS1.5dd41abb-a7a3-4388-95e5-b0812f0f12fb;TCGA-BR-7707-01Z-00-DX1.0aae4d1b-3345-4277-8820-c54e3df2e64f,TCGA-BR-7707-01Z-00-DX1.0aae4d1b-3345-4277-8820-c54e3df2e64f,2,1,GDC primary tumor Slide Image metadata
TCGA-BR-7715,TCGA-BR-7715-01Z-00-DX1.30aff8b3-bb1b-4aff-9f6b-2dde40122359,BR,0,0,0,CIN,3,0,included,mapped subtype in EBV/MSI/GS/CIN,all_slides_have_features,STAD_CIN,TCGA-BR-7715-01,NON_SENSITIVE,65.33,Male,Tubular,Stage_IIA,FUNDUS_BODY,,15.41,0:LIVING,15.41,0:DiseaseFree,cbioportal:stad_tcga_pub,TCGA-BR-7715-01,CIN,MSS,0,Intestinal,Stage_IIA,FUNDUS_BODY,T3,N0,M0,126.0,4.23333333333,TCGA-BR-7715-01A-01-BS1.002a3486-9859-4367-9c79-5eb04fc6073b;TCGA-BR-7715-01A-01-TS1.f9f7deb1-69f6-4b7a-9275-319f33deb66c;TCGA-BR-7715-01Z-00-DX1.30aff8b3-bb1b-4aff-9f6b-2dde40122359,TCGA-BR-7715-01Z-00-DX1.30aff8b3-bb1b-4aff-9f6b-2dde40122359,3,1,GDC primary tumor Slide Image metadata
TCGA-BR-7716,TCGA-BR-7716-01Z-00-DX1.777e570a-5771-4288-b110-26e44358745b,BR,0,0,0,CIN,3,0,included,mapped subtype in EBV/MSI/GS/CIN,all_slides_have_features,STAD_CIN,TCGA-BR-7716-01,NON_SENSITIVE,62.5,Female,Tubular,Stage_IIB,FUNDUS_BODY,,15.38,0:LIVING,15.38,0:DiseaseFree,cbioportal:stad_tcga_pub,TCGA-BR-7716-01,CIN,MSS,0,Intestinal,Stage_IIB,FUNDUS_BODY,T3,N1,M0,137.0,4.6,TCGA-BR-7716-01A-01-BS1.4f114fd6-8f0f-4f5f-812b-a4a6621f1ec6;TCGA-BR-7716-01Z-00-DX1.777e570a-5771-4288-b110-26e44358745b,TCGA-BR-7716-01Z-00-DX1.777e570a-5771-4288-b110-26e44358745b,2,1,GDC primary tumor Slide Image metadata
TCGA-BR-7717,TCGA-BR-7717-01Z-00-DX1.caf061b5-c58d-4f32-a49c-383003fb4f57,BR,0,0,0,CIN,3,0,included,mapped subtype in EBV/MSI/GS/CIN,all_slides_have_features,STAD_CIN,TCGA-BR-7717-01,NON_SENSITIVE,63.25,Male,Tubular,Stage_IIB,GEJ_CARDIA,,0.69,0:LIVING,,,cbioportal:stad_tcga_pub,TCGA-BR-7717-01,CIN,MSS,0,Intestinal,Stage_IIB,GEJ_CARDIA,T3,N1,M0,118.0,3.93333333333,TCGA-BR-7717-01A-01-BS1.588aceb6-e694-4b9d-9f44-99522e24abd0;TCGA-BR-7717-01A-01-TS1.4271c13c-82ea-4211-9c66-3e772a65477d;TCGA-BR-7717-01Z-00-DX1.caf061b5-c58d-4f32-a49c-383003fb4f57,TCGA-BR-7717-01Z-00-DX1.caf061b5-c58d-4f32-a49c-383003fb4f57,3,1,GDC primary tumor Slide Image metadata
TCGA-BR-7722,TCGA-BR-7722-01Z-00-DX1.06384343-d45c-4087-95c6-3b11304ec28e,BR,0,0,0,GS,2,0,included,mapped subtype in EBV/MSI/GS/CIN,all_slides_have_features,STAD_GS,TCGA-BR-7722-01,NON_SENSITIVE,62.15,Male,Mixed,Stage_IIIC,GEJ_CARDIA,,15.31,1:DECEASED,0.16,0:DiseaseFree,cbioportal:stad_tcga_pub,TCGA-BR-7722-01,GS,MSS,0,Mixed,Stage_IIIC,GEJ_CARDIA,T4b,N2,M0,47.0,1.56666666667,TCGA-BR-7722-01A-02-BS2.7aacff35-991e-408d-b2e5-8ebe61186bd6;TCGA-BR-7722-01Z-00-DX1.06384343-d45c-4087-95c6-3b11304ec28e,TCGA-BR-7722-01Z-00-DX1.06384343-d45c-4087-95c6-3b11304ec28e,2,1,GDC primary tumor Slide Image metadata
TCGA-BR-7723,TCGA-BR-7723-01Z-00-DX1.15f75a3f-93b8-423f-b5b5-bdb5ef378ed8,BR,0,0,0,CIN,3,0,included,mapped subtype in EBV/MSI/GS/CIN,all_slides_have_features,STAD_CIN,TCGA-BR-7723-01,NON_SENSITIVE,59.79,Male,Tubular,Stage_IIIB,FUNDUS_BODY,,14.19,0:LIVING,14.03,1:Recurred/Progressed,cbioportal:stad_tcga_pub,TCGA-BR-7723-01,CIN,MSI-L,0,Intestinal,Stage_IIIB,FUNDUS_BODY,T3,N3,M0,132.0,4.43333333333,TCGA-BR-7723-01A-01-BS1.52e6dce9-c089-412f-98c5-ca49a7cede40;TCGA-BR-7723-01A-01-TS1.d44797b3-3a2b-4ca0-8182-e49f379f8136;TCGA-BR-7723-01Z-00-DX1.15f75a3f-93b8-423f-b5b5-bdb5ef378ed8,TCGA-BR-7723-01Z-00-DX1.15f75a3f-93b8-423f-b5b5-bdb5ef378ed8,3,1,GDC primary tumor Slide Image metadata
TCGA-BR-7851,TCGA-BR-7851-01Z-00-DX1.1f3a3b7d-0c1e-42af-9d5b-2a90b759eca9,BR,1,0,1,MSI,1,0,included,mapped subtype in EBV/MSI/GS/CIN,all_slides_have_features,STAD_MSI,TCGA-BR-7851-01,IMMUNE_SENSITIVE,74.17,Male,Tubular,Stage_IIB,FUNDUS_BODY,,12.42,0:LIVING,12.42,0:DiseaseFree,cbioportal:stad_tcga_pub,TCGA-BR-7851-01,MSI,MSI-H,0,Intestinal,Stage_IIB,FUNDUS_BODY,T4a,N0,M0,1311.0,44.1333333333,TCGA-BR-7851-01A-01-BS1.c2525d7f-10da-47a9-bd31-0f9304e63b34;TCGA-BR-7851-01A-01-TS1.049024e0-75da-4ede-82d8-cba1de65f672;TCGA-BR-7851-01Z-00-DX1.1f3a3b7d-0c1e-42af-9d5b-2a90b759eca9,TCGA-BR-7851-01Z-00-DX1.1f3a3b7d-0c1e-42af-9d5b-2a90b759eca9,3,1,GDC primary tumor Slide Image metadata
TCGA-BR-7901,TCGA-BR-7901-01Z-00-DX1.5c4f8dec-3428-4019-a9fb-00f07f9418e6,BR,0,0,0,CIN,3,0,included,mapped subtype in EBV/MSI/GS/CIN,all_slides_have_features,STAD_CIN,TCGA-BR-7901-01,NON_SENSITIVE,74.01,Male,Tubular,Stage_IIB,GEJ_CARDIA,,2.69,1:DECEASED,2.23,1:Recurred/Progressed,cbioportal:stad_tcga_pub,TCGA-BR-7901-01,CIN,MSS,0,Intestinal,Stage_IIB,GEJ_CARDIA,T3,N1,M0,169.0,5.6,TCGA-BR-7901-01A-01-BS1.6cae982c-c32f-414f-9c62-5139e6df9bdc;TCGA-BR-7901-01A-01-TS1.b2e71628-c708-4729-a4b3-0721f3c3410f;TCGA-BR-7901-01Z-00-DX1.5c4f8dec-3428-4019-a9fb-00f07f9418e6,TCGA-BR-7901-01Z-00-DX1.5c4f8dec-3428-4019-a9fb-00f07f9418e6,3,1,GDC primary tumor Slide Image metadata
TCGA-BR-7957,TCGA-BR-7957-01Z-00-DX1.870e24e0-b9cf-4baa-91f1-bd031d06da8e,BR,0,0,0,GS,2,0,included,mapped subtype in EBV/MSI/GS/CIN,all_slides_have_features,STAD_GS,TCGA-BR-7957-01,NON_SENSITIVE,50.7,Female,Poorly_Cohesive,Stage_IV,FUNDUS_BODY,,0.69,0:LIVING,,,cbioportal:stad_tcga_pub,TCGA-BR-7957-01,GS,MSS,0,Diffuse,Stage_IV,FUNDUS_BODY,T4a,N3,M1,45.0,1.5,TCGA-BR-7957-01A-01-BS1.8f71850e-64eb-4e0a-bbc8-3c8f429c2222;TCGA-BR-7957-01A-01-TS1.0ed09459-4c85-43ac-8c32-8521612f9556;TCGA-BR-7957-01Z-00-DX1.870e24e0-b9cf-4baa-91f1-bd031d06da8e,TCGA-BR-7957-01Z-00-DX1.870e24e0-b9cf-4baa-91f1-bd031d06da8e,3,1,GDC primary tumor Slide Image metadata
TCGA-BR-7958,TCGA-BR-7958-01Z-00-DX1.41f7c42e-6266-49d7-bdb6-66771033961f,BR,0,1,1,EBV,0,0,included,mapped subtype in EBV/MSI/GS/CIN,all_slides_have_features,STAD_EBV,TCGA-BR-7958-01,IMMUNE_SENSITIVE,60.79,Male,Tubular,Stage_IIA,FUNDUS_BODY,,12.75,0:LIVING,12.75,0:DiseaseFree,cbioportal:stad_tcga_pub,TCGA-BR-7958-01,EBV,MSS,1,Intestinal,Stage_IIA,FUNDUS_BODY,T3,N0,M0,140.0,4.76666666667,TCGA-BR-7958-01A-01-BS1.447e6bee-d46f-4ce7-9347-b24ef1983e66;TCGA-BR-7958-01Z-00-DX1.41f7c42e-6266-49d7-bdb6-66771033961f,TCGA-BR-7958-01Z-00-DX1.41f7c42e-6266-49d7-bdb6-66771033961f,2,1,GDC primary tumor Slide Image metadata
TCGA-BR-7959,TCGA-BR-7959-01Z-00-DX1.fe1ffcd9-7252-4ac8-9ece-08b9cd78107c,BR,0,0,0,CIN,3,0,included,mapped subtype in EBV/MSI/GS/CIN,all_slides_have_features,STAD_CIN,TCGA-BR-7959-01,NON_SENSITIVE,59.49,Male,Mucinous,Stage_IIIA,GEJ_CARDIA,,18.69,0:LIVING,18.69,0:DiseaseFree,cbioportal:stad_tcga_pub,TCGA-BR-7959-01,CIN,MSI-L,0,Intestinal,Stage_IIIA,GEJ_CARDIA,T4a,N1,M0,87.0,2.9,TCGA-BR-7959-01A-01-BS1.b0b7d5d2-6f7b-44cc-ac0e-c421dec96eb0;TCGA-BR-7959-01A-01-TS1.4efd1df3-64ce-4734-8e28-d1ff7ea75d41;TCGA-BR-7959-01Z-00-DX1.fe1ffcd9-7252-4ac8-9ece-08b9cd78107c,TCGA-BR-7959-01Z-00-DX1.fe1ffcd9-7252-4ac8-9ece-08b9cd78107c,3,1,GDC primary tumor Slide Image metadata
TCGA-BR-8058,TCGA-BR-8058-01Z-00-DX1.e2c9bf25-0e6b-4088-9148-483f45893c3d,BR,0,0,0,GS,2,0,included,mapped subtype in EBV/MSI/GS/CIN,all_slides_have_features,STAD_GS,TCGA-BR-8058-01,NON_SENSITIVE,53.82,Female,Poorly_Cohesive,Stage_IIIA,ANTRUM,,17.64,0:LIVING,,,cbioportal:stad_tcga_pub,TCGA-BR-8058-01,GS,MSI-L,0,Diffuse,Stage_IIIA,ANTRUM,T3,N2,M0,46.0,1.53333333333,TCGA-BR-8058-01Z-00-DX1.e2c9bf25-0e6b-4088-9148-483f45893c3d,TCGA-BR-8058-01Z-00-DX1.e2c9bf25-0e6b-4088-9148-483f45893c3d,1,1,GDC primary tumor Slide Image metadata
TCGA-BR-8059,TCGA-BR-8059-01Z-00-DX1.b877e3e3-cde8-4a00-b2dc-53db8bc25d53,BR,1,0,1,MSI,1,0,included,mapped subtype in EBV/MSI/GS/CIN,all_slides_have_features,STAD_MSI,TCGA-BR-8059-01,IMMUNE_SENSITIVE,72.48,Female,Tubular,Stage_IIB,FUNDUS_BODY,,14.42,1:DECEASED,0.82,0:DiseaseFree,cbioportal:stad_tcga_pub,TCGA-BR-8059-01,MSI,MSI-H,0,Intestinal,Stage_IIB,FUNDUS_BODY,T3,N1,M0,633.0,21.1333333333,TCGA-BR-8059-01A-01-BS1.51b03f95-91ae-4f4e-bccf-3477ee10aeed;TCGA-BR-8059-01A-01-TS1.7d2f893e-1167-4331-ad84-6ad30abc5c48;TCGA-BR-8059-01Z-00-DX1.b877e3e3-cde8-4a00-b2dc-53db8bc25d53,TCGA-BR-8059-01Z-00-DX1.b877e3e3-cde8-4a00-b2dc-53db8bc25d53,3,1,GDC primary tumor Slide Image metadata
TCGA-BR-8077,TCGA-BR-8077-01Z-00-DX1.8c68b0bb-ef3f-41e4-bd01-8a1dbb5ee8c1,BR,0,0,0,CIN,3,0,included,mapped subtype in EBV/MSI/GS/CIN,all_slides_have_features,STAD_CIN,TCGA-BR-8077-01,NON_SENSITIVE,58.62,Female,Tubular,Stage_IIB,FUNDUS_BODY,,0.69,0:LIVING,,,cbioportal:stad_tcga_pub,TCGA-BR-8077-01,CIN,MSS,0,Intestinal,Stage_IIB,FUNDUS_BODY,T3,N1,M0,109.0,3.63333333333,TCGA-BR-8077-01A-01-TS1.395a255a-5d81-4854-bd8f-4a16675ecf1b;TCGA-BR-8077-01Z-00-DX1.8c68b0bb-ef3f-41e4-bd01-8a1dbb5ee8c1,TCGA-BR-8077-01Z-00-DX1.8c68b0bb-ef3f-41e4-bd01-8a1dbb5ee8c1,2,1,GDC primary tumor Slide Image metadata
TCGA-BR-8078,TCGA-BR-8078-01Z-00-DX1.8e4a1099-d1c4-46b2-ae3b-5276b93d7003,BR,1,0,1,MSI,1,0,included,mapped subtype in EBV/MSI/GS/CIN,all_slides_have_features,STAD_MSI,TCGA-BR-8078-01,IMMUNE_SENSITIVE,70.8,Female,Tubular,Stage_IIA,FUNDUS_BODY,,12.25,0:LIVING,12.25,0:DiseaseFree,cbioportal:stad_tcga_pub,TCGA-BR-8078-01,MSI,MSI-H,0,Intestinal,Stage_IIA,FUNDUS_BODY,T3,N0,M0,1504.0,51.0666666667,TCGA-BR-8078-01A-01-TS1.2998c57d-1563-4fcd-a343-8d5a844d9aef;TCGA-BR-8078-01Z-00-DX1.8e4a1099-d1c4-46b2-ae3b-5276b93d7003,TCGA-BR-8078-01Z-00-DX1.8e4a1099-d1c4-46b2-ae3b-5276b93d7003,2,1,GDC primary tumor Slide Image metadata
TCGA-BR-8080,TCGA-BR-8080-01Z-00-DX1.bd4c0cc9-5baa-4cd0-990b-1f2ce0a19a35,BR,0,0,0,CIN,3,0,included,mapped subtype in EBV/MSI/GS/CIN,all_slides_have_features,STAD_CIN,TCGA-BR-8080-01,NON_SENSITIVE,72.68,Female,Poorly_Cohesive,Stage_IIIB,FUNDUS_BODY,,9.56,1:DECEASED,0.49,0:DiseaseFree,cbioportal:stad_tcga_pub,TCGA-BR-8080-01,CIN,MSS,0,Diffuse,Stage_IIIB,FUNDUS_BODY,T3,N3,M0,132.0,4.4,TCGA-BR-8080-01A-01-BS1.e0f95b66-b7f7-4776-89e3-f26b4820c3ad;TCGA-BR-8080-01A-01-TS1.6be28a3c-7650-485a-9dcc-b329f7c51a29;TCGA-BR-8080-01Z-00-DX1.bd4c0cc9-5baa-4cd0-990b-1f2ce0a19a35,TCGA-BR-8080-01Z-00-DX1.bd4c0cc9-5baa-4cd0-990b-1f2ce0a19a35,3,1,GDC primary tumor Slide Image metadata
TCGA-BR-8081,TCGA-BR-8081-01Z-00-DX1.c6c1ef86-9aad-463e-a64a-f1a2dbe465dc,BR,1,0,1,MSI,1,0,included,mapped subtype in EBV/MSI/GS/CIN,all_slides_have_features,STAD_MSI,TCGA-BR-8081-01,IMMUNE_SENSITIVE,71.45,Female,Tubular,Stage_IIA,FUNDUS_BODY,,10.87,0:LIVING,10.87,0:DiseaseFree,cbioportal:stad_tcga_pub,TCGA-BR-8081-01,MSI,MSI-H,0,Intestinal,Stage_IIA,FUNDUS_BODY,T3,N0,M0,804.0,27.1,TCGA-BR-8081-01A-01-BS1.9f2c6d29-bc2d-43e1-81a5-b4eedd959e73;TCGA-BR-8081-01A-01-TS1.bad8122e-520c-46b1-a556-34c7b54ac635;TCGA-BR-8081-01Z-00-DX1.c6c1ef86-9aad-463e-a64a-f1a2dbe465dc,TCGA-BR-8081-01Z-00-DX1.c6c1ef86-9aad-463e-a64a-f1a2dbe465dc,3,1,GDC primary tumor Slide Image metadata
TCGA-BR-8284,TCGA-BR-8284-01Z-00-DX1.ea9f3dca-8390-4ae4-8ede-5ed776d1ad4d,BR,1,0,1,MSI,1,0,included,mapped subtype in EBV/MSI/GS/CIN,all_slides_have_features,STAD_MSI,TCGA-BR-8284-01,IMMUNE_SENSITIVE,72.62,Female,Mixed,Stage_IIIB,ANTRUM,,8.05,1:DECEASED,0.72,0:DiseaseFree,cbioportal:stad_tcga_pub,TCGA-BR-8284-01,MSI,MSI-H,0,Mixed,Stage_IIIB,ANTRUM,T3,N3,M0,272.0,9.1,TCGA-BR-8284-01A-01-BS1.89d1b223-f071-46b8-ade6-296f300b2a8e;TCGA-BR-8284-01A-01-TS1.839188ac-5831-43c0-b06b-77f5c5a5a6af;TCGA-BR-8284-01Z-00-DX1.ea9f3dca-8390-4ae4-8ede-5ed776d1ad4d,TCGA-BR-8284-01Z-00-DX1.ea9f3dca-8390-4ae4-8ede-5ed776d1ad4d,3,1,GDC primary tumor Slide Image metadata
TCGA-BR-8285,TCGA-BR-8285-01Z-00-DX1.8d926a43-0e57-434a-8968-de8ccf749d2e,BR,0,1,1,EBV,0,0,included,mapped subtype in EBV/MSI/GS/CIN,all_slides_have_features,STAD_EBV,TCGA-BR-8285-01,IMMUNE_SENSITIVE,57.08,Female,Tubular,Stage_IIIB,FUNDUS_BODY,,0.33,1:DECEASED,0.03,0:DiseaseFree,cbioportal:stad_tcga_pub,TCGA-BR-8285-01,EBV,MSS,1,Intestinal,Stage_IIIB,FUNDUS_BODY,T3,N3,M0,,0.0,TCGA-BR-8285-01A-01-BS1.cf36e20f-0a94-4290-aae3-dbde2e2f9455;TCGA-BR-8285-01A-01-TS1.e63a0d5f-8e84-41f0-a75a-68467b862a51;TCGA-BR-8285-01Z-00-DX1.8d926a43-0e57-434a-8968-de8ccf749d2e,TCGA-BR-8285-01Z-00-DX1.8d926a43-0e57-434a-8968-de8ccf749d2e,3,1,GDC primary tumor Slide Image metadata
TCGA-BR-8286,TCGA-BR-8286-01Z-00-DX1.4e8edc91-41c1-4b40-89b5-6f09636e4a3f,BR,0,0,0,CIN,3,0,included,mapped subtype in EBV/MSI/GS/CIN,all_slides_have_features,STAD_CIN,TCGA-BR-8286-01,NON_SENSITIVE,49.19,Male,Tubular,Stage_IIB,ANTRUM,,12.94,0:LIVING,12.94,0:DiseaseFree,cbioportal:stad_tcga_pub,TCGA-BR-8286-01,CIN,MSI-L,0,Intestinal,Stage_IIB,ANTRUM,T4a,N0,M0,115.0,3.83333333333,TCGA-BR-8286-01A-01-BS1.57cd3aab-a82d-40cc-9d6d-703ae8570813;TCGA-BR-8286-01A-01-TS1.06bb9331-1a5d-4962-8a49-c243d4d55ca7;TCGA-BR-8286-01Z-00-DX1.4e8edc91-41c1-4b40-89b5-6f09636e4a3f,TCGA-BR-8286-01Z-00-DX1.4e8edc91-41c1-4b40-89b5-6f09636e4a3f,3,1,GDC primary tumor Slide Image metadata
TCGA-BR-8289,TCGA-BR-8289-01Z-00-DX1.3fd11755-cb87-40fe-92e2-0ccc55aefa0d,BR,0,0,0,CIN,3,0,included,mapped subtype in EBV/MSI/GS/CIN,all_slides_have_features,STAD_CIN,TCGA-BR-8289-01,NON_SENSITIVE,57.08,Male,Tubular,Stage_IV,FUNDUS_BODY,,2.66,1:DECEASED,0.26,0:DiseaseFree,cbioportal:stad_tcga_pub,TCGA-BR-8289-01,CIN,MSS,0,Intestinal,Stage_IV,FUNDUS_BODY,T3,N3,M1,180.0,6.1,TCGA-BR-8289-01A-01-BS1.dc8d86c3-282c-4537-a1eb-b07126dd2073;TCGA-BR-8289-01A-01-TS1.b411a46d-4b8a-482e-aad7-2bc9724baea8;TCGA-BR-8289-01Z-00-DX1.3fd11755-cb87-40fe-92e2-0ccc55aefa0d,TCGA-BR-8289-01Z-00-DX1.3fd11755-cb87-40fe-92e2-0ccc55aefa0d,3,1,GDC primary tumor Slide Image metadata
TCGA-BR-8291,TCGA-BR-8291-01Z-00-DX1.a7e89a69-6d6d-4c43-b299-a618bd859170,BR,0,0,0,CIN,3,0,included,mapped subtype in EBV/MSI/GS/CIN,all_slides_have_features,STAD_CIN,TCGA-BR-8291-01,NON_SENSITIVE,61.74,Male,Poorly_Cohesive,Stage_IIB,ANTRUM,,10.87,0:LIVING,10.87,0:DiseaseFree,cbioportal:stad_tcga_pub,TCGA-BR-8291-01,CIN,MSS,0,Diffuse,Stage_IIB,ANTRUM,T3,N1,M0,26.0,0.866666666667,TCGA-BR-8291-01A-01-BS1.556795c3-1f1b-4bb3-9c76-534b1725344a;TCGA-BR-8291-01A-01-TS1.a8d1d185-d12f-4d0c-bb07-f9a1b475d1b4;TCGA-BR-8291-01Z-00-DX1.a7e89a69-6d6d-4c43-b299-a618bd859170,TCGA-BR-8291-01Z-00-DX1.a7e89a69-6d6d-4c43-b299-a618bd859170,3,1,GDC primary tumor Slide Image metadata
TCGA-BR-8295,TCGA-BR-8295-01Z-00-DX1.9c19a25e-dcf2-41b4-b726-2f09ae7c38f6,BR,0,0,0,CIN,3,0,included,mapped subtype in EBV/MSI/GS/CIN,all_slides_have_features,STAD_CIN,TCGA-BR-8295-01,NON_SENSITIVE,60.93,Female,Tubular,Stage_IIB,FUNDUS_BODY,,1.54,0:LIVING,,,cbioportal:stad_tcga_pub,TCGA-BR-8295-01,CIN,MSI-L,0,Intestinal,Stage_IIB,FUNDUS_BODY,T4a,N0,M0,41.0,1.4,TCGA-BR-8295-01A-01-BS1.d645f4b2-02cd-448a-945c-8186332c6514;TCGA-BR-8295-01A-01-TS1.026b7afb-36a6-49e4-ae9f-c196176533a8;TCGA-BR-8295-01Z-00-DX1.9c19a25e-dcf2-41b4-b726-2f09ae7c38f6,TCGA-BR-8295-01Z-00-DX1.9c19a25e-dcf2-41b4-b726-2f09ae7c38f6,3,1,GDC primary tumor Slide Image metadata
TCGA-BR-8296,TCGA-BR-8296-01Z-00-DX1.0f4638b7-a38e-41f8-96e0-3e3a72cd2c10,BR,0,0,0,CIN,3,0,included,mapped subtype in EBV/MSI/GS/CIN,all_slides_have_features,STAD_CIN,TCGA-BR-8296-01,NON_SENSITIVE,58.94,Female,Tubular,Stage_IIIA,FUNDUS_BODY,,1.48,0:LIVING,,,cbioportal:stad_tcga_pub,TCGA-BR-8296-01,CIN,MSS,0,Intestinal,Stage_IIIA,FUNDUS_BODY,T3,N2,M0,60.0,2.0,TCGA-BR-8296-01A-01-BS1.9a3d25b4-8449-4f1e-9ff2-016d70da4d4f;TCGA-BR-8296-01A-01-TS1.38f9fc22-209a-4e73-af58-e9c2f6a9a2d2;TCGA-BR-8296-01Z-00-DX1.0f4638b7-a38e-41f8-96e0-3e3a72cd2c10,TCGA-BR-8296-01Z-00-DX1.0f4638b7-a38e-41f8-96e0-3e3a72cd2c10,3,1,GDC primary tumor Slide Image metadata
TCGA-BR-8297,TCGA-BR-8297-01Z-00-DX1.881fd27f-e2c1-42fe-9b1a-afae4fcc4909,BR,0,0,0,CIN,3,0,included,mapped subtype in EBV/MSI/GS/CIN,all_slides_have_features,STAD_CIN,TCGA-BR-8297-01,NON_SENSITIVE,58.11,Male,Poorly_Cohesive,Stage_IIIC,FUNDUS_BODY,,0.76,0:LIVING,,,cbioportal:stad_tcga_pub,TCGA-BR-8297-01,CIN,MSS,0,Diffuse,Stage_IIIC,FUNDUS_BODY,T4b,N3,M0,223.0,7.43333333333,TCGA-BR-8297-01A-01-BS1.0b03e01e-2184-491e-beb7-79414509cfa2;TCGA-BR-8297-01A-01-TS1.4255b119-f2c9-4390-a395-d25e70ecfaf5;TCGA-BR-8297-01Z-00-DX1.881fd27f-e2c1-42fe-9b1a-afae4fcc4909,TCGA-BR-8297-01Z-00-DX1.881fd27f-e2c1-42fe-9b1a-afae4fcc4909,3,1,GDC primary tumor Slide Image metadata
TCGA-BR-8360,TCGA-BR-8360-01Z-00-DX1.5250b193-e906-4279-b8cf-aac8f37183be,BR,1,0,1,MSI,1,0,included,mapped subtype in EBV/MSI/GS/CIN,all_slides_have_features,STAD_MSI,TCGA-BR-8360-01,IMMUNE_SENSITIVE,66.79,Male,Tubular,Stage_IIA,FUNDUS_BODY,,6.18,0:LIVING,6.18,0:DiseaseFree,cbioportal:stad_tcga_pub,TCGA-BR-8360-01,MSI,MSI-H,0,Intestinal,Stage_IIA,FUNDUS_BODY,T3,N0,M0,808.0,27.2666666667,TCGA-BR-8360-01A-01-BS1.ff1b8180-70a1-4cfc-88d4-1c294aef0c9a;TCGA-BR-8360-01A-01-TS1.317d4418-52e9-4b80-ae35-01755b8e3b6d;TCGA-BR-8360-01Z-00-DX1.5250b193-e906-4279-b8cf-aac8f37183be,TCGA-BR-8360-01Z-00-DX1.5250b193-e906-4279-b8cf-aac8f37183be,3,1,GDC primary tumor Slide Image metadata
TCGA-BR-8361,TCGA-BR-8361-01Z-00-DX1.1b4bb384-c462-453a-97b4-663dbba4a464,BR,1,0,1,MSI,1,0,included,mapped subtype in EBV/MSI/GS/CIN,all_slides_have_features,STAD_MSI,TCGA-BR-8361-01,IMMUNE_SENSITIVE,71.18,Female,Stomach Adenocarcinoma,Stage_IIIC,FUNDUS_BODY,,0.39,0:LIVING,,,cbioportal:stad_tcga_pub,TCGA-BR-8361-01,MSI,MSI-H,0,,Stage_IIIC,FUNDUS_BODY,T4b,N2,M0,1472.0,49.8333333333,TCGA-BR-8361-01A-01-BS1.af181c18-0552-4964-80e3-60ab7c062831;TCGA-BR-8361-01A-01-TS1.5c691a26-3db3-4b5a-9819-80bb6307dfd7;TCGA-BR-8361-01Z-00-DX1.1b4bb384-c462-453a-97b4-663dbba4a464,TCGA-BR-8361-01Z-00-DX1.1b4bb384-c462-453a-97b4-663dbba4a464,3,1,GDC primary tumor Slide Image metadata
TCGA-BR-8362,TCGA-BR-8362-01Z-00-DX1.178c994d-2cf5-4385-a807-fc08e0cf10f6,BR,0,0,0,GS,2,0,included,mapped subtype in EBV/MSI/GS/CIN,all_slides_have_features,STAD_GS,TCGA-BR-8362-01,NON_SENSITIVE,65.15,Male,Intestinal,Stage_IIIB,FUNDUS_BODY,,0.36,0:LIVING,,,cbioportal:stad_tcga_pub,TCGA-BR-8362-01,GS,MSS,0,Intestinal,Stage_IIIB,FUNDUS_BODY,T3,N3,M0,,0.0,TCGA-BR-8362-01A-01-BS1.cca1dfe7-d0fe-4002-bdf9-5b1ba12da9f9;TCGA-BR-8362-01A-01-TS1.161b4609-6e79-41d1-a691-663e69a4317c;TCGA-BR-8362-01Z-00-DX1.178c994d-2cf5-4385-a807-fc08e0cf10f6,TCGA-BR-8362-01Z-00-DX1.178c994d-2cf5-4385-a807-fc08e0cf10f6,3,1,GDC primary tumor Slide Image metadata
TCGA-BR-8363,TCGA-BR-8363-01Z-00-DX1.eeecad72-b281-4e28-be60-4542b4a275aa,BR,1,0,1,MSI,1,0,included,mapped subtype in EBV/MSI/GS/CIN,all_slides_have_features,STAD_MSI,TCGA-BR-8363-01,IMMUNE_SENSITIVE,73.86,Female,Stomach Adenocarcinoma,Stage_IB,ANTRUM,,0.33,0:LIVING,,,cbioportal:stad_tcga_pub,TCGA-BR-8363-01,MSI,MSI-H,0,,Stage_IB,ANTRUM,T2,N0,M0,1069.0,36.0666666667,TCGA-BR-8363-01A-01-BS1.c1d25ba6-9a2d-413f-b1e7-a5c8a6531578;TCGA-BR-8363-01A-01-TS1.35bcaec4-f65d-4ce2-8b6a-cd0624717112;TCGA-BR-8363-01Z-00-DX1.eeecad72-b281-4e28-be60-4542b4a275aa,TCGA-BR-8363-01Z-00-DX1.eeecad72-b281-4e28-be60-4542b4a275aa,3,1,GDC primary tumor Slide Image metadata
TCGA-BR-8364,TCGA-BR-8364-01Z-00-DX1.245676db-6d78-4ae4-ae36-b4a70781a2f8,BR,0,0,0,GS,2,0,included,mapped subtype in EBV/MSI/GS/CIN,all_slides_have_features,STAD_GS,TCGA-BR-8364-01,NON_SENSITIVE,42.13,Female,Poorly_Cohesive,Stage_IIIA,FUNDUS_BODY,,22.14,0:LIVING,22.14,0:DiseaseFree,cbioportal:stad_tcga_pub,TCGA-BR-8364-01,GS,MSS,0,Diffuse,Stage_IIIA,FUNDUS_BODY,T3,N2,M0,20.0,0.666666666667,TCGA-BR-8364-01A-01-BS1.233f49fa-7ede-4351-9115-373df322f91b;TCGA-BR-8364-01A-01-TS1.b34b4b0c-8569-46a2-a044-308b52605888;TCGA-BR-8364-01Z-00-DX1.245676db-6d78-4ae4-ae36-b4a70781a2f8,TCGA-BR-8364-01Z-00-DX1.245676db-6d78-4ae4-ae36-b4a70781a2f8,3,1,GDC primary tumor Slide Image metadata
TCGA-BR-8365,TCGA-BR-8365-01Z-00-DX1.0cf05858-a4a5-468e-aa62-d3e3e91eab4a,BR,0,0,0,CIN,3,0,included,mapped subtype in EBV/MSI/GS/CIN,all_slides_have_features,STAD_CIN,TCGA-BR-8365-01,NON_SENSITIVE,70.43,Female,Poorly_Cohesive,Stage_IIA,FUNDUS_BODY,,14.72,1:DECEASED,,,cbioportal:stad_tcga_pub,TCGA-BR-8365-01,CIN,MSS,0,Diffuse,Stage_IIA,FUNDUS_BODY,T3,N0,M0,21.0,0.7,TCGA-BR-8365-01A-01-BS1.a7bd9f56-b246-42c5-b8c2-be270c2ebb7d;TCGA-BR-8365-01Z-00-DX1.0cf05858-a4a5-468e-aa62-d3e3e91eab4a,TCGA-BR-8365-01Z-00-DX1.0cf05858-a4a5-468e-aa62-d3e3e91eab4a,2,1,GDC primary tumor Slide Image metadata
TCGA-BR-8366,TCGA-BR-8366-01Z-00-DX1.3cda0b57-d0a4-4877-a31c-c9f5f9007cc7,BR,0,1,1,EBV,0,0,included,mapped subtype in EBV/MSI/GS/CIN,all_slides_have_features,STAD_EBV,TCGA-BR-8366-01,IMMUNE_SENSITIVE,80.48,Female,Mixed,Stage_IIA,FUNDUS_BODY,,0.56,0:LIVING,,,cbioportal:stad_tcga_pub,TCGA-BR-8366-01,EBV,MSS,1,Mixed,Stage_IIA,FUNDUS_BODY,T3,N0,M0,156.0,5.16666666667,TCGA-BR-8366-01A-01-BS1.73b94d78-7a09-4851-b554-ffe213055371;TCGA-BR-8366-01A-01-TS1.a8c8e7c1-1dad-4303-a510-6477fe65808d;TCGA-BR-8366-01Z-00-DX1.3cda0b57-d0a4-4877-a31c-c9f5f9007cc7,TCGA-BR-8366-01Z-00-DX1.3cda0b57-d0a4-4877-a31c-c9f5f9007cc7,3,1,GDC primary tumor Slide Image metadata
TCGA-BR-8367,TCGA-BR-8367-01Z-00-DX1.25d1e251-923d-46f5-9a6b-2f6207def599,BR,0,0,0,GS,2,0,included,mapped subtype in EBV/MSI/GS/CIN,all_slides_have_features,STAD_GS,TCGA-BR-8367-01,NON_SENSITIVE,55.97,Male,Mixed,Stage_IIIB,FUNDUS_BODY,,12.81,0:LIVING,12.81,0:DiseaseFree,cbioportal:stad_tcga_pub,TCGA-BR-8367-01,GS,MSS,0,Mixed,Stage_IIIB,FUNDUS_BODY,T3,N3,M0,58.0,1.93333333333,TCGA-BR-8367-01A-01-BS1.9810b0b6-31eb-4f93-b610-689bc6067eb3;TCGA-BR-8367-01A-01-TS1.e1339a6a-ba5e-4aed-95b8-64c45812ec16;TCGA-BR-8367-01Z-00-DX1.25d1e251-923d-46f5-9a6b-2f6207def599,TCGA-BR-8367-01Z-00-DX1.25d1e251-923d-46f5-9a6b-2f6207def599,3,1,GDC primary tumor Slide Image metadata
TCGA-BR-8368,TCGA-BR-8368-01Z-00-DX1.b1d32cec-36d6-4ee9-9455-bf0c797a271a,BR,1,0,1,MSI,1,0,included,mapped subtype in EBV/MSI/GS/CIN,all_slides_have_features,STAD_MSI,TCGA-BR-8368-01,IMMUNE_SENSITIVE,84.53,Female,Stomach Adenocarcinoma,Stage_IB,FUNDUS_BODY,,3.02,0:LIVING,3.02,0:DiseaseFree,cbioportal:stad_tcga_pub,TCGA-BR-8368-01,MSI,MSI-H,0,,Stage_IB,FUNDUS_BODY,T2,N0,M0,908.0,30.5333333333,TCGA-BR-8368-01A-01-BS1.416226c8-7414-47eb-bc9a-00eb2b8dd036;TCGA-BR-8368-01A-01-TS1.c54fb61c-339c-4d2b-9f61-6344de78f02f;TCGA-BR-8368-01Z-00-DX1.b1d32cec-36d6-4ee9-9455-bf0c797a271a,TCGA-BR-8368-01Z-00-DX1.b1d32cec-36d6-4ee9-9455-bf0c797a271a,3,1,GDC primary tumor Slide Image metadata
TCGA-BR-8369,TCGA-BR-8369-01Z-00-DX1.13c80644-af27-4971-9e41-4d18c1c78378,BR,0,0,0,CIN,3,0,included,mapped subtype in EBV/MSI/GS/CIN,all_slides_have_features,STAD_CIN,TCGA-BR-8369-01,NON_SENSITIVE,76.8,Female,Mucinous,Stage_IIIB,ANTRUM,,13.37,0:LIVING,13.11,1:Recurred/Progressed,cbioportal:stad_tcga_pub,TCGA-BR-8369-01,CIN,MSS,0,Intestinal,Stage_IIIB,ANTRUM,T3,N3,M0,176.0,5.93333333333,TCGA-BR-8369-01A-01-BS1.ae35120f-9c6a-49ba-ad61-7ea1144a54b0;TCGA-BR-8369-01A-01-TS1.88a33bbf-f338-4431-98ee-ffc33b8a64eb;TCGA-BR-8369-01Z-00-DX1.13c80644-af27-4971-9e41-4d18c1c78378,TCGA-BR-8369-01Z-00-DX1.13c80644-af27-4971-9e41-4d18c1c78378,3,1,GDC primary tumor Slide Image metadata
TCGA-BR-8370,TCGA-BR-8370-01Z-00-DX1.9243927e-08a3-4d97-a8b8-bea795418039,BR,0,0,0,GS,2,0,included,mapped subtype in EBV/MSI/GS/CIN,all_slides_have_features,STAD_GS,TCGA-BR-8370-01,NON_SENSITIVE,64.71,Male,Poorly_Cohesive,Stage_IIIB,GEJ_CARDIA,,2.86,0:LIVING,2.86,0:DiseaseFree,cbioportal:stad_tcga_pub,TCGA-BR-8370-01,GS,MSI-L,0,Diffuse,Stage_IIIB,GEJ_CARDIA,T3,N3,M0,88.0,2.93333333333,TCGA-BR-8370-01A-01-BS1.c9d05a92-0b32-41e4-8290-742309fbb82d;TCGA-BR-8370-01A-01-TS1.b6c8de4d-e1f6-42b6-9e4d-c24bc925a02f;TCGA-BR-8370-01Z-00-DX1.9243927e-08a3-4d97-a8b8-bea795418039,TCGA-BR-8370-01Z-00-DX1.9243927e-08a3-4d97-a8b8-bea795418039,3,1,GDC primary tumor Slide Image metadata
TCGA-BR-8371,TCGA-BR-8371-01Z-00-DX1.89838852-2ec7-491f-bc29-2cecbda401df,BR,0,0,0,GS,2,0,included,mapped subtype in EBV/MSI/GS/CIN,all_slides_have_features,STAD_GS,TCGA-BR-8371-01,NON_SENSITIVE,62.65,Male,Poorly_Cohesive,Stage_IIIB,GEJ_CARDIA,,11.5,1:DECEASED,11.43,1:Recurred/Progressed,cbioportal:stad_tcga_pub,TCGA-BR-8371-01,GS,MSS,0,Diffuse,Stage_IIIB,GEJ_CARDIA,T3,N3,M0,15.0,0.5,TCGA-BR-8371-01A-01-BS1.6a2326a2-7bcb-42cf-8f4e-c03da3a14236;TCGA-BR-8371-01A-01-TS1.99c43885-bc12-49db-ae2f-d24355fe1d8b;TCGA-BR-8371-01Z-00-DX1.89838852-2ec7-491f-bc29-2cecbda401df,TCGA-BR-8371-01Z-00-DX1.89838852-2ec7-491f-bc29-2cecbda401df,3,1,GDC primary tumor Slide Image metadata
TCGA-BR-8372,TCGA-BR-8372-01Z-00-DX1.d0f9d5fd-3d6e-4d86-ad63-fb3611d6af05,BR,1,0,1,MSI,1,0,included,mapped subtype in EBV/MSI/GS/CIN,all_slides_have_features,STAD_MSI,TCGA-BR-8372-01,IMMUNE_SENSITIVE,63.92,Male,Tubular,Stage_IIIB,FUNDUS_BODY,,19.12,0:LIVING,19.12,0:DiseaseFree,cbioportal:stad_tcga_pub,TCGA-BR-8372-01,MSI,MSI-H,0,Intestinal,Stage_IIIB,FUNDUS_BODY,T3,N3,M0,1166.0,39.1666666667,TCGA-BR-8372-01A-01-BS1.90efad73-95d3-4869-a4fd-1fca85471d27;TCGA-BR-8372-01A-01-TS1.34c8726d-330c-4217-bc0e-01a24f345066;TCGA-BR-8372-01Z-00-DX1.d0f9d5fd-3d6e-4d86-ad63-fb3611d6af05,TCGA-BR-8372-01Z-00-DX1.d0f9d5fd-3d6e-4d86-ad63-fb3611d6af05,3,1,GDC primary tumor Slide Image metadata
TCGA-BR-8373,TCGA-BR-8373-01Z-00-DX1.d508dfad-2195-4aa4-bccc-58a450d07182,BR,0,0,0,CIN,3,0,included,mapped subtype in EBV/MSI/GS/CIN,all_slides_have_features,STAD_CIN,TCGA-BR-8373-01,NON_SENSITIVE,65.01,Female,Papillary,Stage_IIIA,FUNDUS_BODY,,14.09,0:LIVING,14.09,0:DiseaseFree,cbioportal:stad_tcga_pub,TCGA-BR-8373-01,CIN,MSI-L,0,Intestinal,Stage_IIIA,FUNDUS_BODY,T4a,N1,M0,73.0,2.5,TCGA-BR-8373-01A-01-TS1.bf0afcfb-3535-4558-aaf3-d48dd3452a03;TCGA-BR-8373-01Z-00-DX1.d508dfad-2195-4aa4-bccc-58a450d07182,TCGA-BR-8373-01Z-00-DX1.d508dfad-2195-4aa4-bccc-58a450d07182,2,1,GDC primary tumor Slide Image metadata
TCGA-BR-8380,TCGA-BR-8380-01Z-00-DX1.4692f9c9-a7f2-4274-be65-6990f02c1275,BR,0,0,0,GS,2,0,included,mapped subtype in EBV/MSI/GS/CIN,all_slides_have_features,STAD_GS,TCGA-BR-8380-01,NON_SENSITIVE,55.19,Male,Poorly_Cohesive,Stage_IIIC,ANTRUM,,0.23,0:LIVING,,,cbioportal:stad_tcga_pub,TCGA-BR-8380-01,GS,MSI-L,0,Diffuse,Stage_IIIC,ANTRUM,T4a,N3,M0,61.0,2.03333333333,TCGA-BR-8380-01A-01-BS1.86b44f3a-d84c-4bfe-802d-73d74f780f60;TCGA-BR-8380-01A-01-TS1.384b6824-deb6-42a5-97cf-40fb449cc76f;TCGA-BR-8380-01Z-00-DX1.4692f9c9-a7f2-4274-be65-6990f02c1275,TCGA-BR-8380-01Z-00-DX1.4692f9c9-a7f2-4274-be65-6990f02c1275,3,1,GDC primary tumor Slide Image metadata
TCGA-BR-8381,TCGA-BR-8381-01Z-00-DX1.1a017141-7af0-4aba-8e07-18b9bd9ce6a3,BR,0,1,1,EBV,0,0,included,mapped subtype in EBV/MSI/GS/CIN,all_slides_have_features,STAD_EBV,TCGA-BR-8381-01,IMMUNE_SENSITIVE,51.59,Male,Stomach Adenocarcinoma,Stage_IIB,FUNDUS_BODY,,7.364302857,0:LIVING,,,cbioportal:stad_tcga_pub,TCGA-BR-8381-01,EBV,MSS,1,,Stage_IIB,FUNDUS_BODY,T3,N1,M0,101.0,3.36666666667,TCGA-BR-8381-01A-01-BS1.ac8bf918-4b15-4bb5-884b-3c9d43f890db;TCGA-BR-8381-01A-01-TS1.e361de5c-2812-477c-a730-3ee3ee58a142;TCGA-BR-8381-01Z-00-DX1.1a017141-7af0-4aba-8e07-18b9bd9ce6a3,TCGA-BR-8381-01Z-00-DX1.1a017141-7af0-4aba-8e07-18b9bd9ce6a3,3,1,GDC primary tumor Slide Image metadata
TCGA-BR-8382,TCGA-BR-8382-01Z-00-DX1.b74fc4a1-4dfc-47dc-8ee1-2fa44ad17a69,BR,1,0,1,MSI,1,0,included,mapped subtype in EBV/MSI/GS/CIN,all_slides_have_features,STAD_MSI,TCGA-BR-8382-01,IMMUNE_SENSITIVE,67.73,Female,Tubular,Stage_IIIB,ANTRUM,,15.51,0:LIVING,15.51,0:DiseaseFree,cbioportal:stad_tcga_pub,TCGA-BR-8382-01,MSI,MSI-H,0,Intestinal,Stage_IIIB,ANTRUM,T3,N3,M0,760.0,25.5333333333,TCGA-BR-8382-01A-01-BS1.a5a2d071-32b5-4a47-b12e-551e72f18a16;TCGA-BR-8382-01A-01-TS1.cc341559-eae6-463a-b90b-a5ec7f336c97;TCGA-BR-8382-01Z-00-DX1.b74fc4a1-4dfc-47dc-8ee1-2fa44ad17a69,TCGA-BR-8382-01Z-00-DX1.b74fc4a1-4dfc-47dc-8ee1-2fa44ad17a69,3,1,GDC primary tumor Slide Image metadata
TCGA-BR-8384,TCGA-BR-8384-01Z-00-DX1.4f2655b6-39ef-4532-b8ed-b604ee5dada5,BR,0,0,0,GS,2,0,included,mapped subtype in EBV/MSI/GS/CIN,all_slides_have_features,STAD_GS,TCGA-BR-8384-01,NON_SENSITIVE,69.22,Male,Poorly_Cohesive,Stage_IIIA,ANTRUM,,3.25,0:LIVING,3.25,0:DiseaseFree,cbioportal:stad_tcga_pub,TCGA-BR-8384-01,GS,MSS,0,Diffuse,Stage_IIIA,ANTRUM,T3,N2,M0,39.0,1.3,TCGA-BR-8384-01A-01-BS1.5026a496-613d-4b88-96da-6d283b9c1091;TCGA-BR-8384-01Z-00-DX1.4f2655b6-39ef-4532-b8ed-b604ee5dada5,TCGA-BR-8384-01Z-00-DX1.4f2655b6-39ef-4532-b8ed-b604ee5dada5,2,1,GDC primary tumor Slide Image metadata
TCGA-BR-8483,TCGA-BR-8483-01Z-00-DX1.0ddc4003-6d59-4b2b-9448-2755120de9f2,BR,0,0,0,CIN,3,0,included,mapped subtype in EBV/MSI/GS/CIN,all_slides_have_features,STAD_CIN,TCGA-BR-8483-01,NON_SENSITIVE,59.5,Male,Tubular,Stage_IIIA,ANTRUM,,5.391721735,0:LIVING,,,cbioportal:stad_tcga_pub,TCGA-BR-8483-01,CIN,MSS,0,Intestinal,Stage_IIIA,ANTRUM,T3,N2,M0,110.0,3.7,TCGA-BR-8483-01Z-00-DX1.0ddc4003-6d59-4b2b-9448-2755120de9f2,TCGA-BR-8483-01Z-00-DX1.0ddc4003-6d59-4b2b-9448-2755120de9f2,1,1,GDC primary tumor Slide Image metadata
TCGA-BR-8484,TCGA-BR-8484-01Z-00-DX1.5c897888-fcd2-4214-aa1e-f6a63ff1b755,BR,0,0,0,CIN,3,0,included,mapped subtype in EBV/MSI/GS/CIN,all_slides_have_features,STAD_CIN,TCGA-BR-8484-01,NON_SENSITIVE,61.83,Male,Tubular,Stage_IIIA,FUNDUS_BODY,,0.69,0:LIVING,,,cbioportal:stad_tcga_pub,TCGA-BR-8484-01,CIN,MSS,0,Intestinal,Stage_IIIA,FUNDUS_BODY,T4a,N1,M0,63.0,2.1,TCGA-BR-8484-01A-01-BS1.a0bb0e08-8f0a-4d28-9926-b8306f8f1f69;TCGA-BR-8484-01A-01-TS1.5d0aaf49-58b6-4526-948d-0f65726047be;TCGA-BR-8484-01Z-00-DX1.5c897888-fcd2-4214-aa1e-f6a63ff1b755,TCGA-BR-8484-01Z-00-DX1.5c897888-fcd2-4214-aa1e-f6a63ff1b755,3,1,GDC primary tumor Slide Image metadata
TCGA-BR-8485,TCGA-BR-8485-01Z-00-DX1.863bea72-3bd3-4f07-bbc9-e00d17ae39f7,BR,0,0,0,CIN,3,0,included,mapped subtype in EBV/MSI/GS/CIN,all_slides_have_features,STAD_CIN,TCGA-BR-8485-01,NON_SENSITIVE,68.02,Female,Mixed,Stage_IIIB,FUNDUS_BODY,,0.3,0:LIVING,,,cbioportal:stad_tcga_pub,TCGA-BR-8485-01,CIN,MSS,0,Mixed,Stage_IIIB,FUNDUS_BODY,T3,N3,M0,263.0,8.73333333333,TCGA-BR-8485-01A-01-BS1.4932653a-c5c4-43bf-8cae-76950fd3112e;TCGA-BR-8485-01A-01-TS1.108a155c-2251-4c07-bce3-1c7d791b7d66;TCGA-BR-8485-01Z-00-DX1.863bea72-3bd3-4f07-bbc9-e00d17ae39f7,TCGA-BR-8485-01Z-00-DX1.863bea72-3bd3-4f07-bbc9-e00d17ae39f7,3,1,GDC primary tumor Slide Image metadata
TCGA-BR-8486,TCGA-BR-8486-01Z-00-DX1.5a31224e-5c0e-49ca-ae65-d2edc8e4a0a2,BR,0,0,0,CIN,3,0,included,mapped subtype in EBV/MSI/GS/CIN,all_slides_have_features,STAD_CIN,TCGA-BR-8486-01,NON_SENSITIVE,90.0,Female,Tubular,Stage_IA,FUNDUS_BODY,,20.17,0:LIVING,20.17,0:DiseaseFree,cbioportal:stad_tcga_pub,TCGA-BR-8486-01,CIN,MSS,0,Intestinal,Stage_IA,FUNDUS_BODY,T1b,N0,M0,52.0,1.73333333333,TCGA-BR-8486-01Z-00-DX1.5a31224e-5c0e-49ca-ae65-d2edc8e4a0a2,TCGA-BR-8486-01Z-00-DX1.5a31224e-5c0e-49ca-ae65-d2edc8e4a0a2,1,1,GDC primary tumor Slide Image metadata
TCGA-BR-8487,TCGA-BR-8487-01Z-00-DX1.81ed3672-7b6c-4db4-9cba-3f0173709320,BR,1,0,1,MSI,1,0,included,mapped subtype in EBV/MSI/GS/CIN,all_slides_have_features,STAD_MSI,TCGA-BR-8487-01,IMMUNE_SENSITIVE,64.07,Female,Tubular,Stage_IIA,ANTRUM,,0.39,0:LIVING,0.39,0:DiseaseFree,cbioportal:stad_tcga_pub,TCGA-BR-8487-01,MSI,MSI-H,0,Intestinal,Stage_IIA,ANTRUM,T3,N0,M0,2796.0,93.6333333333,TCGA-BR-8487-01A-01-TS1.7c6c7fbc-e5b0-46ae-8716-9c18d54d7e47;TCGA-BR-8487-01Z-00-DX1.81ed3672-7b6c-4db4-9cba-3f0173709320,TCGA-BR-8487-01Z-00-DX1.81ed3672-7b6c-4db4-9cba-3f0173709320,2,1,GDC primary tumor Slide Image metadata
TCGA-BR-8588,TCGA-BR-8588-01Z-00-DX1.34ca86de-a957-4cf7-9337-de0bba1844bc,BR,0,0,0,GS,2,0,included,mapped subtype in EBV/MSI/GS/CIN,all_slides_have_features,STAD_GS,TCGA-BR-8588-01,NON_SENSITIVE,55.24,Female,Poorly_Cohesive,Stage_IIB,FUNDUS_BODY,,0.76,0:LIVING,,,cbioportal:stad_tcga_pub,TCGA-BR-8588-01,GS,MSS,0,Diffuse,Stage_IIB,FUNDUS_BODY,T4a,N0,M0,99.0,3.3,TCGA-BR-8588-01A-01-BS1.e36259dc-a8e2-429c-950c-3a068dd374b1;TCGA-BR-8588-01A-01-TS1.8e13e958-bb63-47a8-9cb1-494352661f03;TCGA-BR-8588-01Z-00-DX1.34ca86de-a957-4cf7-9337-de0bba1844bc,TCGA-BR-8588-01Z-00-DX1.34ca86de-a957-4cf7-9337-de0bba1844bc,3,1,GDC primary tumor Slide Image metadata
TCGA-BR-8589,TCGA-BR-8589-01Z-00-DX1.5cd1a083-358a-4238-b3ca-1bfcdc084e80,BR,0,1,1,EBV,0,0,included,mapped subtype in EBV/MSI/GS/CIN,all_slides_have_features,STAD_EBV,TCGA-BR-8589-01,IMMUNE_SENSITIVE,56.75,Male,Stomach Adenocarcinoma,Stage_IIB,FUNDUS_BODY,,15.77,0:LIVING,15.77,0:DiseaseFree,cbioportal:stad_tcga_pub,TCGA-BR-8589-01,EBV,MSS,1,,Stage_IIB,FUNDUS_BODY,T3,N1,M0,979.0,32.6666666667,TCGA-BR-8589-01A-01-BS1.934923e3-f4ae-4f65-85b8-ec092746988d;TCGA-BR-8589-01A-01-TS1.884dac9a-27ec-4ebf-84be-ebbf4b0aa12d;TCGA-BR-8589-01Z-00-DX1.5cd1a083-358a-4238-b3ca-1bfcdc084e80,TCGA-BR-8589-01Z-00-DX1.5cd1a083-358a-4238-b3ca-1bfcdc084e80,3,1,GDC primary tumor Slide Image metadata
TCGA-BR-8590,TCGA-BR-8590-01Z-00-DX1.504afa1d-3a8f-423f-9edf-4df35720c05f,BR,0,0,0,GS,2,0,included,mapped subtype in EBV/MSI/GS/CIN,all_slides_have_features,STAD_GS,TCGA-BR-8590-01,NON_SENSITIVE,62.8,Male,Mixed,Stage_IIIA,FUNDUS_BODY,,2.14,0:LIVING,,,cbioportal:stad_tcga_pub,TCGA-BR-8590-01,GS,MSS,0,Mixed,Stage_IIIA,FUNDUS_BODY,T3,N2,M0,105.0,3.53333333333,TCGA-BR-8590-01A-01-BS1.b176748e-9a81-4a4e-9560-85a3281d5e29;TCGA-BR-8590-01A-01-TS1.4f2d5f54-7de6-4f2c-8019-b6cc248005b4;TCGA-BR-8590-01Z-00-DX1.504afa1d-3a8f-423f-9edf-4df35720c05f,TCGA-BR-8590-01Z-00-DX1.504afa1d-3a8f-423f-9edf-4df35720c05f,3,1,GDC primary tumor Slide Image metadata
TCGA-BR-8591,TCGA-BR-8591-01Z-00-DX1.c64ee000-b80d-46dd-b347-7aa8ce3b6113,BR,1,0,1,MSI,1,0,included,mapped subtype in EBV/MSI/GS/CIN,all_slides_have_features,STAD_MSI,TCGA-BR-8591-01,IMMUNE_SENSITIVE,79.55,Male,Tubular,Stage_IIIB,ANTRUM,,13.6,0:LIVING,13.6,0:DiseaseFree,cbioportal:stad_tcga_pub,TCGA-BR-8591-01,MSI,MSI-H,0,Intestinal,Stage_IIIB,ANTRUM,T3,N3,M0,1327.0,44.9666666667,TCGA-BR-8591-01A-01-BS1.2ae64fa7-c4ba-49f5-953f-dffafc741092;TCGA-BR-8591-01A-01-TS1.55415776-f8cb-4295-9172-39edc7ab505e;TCGA-BR-8591-01Z-00-DX1.c64ee000-b80d-46dd-b347-7aa8ce3b6113,TCGA-BR-8591-01Z-00-DX1.c64ee000-b80d-46dd-b347-7aa8ce3b6113,3,1,GDC primary tumor Slide Image metadata
TCGA-BR-8592,TCGA-BR-8592-01Z-00-DX1.5656d484-7850-467a-9d51-b6005a992225,BR,0,0,0,GS,2,0,included,mapped subtype in EBV/MSI/GS/CIN,all_slides_have_features,STAD_GS,TCGA-BR-8592-01,NON_SENSITIVE,63.34,Female,Poorly_Cohesive,Stage_IIB,FUNDUS_BODY,,0.39,0:LIVING,,,cbioportal:stad_tcga_pub,TCGA-BR-8592-01,GS,MSS,0,Diffuse,Stage_IIB,FUNDUS_BODY,T3,N1,M0,34.0,1.13333333333,TCGA-BR-8592-01A-01-BS1.ae3a2784-9f98-48b2-b991-11562b23ccff;TCGA-BR-8592-01A-01-TS1.560a1732-a20d-450d-89f4-1ffc96d02cb1;TCGA-BR-8592-01Z-00-DX1.5656d484-7850-467a-9d51-b6005a992225,TCGA-BR-8592-01Z-00-DX1.5656d484-7850-467a-9d51-b6005a992225,3,1,GDC primary tumor Slide Image metadata
TCGA-BR-8676,TCGA-BR-8676-01Z-00-DX1.297da9bc-fbfd-4277-84e1-297f177211db,BR,0,1,1,EBV,0,0,included,mapped subtype in EBV/MSI/GS/CIN,all_slides_have_features,STAD_EBV,TCGA-BR-8676-01,IMMUNE_SENSITIVE,59.19,Male,Intestinal,Stage_IIIB,ANTRUM,,6.64,0:LIVING,,,cbioportal:stad_tcga_pub,TCGA-BR-8676-01,EBV,MSS,1,Intestinal,Stage_IIIB,ANTRUM,T3,N3,M0,72.0,2.36666666667,TCGA-BR-8676-01A-01-BS1.14f1f0fe-4043-40a4-a76d-c064c411123a;TCGA-BR-8676-01A-01-TS1.30fa1bfb-b1fa-4922-8c80-bdeb0073bfa8;TCGA-BR-8676-01Z-00-DX1.297da9bc-fbfd-4277-84e1-297f177211db,TCGA-BR-8676-01Z-00-DX1.297da9bc-fbfd-4277-84e1-297f177211db,3,1,GDC primary tumor Slide Image metadata
TCGA-BR-8677,TCGA-BR-8677-01Z-00-DX1.7b2468f0-636f-4447-ae26-05cacf24e9c4,BR,0,0,0,GS,2,0,included,mapped subtype in EBV/MSI/GS/CIN,all_slides_have_features,STAD_GS,TCGA-BR-8677-01,NON_SENSITIVE,74.53,Female,Poorly_Cohesive,Stage_IIIB,ANTRUM,,26.72847421,0:LIVING,,,cbioportal:stad_tcga_pub,TCGA-BR-8677-01,GS,MSS,0,Diffuse,Stage_IIIB,ANTRUM,T3,N3,M0,57.0,1.9,TCGA-BR-8677-01A-01-BS1.337b1648-336c-4365-bb31-cee693eb497d;TCGA-BR-8677-01A-01-TS1.0c13a7c9-5763-434e-8360-a5f04501d419;TCGA-BR-8677-01Z-00-DX1.7b2468f0-636f-4447-ae26-05cacf24e9c4,TCGA-BR-8677-01Z-00-DX1.7b2468f0-636f-4447-ae26-05cacf24e9c4,3,1,GDC primary tumor Slide Image metadata
TCGA-BR-8678,TCGA-BR-8678-01Z-00-DX1.b6b8888f-c3e6-4466-a13b-8434ff5b3a30,BR,0,0,0,CIN,3,0,included,mapped subtype in EBV/MSI/GS/CIN,all_slides_have_features,STAD_CIN,TCGA-BR-8678-01,NON_SENSITIVE,76.76,Male,Intestinal,Stage_IB,FUNDUS_BODY,,0.16,0:LIVING,,,cbioportal:stad_tcga_pub,TCGA-BR-8678-01,CIN,MSS,0,Intestinal,Stage_IB,FUNDUS_BODY,T2,N0,M0,98.0,3.26666666667,TCGA-BR-8678-01A-01-BS1.9c9917f3-8de2-4bab-9103-bdb853cdf2a6;TCGA-BR-8678-01A-01-TS1.e16548e4-d194-4bc3-af47-ed4f4d0215c9;TCGA-BR-8678-01Z-00-DX1.b6b8888f-c3e6-4466-a13b-8434ff5b3a30,TCGA-BR-8678-01Z-00-DX1.b6b8888f-c3e6-4466-a13b-8434ff5b3a30,3,1,GDC primary tumor Slide Image metadata
TCGA-BR-8679,TCGA-BR-8679-01Z-00-DX1.2aa8a10d-4b62-479b-bea8-6c48428a888a,BR,0,0,0,CIN,3,0,included,mapped subtype in EBV/MSI/GS/CIN,all_slides_have_features,STAD_CIN,TCGA-BR-8679-01,NON_SENSITIVE,63.2,Female,Mucinous,Stage_IB,FUNDUS_BODY,,0.16,0:LIVING,,,cbioportal:stad_tcga_pub,TCGA-BR-8679-01,CIN,MSI-L,0,Intestinal,Stage_IB,FUNDUS_BODY,T2,N0,M0,131.0,4.36666666667,TCGA-BR-8679-01A-01-BS1.4aa6d7d0-d878-4b0d-a327-e409406bdda6;TCGA-BR-8679-01A-01-TS1.19f583b4-0338-451b-a34f-240f2ec47091;TCGA-BR-8679-01Z-00-DX1.2aa8a10d-4b62-479b-bea8-6c48428a888a,TCGA-BR-8679-01Z-00-DX1.2aa8a10d-4b62-479b-bea8-6c48428a888a,3,1,GDC primary tumor Slide Image metadata
TCGA-BR-8680,TCGA-BR-8680-01Z-00-DX1.a314ef6e-f3f9-4148-934e-dc432e3f39e8,BR,0,0,0,GS,2,0,included,mapped subtype in EBV/MSI/GS/CIN,all_slides_have_features,STAD_GS,TCGA-BR-8680-01,NON_SENSITIVE,45.55,Male,Tubular,Stage_IV,ANTRUM,,15.38,0:LIVING,15.38,0:DiseaseFree,cbioportal:stad_tcga_pub,TCGA-BR-8680-01,GS,MSS,0,Intestinal,Stage_IV,ANTRUM,T4a,N2,M1,5216.0,174.0,TCGA-BR-8680-01A-01-BS1.f37b0585-b6bc-4569-86ca-82b9532c6cdb;TCGA-BR-8680-01A-01-TS1.69a434d0-ac36-4439-8fcb-0711a16f24a8;TCGA-BR-8680-01Z-00-DX1.a314ef6e-f3f9-4148-934e-dc432e3f39e8,TCGA-BR-8680-01Z-00-DX1.a314ef6e-f3f9-4148-934e-dc432e3f39e8,3,1,GDC primary tumor Slide Image metadata
TCGA-BR-8682,TCGA-BR-8682-01Z-00-DX1.269b5b35-7ccb-4343-b2a4-2add6fa129a5,BR,0,0,0,CIN,3,0,included,mapped subtype in EBV/MSI/GS/CIN,all_slides_have_features,STAD_CIN,TCGA-BR-8682-01,NON_SENSITIVE,52.47,Male,Tubular,Stage_IIB,ANTRUM,,15.08,0:LIVING,15.08,0:DiseaseFree,cbioportal:stad_tcga_pub,TCGA-BR-8682-01,CIN,MSS,0,Intestinal,Stage_IIB,ANTRUM,T4a,N0,M0,57.0,1.93333333333,TCGA-BR-8682-01A-01-BS1.a0c3aebe-0015-4d16-bdb7-64a608468bcd;TCGA-BR-8682-01A-01-TS1.dbd82fc8-e7a1-4b2f-ae52-6ed19981e6d6;TCGA-BR-8682-01Z-00-DX1.269b5b35-7ccb-4343-b2a4-2add6fa129a5,TCGA-BR-8682-01Z-00-DX1.269b5b35-7ccb-4343-b2a4-2add6fa129a5,3,1,GDC primary tumor Slide Image metadata
TCGA-BR-8683,TCGA-BR-8683-01Z-00-DX1.586c64f3-3f10-4729-99e2-38c6bd32e50d,BR,0,0,0,CIN,3,0,included,mapped subtype in EBV/MSI/GS/CIN,all_slides_have_features,STAD_CIN,TCGA-BR-8683-01,NON_SENSITIVE,75.42,Male,Tubular,Stage_IIIB,ANTRUM,,9.59,1:DECEASED,0.33,0:DiseaseFree,cbioportal:stad_tcga_pub,TCGA-BR-8683-01,CIN,MSI-L,0,Intestinal,Stage_IIIB,ANTRUM,T4a,N2,M0,121.0,4.03333333333,TCGA-BR-8683-01A-01-BS1.d4ce34fc-ad4b-443e-8ef3-95dba25729a2;TCGA-BR-8683-01A-01-TS1.d293bef6-3fa5-4f77-8545-26f32f269cdd;TCGA-BR-8683-01Z-00-DX1.586c64f3-3f10-4729-99e2-38c6bd32e50d,TCGA-BR-8683-01Z-00-DX1.586c64f3-3f10-4729-99e2-38c6bd32e50d,3,1,GDC primary tumor Slide Image metadata
TCGA-BR-8686,TCGA-BR-8686-01Z-00-DX1.8f559dd9-228e-4ed2-a7e4-16e04b80f05c,BR,0,1,1,EBV,0,0,included,mapped subtype in EBV/MSI/GS/CIN,all_slides_have_features,STAD_EBV,TCGA-BR-8686-01,IMMUNE_SENSITIVE,69.47,Male,Poorly_Cohesive,Stage_IIIA,ANTRUM,,15.38,0:LIVING,15.38,0:DiseaseFree,cbioportal:stad_tcga_pub,TCGA-BR-8686-01,EBV,MSS,1,Diffuse,Stage_IIIA,ANTRUM,T4a,N1,M0,86.0,2.9,TCGA-BR-8686-01A-01-BS1.b7643c00-becf-4ba2-82ee-ab1421597ae7;TCGA-BR-8686-01A-01-TS1.a3f1d903-fa76-4741-afe1-ffb52cc38a4d;TCGA-BR-8686-01Z-00-DX1.8f559dd9-228e-4ed2-a7e4-16e04b80f05c,TCGA-BR-8686-01Z-00-DX1.8f559dd9-228e-4ed2-a7e4-16e04b80f05c,3,1,GDC primary tumor Slide Image metadata
TCGA-BR-8687,TCGA-BR-8687-01Z-00-DX1.95a2ccce-d477-42ca-9be1-eec03bc9f117,BR,0,0,0,CIN,3,0,included,mapped subtype in EBV/MSI/GS/CIN,all_slides_have_features,STAD_CIN,TCGA-BR-8687-01,NON_SENSITIVE,67.0,Female,Papillary,Stage_IIIA,GEJ_CARDIA,,0.82,0:LIVING,,,cbioportal:stad_tcga_pub,TCGA-BR-8687-01,CIN,MSS,0,Intestinal,Stage_IIIA,GEJ_CARDIA,T3,N2,M0,150.0,5.0,TCGA-BR-8687-01A-01-BS1.1dfd115f-8b45-4baa-9f38-74acee5cc05e;TCGA-BR-8687-01A-01-TS1.184ca602-82a9-4a63-bd7d-f813e6ab84fa;TCGA-BR-8687-01Z-00-DX1.95a2ccce-d477-42ca-9be1-eec03bc9f117,TCGA-BR-8687-01Z-00-DX1.95a2ccce-d477-42ca-9be1-eec03bc9f117,3,1,GDC primary tumor Slide Image metadata
TCGA-BR-8690,TCGA-BR-8690-01Z-00-DX1.e94544ed-62a3-41f3-95d5-f0ba9dfaa77f,BR,0,0,0,CIN,3,0,included,mapped subtype in EBV/MSI/GS/CIN,all_slides_have_features,STAD_CIN,TCGA-BR-8690-01,NON_SENSITIVE,54.36,Female,Intestinal,Stage_IIIB,GEJ_CARDIA,,10.12,0:LIVING,10.12,0:DiseaseFree,cbioportal:stad_tcga_pub,TCGA-BR-8690-01,CIN,MSI-L,0,Intestinal,Stage_IIIB,GEJ_CARDIA,T3,N3,M0,129.0,4.3,TCGA-BR-8690-01A-01-BS1.6a71b721-18b9-432d-9884-a7845b61b0a9;TCGA-BR-8690-01A-01-TS1.4411c3e3-2f4a-4ee7-b7a7-d4c76125c45c;TCGA-BR-8690-01Z-00-DX1.e94544ed-62a3-41f3-95d5-f0ba9dfaa77f,TCGA-BR-8690-01Z-00-DX1.e94544ed-62a3-41f3-95d5-f0ba9dfaa77f,3,1,GDC primary tumor Slide Image metadata
TCGA-BR-A44T,TCGA-BR-A44T-01Z-00-DX1.46AA24E7-F2C9-418B-90AA-D6DA2896F5DE,BR,0,0,0,GS,2,0,included,mapped subtype in EBV/MSI/GS/CIN,all_slides_have_features,STAD_GS,TCGA-BR-A44T-01,NON_SENSITIVE,53.13,Female,Poorly_Cohesive,Stage_IIA,GEJ_CARDIA,,12.12,0:LIVING,12.12,0:DiseaseFree,cbioportal:stad_tcga_pub,TCGA-BR-A44T-01,GS,MSS,0,Diffuse,Stage_IIA,GEJ_CARDIA,T3,N0,M0,15.0,0.5,TCGA-BR-A44T-01A-03-TSC.3C041ED7-C60E-4C14-8B96-D9B479FDE666;TCGA-BR-A44T-01Z-00-DX1.46AA24E7-F2C9-418B-90AA-D6DA2896F5DE,TCGA-BR-A44T-01Z-00-DX1.46AA24E7-F2C9-418B-90AA-D6DA2896F5DE,2,1,GDC primary tumor Slide Image metadata
TCGA-BR-A44U,TCGA-BR-A44U-01Z-00-DX1.8C665560-8CAC-4ABF-B2B2-17A76B3A9F14,BR,0,0,0,CIN,3,0,included,mapped subtype in EBV/MSI/GS/CIN,all_slides_have_features,STAD_CIN,TCGA-BR-A44U-01,NON_SENSITIVE,70.03,Male,Mixed,Stage_IIIB,ANTRUM,,12.39,0:LIVING,12.39,0:DiseaseFree,cbioportal:stad_tcga_pub,TCGA-BR-A44U-01,CIN,MSS,0,Mixed,Stage_IIIB,ANTRUM,T3,N3,M0,72.0,2.4,TCGA-BR-A44U-01A-01-TSA.B04E47AB-B76C-436F-9ADE-82A3D6895F6B;TCGA-BR-A44U-01Z-00-DX1.8C665560-8CAC-4ABF-B2B2-17A76B3A9F14,TCGA-BR-A44U-01Z-00-DX1.8C665560-8CAC-4ABF-B2B2-17A76B3A9F14,2,1,GDC primary tumor Slide Image metadata
TCGA-BR-A452,TCGA-BR-A452-01Z-00-DX1.049385EF-FF29-4124-800D-A3FF525A85A0,BR,0,0,0,CIN,3,0,included,mapped subtype in EBV/MSI/GS/CIN,all_slides_have_features,STAD_CIN,TCGA-BR-A452-01,NON_SENSITIVE,57.79,Male,Tubular,Stage_IIIA,ANTRUM,,0.2,0:LIVING,0.2,0:DiseaseFree,cbioportal:stad_tcga_pub,TCGA-BR-A452-01,CIN,MSS,0,Intestinal,Stage_IIIA,ANTRUM,T4a,N1,M0,91.0,3.03333333333,TCGA-BR-A452-01A-09-TSI.BD3971E5-7F5A-4798-AA61-67CBFBCB01C8;TCGA-BR-A452-01Z-00-DX1.049385EF-FF29-4124-800D-A3FF525A85A0,TCGA-BR-A452-01Z-00-DX1.049385EF-FF29-4124-800D-A3FF525A85A0,2,1,GDC primary tumor Slide Image metadata
TCGA-BR-A453,TCGA-BR-A453-01Z-00-DX1.23506C02-B7C6-426B-999F-6D9A75942281,BR,0,0,0,GS,2,0,included,mapped subtype in EBV/MSI/GS/CIN,all_slides_have_features,STAD_GS,TCGA-BR-A453-01,NON_SENSITIVE,51.98,Male,Poorly_Cohesive,Stage_IV,ANTRUM,,3.22,1:DECEASED,0.16,0:DiseaseFree,cbioportal:stad_tcga_pub,TCGA-BR-A453-01,GS,MSS,0,Diffuse,Stage_IV,ANTRUM,T4a,N3,M1,54.0,1.8,TCGA-BR-A453-01A-01-TSA.8CB21363-826C-4EFD-96C4-A2773717A72C;TCGA-BR-A453-01Z-00-DX1.23506C02-B7C6-426B-999F-6D9A75942281,TCGA-BR-A453-01Z-00-DX1.23506C02-B7C6-426B-999F-6D9A75942281,2,1,GDC primary tumor Slide Image metadata
TCGA-BR-A4CQ,TCGA-BR-A4CQ-01Z-00-DX1.B63282A5-154D-441B-BF96-5BB26CB6D95E,BR,0,0,0,CIN,3,0,included,mapped subtype in EBV/MSI/GS/CIN,all_slides_have_features,STAD_CIN,TCGA-BR-A4CQ-01,NON_SENSITIVE,58.06,Male,Tubular,Stage_IIIA,GEJ_CARDIA,,34.98043857,0:LIVING,,0:DiseaseFree,cbioportal:stad_tcga_pub,TCGA-BR-A4CQ-01,CIN,MSS,0,Intestinal,Stage_IIIA,GEJ_CARDIA,T4a,N1,M0,140.0,4.7,TCGA-BR-A4CQ-01A-01-TSA.DFCFCB13-F7B0-4744-9CDA-65D349223A70;TCGA-BR-A4CQ-01Z-00-DX1.B63282A5-154D-441B-BF96-5BB26CB6D95E,TCGA-BR-A4CQ-01Z-00-DX1.B63282A5-154D-441B-BF96-5BB26CB6D95E,2,1,GDC primary tumor Slide Image metadata
TCGA-BR-A4CR,TCGA-BR-A4CR-01Z-00-DX1.9DC43CFC-D1DC-4851-A1C1-CE8E3A24B8A4,BR,0,0,0,CIN,3,0,included,mapped subtype in EBV/MSI/GS/CIN,all_slides_have_features,STAD_CIN,TCGA-BR-A4CR-01,NON_SENSITIVE,70.28,Female,Tubular,Stage_IIIB,FUNDUS_BODY,,1.68,0:LIVING,1.68,0:DiseaseFree,cbioportal:stad_tcga_pub,TCGA-BR-A4CR-01,CIN,MSS,0,Intestinal,Stage_IIIB,FUNDUS_BODY,T3,N3,M0,50.0,1.63333333333,TCGA-BR-A4CR-01A-01-TSA.36A47474-F739-4C4D-A01F-BA1327F065A6;TCGA-BR-A4CR-01Z-00-DX1.9DC43CFC-D1DC-4851-A1C1-CE8E3A24B8A4,TCGA-BR-A4CR-01Z-00-DX1.9DC43CFC-D1DC-4851-A1C1-CE8E3A24B8A4,2,1,GDC primary tumor Slide Image metadata
TCGA-BR-A4CS,TCGA-BR-A4CS-01Z-00-DX1.84B5892C-6C7F-474D-BA09-04E870A47764,BR,0,0,0,CIN,3,0,included,mapped subtype in EBV/MSI/GS/CIN,all_slides_have_features,STAD_CIN,TCGA-BR-A4CS-01,NON_SENSITIVE,77.24,Male,Intestinal,Stage_IIIB,FUNDUS_BODY,,0.92,0:LIVING,0.92,0:DiseaseFree,cbioportal:stad_tcga_pub,TCGA-BR-A4CS-01,CIN,MSS,0,Intestinal,Stage_IIIB,FUNDUS_BODY,T3,N3,M0,130.0,4.33333333333,TCGA-BR-A4CS-01A-01-TSA.97D85D2E-CC0D-411B-AF1B-3A1C6C98BFED;TCGA-BR-A4CS-01Z-00-DX1.84B5892C-6C7F-474D-BA09-04E870A47764,TCGA-BR-A4CS-01Z-00-DX1.84B5892C-6C7F-474D-BA09-04E870A47764,2,1,GDC primary tumor Slide Image metadata
TCGA-BR-A4IU,TCGA-BR-A4IU-01Z-00-DX1.4F3CD2B4-A19E-42C5-9ABD-850D80D47E4C,BR,0,0,0,GS,2,0,included,mapped subtype in EBV/MSI/GS/CIN,all_slides_have_features,STAD_GS,TCGA-BR-A4IU-01,NON_SENSITIVE,34.5,Female,Poorly_Cohesive,Stage_IIIA,ANTRUM,,13.01,0:LIVING,13.01,0:DiseaseFree,cbioportal:stad_tcga_pub,TCGA-BR-A4IU-01,GS,MSS,0,Diffuse,Stage_IIIA,ANTRUM,T4a,N1,M0,21.0,0.7,TCGA-BR-A4IU-01A-02-TSB.726A9E0A-F2E1-4E88-9DB7-720EC4848CB5;TCGA-BR-A4IU-01Z-00-DX1.4F3CD2B4-A19E-42C5-9ABD-850D80D47E4C,TCGA-BR-A4IU-01Z-00-DX1.4F3CD2B4-A19E-42C5-9ABD-850D80D47E4C,2,1,GDC primary tumor Slide Image metadata
TCGA-BR-A4IV,TCGA-BR-A4IV-01Z-00-DX1.53BA2682-9B7A-4035-B811-4A3504158298,BR,0,0,0,GS,2,0,included,mapped subtype in EBV/MSI/GS/CIN,all_slides_have_features,STAD_GS,TCGA-BR-A4IV-01,NON_SENSITIVE,47.95,Male,Poorly_Cohesive,Stage_IIIB,ANTRUM,,12.78,0:LIVING,12.78,0:DiseaseFree,cbioportal:stad_tcga_pub,TCGA-BR-A4IV-01,GS,MSS,0,Diffuse,Stage_IIIB,ANTRUM,T4a,N2,M0,20.0,0.666666666667,TCGA-BR-A4IV-01A-03-TSC.8D0FF06A-A990-4383-B6D7-8513EC4824A1;TCGA-BR-A4IV-01Z-00-DX1.53BA2682-9B7A-4035-B811-4A3504158298,TCGA-BR-A4IV-01Z-00-DX1.53BA2682-9B7A-4035-B811-4A3504158298,2,1,GDC primary tumor Slide Image metadata
TCGA-BR-A4IY,TCGA-BR-A4IY-01Z-00-DX1.84134CDC-D21F-43AD-82E3-1074487457F6,BR,0,0,0,CIN,3,0,included,mapped subtype in EBV/MSI/GS/CIN,all_slides_have_features,STAD_CIN,TCGA-BR-A4IY-01,NON_SENSITIVE,58.35,Male,Tubular,Stage_IIB,ANTRUM,,12.68,0:LIVING,12.68,0:DiseaseFree,cbioportal:stad_tcga_pub,TCGA-BR-A4IY-01,CIN,MSS,0,Intestinal,Stage_IIB,ANTRUM,T4a,N0,M0,123.0,4.1,TCGA-BR-A4IY-01A-01-TSA.181E4986-82E1-485E-AA53-9A30B58DBB5E;TCGA-BR-A4IY-01Z-00-DX1.84134CDC-D21F-43AD-82E3-1074487457F6,TCGA-BR-A4IY-01Z-00-DX1.84134CDC-D21F-43AD-82E3-1074487457F6,2,1,GDC primary tumor Slide Image metadata
TCGA-BR-A4IZ,TCGA-BR-A4IZ-01Z-00-DX1.8D8B49FE-E60E-4DED-AC30-FD32605E7EAF,BR,0,0,0,GS,2,0,included,mapped subtype in EBV/MSI/GS/CIN,all_slides_have_features,STAD_GS,TCGA-BR-A4IZ-01,NON_SENSITIVE,45.71,Female,Poorly_Cohesive,Stage_IIIB,ANTRUM,,0.2,0:LIVING,,,cbioportal:stad_tcga_pub,TCGA-BR-A4IZ-01,GS,MSS,0,Diffuse,Stage_IIIB,ANTRUM,T4a,N2,M0,9.0,0.3,TCGA-BR-A4IZ-01A-03-TSC.E7200BE8-C00C-4A2E-A22E-68EB5AB0808A;TCGA-BR-A4IZ-01Z-00-DX1.8D8B49FE-E60E-4DED-AC30-FD32605E7EAF,TCGA-BR-A4IZ-01Z-00-DX1.8D8B49FE-E60E-4DED-AC30-FD32605E7EAF,2,1,GDC primary tumor Slide Image metadata
TCGA-BR-A4J1,TCGA-BR-A4J1-01Z-00-DX1.B4F9F7D6-174B-42C9-AFFF-A088398F18EA,BR,0,0,0,CIN,3,0,included,mapped subtype in EBV/MSI/GS/CIN,all_slides_have_features,STAD_CIN,TCGA-BR-A4J1-01,NON_SENSITIVE,63.7,Male,Tubular,Stage_IIIA,ANTRUM,,0.16,1:DECEASED,,,cbioportal:stad_tcga_pub,TCGA-BR-A4J1-01,CIN,MSS,0,Intestinal,Stage_IIIA,ANTRUM,T4a,N1,M0,59.0,1.96666666667,TCGA-BR-A4J1-01A-01-TSA.C6EB79BC-D699-44B4-9CA3-04AFE0576B44;TCGA-BR-A4J1-01Z-00-DX1.B4F9F7D6-174B-42C9-AFFF-A088398F18EA,TCGA-BR-A4J1-01Z-00-DX1.B4F9F7D6-174B-42C9-AFFF-A088398F18EA,2,1,GDC primary tumor Slide Image metadata
TCGA-BR-A4J2,TCGA-BR-A4J2-01Z-00-DX1.37D92442-6B00-4171-81E3-73A7FC6BBEF4,BR,0,0,0,GS,2,0,included,mapped subtype in EBV/MSI/GS/CIN,all_slides_have_features,STAD_GS,TCGA-BR-A4J2-01,NON_SENSITIVE,70.89,Male,Poorly_Cohesive,Stage_IIB,ANTRUM,,13.57,0:LIVING,13.57,0:DiseaseFree,cbioportal:stad_tcga_pub,TCGA-BR-A4J2-01,GS,MSS,0,Diffuse,Stage_IIB,ANTRUM,T4a,N0,M0,32.0,1.06666666667,TCGA-BR-A4J2-01A-02-TSB.55C322DB-3850-4710-BA07-EB2545D7D754;TCGA-BR-A4J2-01Z-00-DX1.37D92442-6B00-4171-81E3-73A7FC6BBEF4,TCGA-BR-A4J2-01Z-00-DX1.37D92442-6B00-4171-81E3-73A7FC6BBEF4,2,1,GDC primary tumor Slide Image metadata
TCGA-BR-A4J4,TCGA-BR-A4J4-01Z-00-DX1.06376906-1008-433B-BD90-B5697B0BBEE3,BR,0,1,1,EBV,0,0,included,mapped subtype in EBV/MSI/GS/CIN,all_slides_have_features,STAD_EBV,TCGA-BR-A4J4-01,IMMUNE_SENSITIVE,39.58,Male,Poorly_Cohesive,Stage_IIIB,ANTRUM,,0.2,0:LIVING,,,cbioportal:stad_tcga_pub,TCGA-BR-A4J4-01,EBV,MSI-L,1,Diffuse,Stage_IIIB,ANTRUM,T4a,N2,M0,74.0,2.46666666667,TCGA-BR-A4J4-01A-01-TSA.777286E1-D5EF-48EF-8BD7-D143A3492697;TCGA-BR-A4J4-01Z-00-DX1.06376906-1008-433B-BD90-B5697B0BBEE3,TCGA-BR-A4J4-01Z-00-DX1.06376906-1008-433B-BD90-B5697B0BBEE3,2,1,GDC primary tumor Slide Image metadata
TCGA-BR-A4J5,TCGA-BR-A4J5-01Z-00-DX1.C7D0D294-0280-415A-A8BB-ACB3177E5A0D,BR,0,0,0,GS,2,0,included,mapped subtype in EBV/MSI/GS/CIN,all_slides_have_features,STAD_GS,TCGA-BR-A4J5-01,NON_SENSITIVE,56.71,Male,Mucinous,Stage_IIIA,ANTRUM,,12.58,0:LIVING,12.58,0:DiseaseFree,cbioportal:stad_tcga_pub,TCGA-BR-A4J5-01,GS,MSS,0,Intestinal,Stage_IIIA,ANTRUM,T4a,N1,M0,,0.0,TCGA-BR-A4J5-01A-02-TSB.736F3608-456D-4115-A144-682275585EBA;TCGA-BR-A4J5-01Z-00-DX1.C7D0D294-0280-415A-A8BB-ACB3177E5A0D,TCGA-BR-A4J5-01Z-00-DX1.C7D0D294-0280-415A-A8BB-ACB3177E5A0D,2,1,GDC primary tumor Slide Image metadata
TCGA-BR-A4J6,TCGA-BR-A4J6-01Z-00-DX1.59317146-9CAF-4F48-B9F6-D026B3603652,BR,0,0,0,GS,2,0,included,mapped subtype in EBV/MSI/GS/CIN,all_slides_have_features,STAD_GS,TCGA-BR-A4J6-01,NON_SENSITIVE,69.21,Female,Tubular,Stage_IIA,GEJ_CARDIA,,0.657527041,0:LIVING,,,cbioportal:stad_tcga_pub,TCGA-BR-A4J6-01,GS,MSS,0,Intestinal,Stage_IIA,GEJ_CARDIA,T3,N0,M0,29.0,0.966666666667,TCGA-BR-A4J6-01A-01-TSA.CA4B47F7-0BE3-4161-8C1A-47D897997135;TCGA-BR-A4J6-01Z-00-DX1.59317146-9CAF-4F48-B9F6-D026B3603652,TCGA-BR-A4J6-01Z-00-DX1.59317146-9CAF-4F48-B9F6-D026B3603652,2,1,GDC primary tumor Slide Image metadata
TCGA-BR-A4J7,TCGA-BR-A4J7-01Z-00-DX1.95C74F68-FA18-446D-934D-296D9215D500,BR,0,0,0,GS,2,0,included,mapped subtype in EBV/MSI/GS/CIN,all_slides_have_features,STAD_GS,TCGA-BR-A4J7-01,NON_SENSITIVE,49.1,Male,Mucinous,Stage_IIB,ANTRUM,,0.2,0:LIVING,,,cbioportal:stad_tcga_pub,TCGA-BR-A4J7-01,GS,MSS,0,Intestinal,Stage_IIB,ANTRUM,T4a,N0,M0,41.0,1.36666666667,TCGA-BR-A4J7-01A-03-TSC.EC6B4DB4-6158-4236-88B4-8B80FD258780;TCGA-BR-A4J7-01Z-00-DX1.95C74F68-FA18-446D-934D-296D9215D500,TCGA-BR-A4J7-01Z-00-DX1.95C74F68-FA18-446D-934D-296D9215D500,2,1,GDC primary tumor Slide Image metadata
TCGA-BR-A4J8,TCGA-BR-A4J8-01Z-00-DX1.40FF4C05-E9BF-412B-93D7-5E0CDCDAC4B1,BR,0,0,0,CIN,3,0,included,mapped subtype in EBV/MSI/GS/CIN,all_slides_have_features,STAD_CIN,TCGA-BR-A4J8-01,NON_SENSITIVE,71.31,Female,Mixed,Stage_IIIB,GEJ_CARDIA,,13.51218069,0:LIVING,,,cbioportal:stad_tcga_pub,TCGA-BR-A4J8-01,CIN,MSS,0,Mixed,Stage_IIIB,GEJ_CARDIA,T3,N3,M0,72.0,2.4,TCGA-BR-A4J8-01A-01-TSA.75EF0D69-DB43-4F96-992B-5FFDDC0230EA;TCGA-BR-A4J8-01Z-00-DX1.40FF4C05-E9BF-412B-93D7-5E0CDCDAC4B1,TCGA-BR-A4J8-01Z-00-DX1.40FF4C05-E9BF-412B-93D7-5E0CDCDAC4B1,2,1,GDC primary tumor Slide Image metadata
TCGA-BR-A4J9,TCGA-BR-A4J9-01Z-00-DX1.BF65A4F7-AB59-4488-A7C1-152C89BEA917,BR,0,0,0,GS,2,0,included,mapped subtype in EBV/MSI/GS/CIN,all_slides_have_features,STAD_GS,TCGA-BR-A4J9-01,NON_SENSITIVE,55.01,Male,Poorly_Cohesive,Stage_IIA,ANTRUM,,0.460268929,0:LIVING,,,cbioportal:stad_tcga_pub,TCGA-BR-A4J9-01,GS,MSS,0,Diffuse,Stage_IIA,ANTRUM,T3,N0,M0,,0.0,TCGA-BR-A4J9-01A-01-TSA.555FCA42-9354-4BDD-BF1B-02E2563ED7B7;TCGA-BR-A4J9-01Z-00-DX1.BF65A4F7-AB59-4488-A7C1-152C89BEA917,TCGA-BR-A4J9-01Z-00-DX1.BF65A4F7-AB59-4488-A7C1-152C89BEA917,2,1,GDC primary tumor Slide Image metadata
TCGA-BR-A4PD,TCGA-BR-A4PD-01Z-00-DX1.F89DB0AC-DED8-4941-80A8-0C7975571C3C,BR,0,0,0,CIN,3,0,included,mapped subtype in EBV/MSI/GS/CIN,all_slides_have_features,STAD_CIN,TCGA-BR-A4PD-01,NON_SENSITIVE,72.1,Female,Tubular,Stage_IIB,FUNDUS_BODY,,1.38,0:LIVING,1.38,0:DiseaseFree,cbioportal:stad_tcga_pub,TCGA-BR-A4PD-01,CIN,MSS,0,Intestinal,Stage_IIB,FUNDUS_BODY,T4a,N0,M0,132.0,4.4,TCGA-BR-A4PD-01A-01-TSA.CBD803CA-1E0D-4351-A4BE-755F97EE83B3;TCGA-BR-A4PD-01Z-00-DX1.F89DB0AC-DED8-4941-80A8-0C7975571C3C,TCGA-BR-A4PD-01Z-00-DX1.F89DB0AC-DED8-4941-80A8-0C7975571C3C,2,1,GDC primary tumor Slide Image metadata
TCGA-BR-A4PE,TCGA-BR-A4PE-01Z-00-DX1.9C427636-8A7E-4D4E-9773-5C5D9D0C617C,BR,0,0,0,CIN,3,0,included,mapped subtype in EBV/MSI/GS/CIN,all_slides_have_features,STAD_CIN,TCGA-BR-A4PE-01,NON_SENSITIVE,68.41,Female,Tubular,Stage_IB,GEJ_CARDIA,,20.41621462,0:LIVING,,,cbioportal:stad_tcga_pub,TCGA-BR-A4PE-01,CIN,MSS,0,Intestinal,Stage_IB,GEJ_CARDIA,T2,N0,M0,176.0,5.9,TCGA-BR-A4PE-01A-03-TSC.35369074-D1A7-4CF4-882F-C906EC5BB9A3;TCGA-BR-A4PE-01Z-00-DX1.9C427636-8A7E-4D4E-9773-5C5D9D0C617C,TCGA-BR-A4PE-01Z-00-DX1.9C427636-8A7E-4D4E-9773-5C5D9D0C617C,2,1,GDC primary tumor Slide Image metadata
TCGA-BR-A4PF,TCGA-BR-A4PF-01Z-00-DX1.43DBDE88-34C4-494B-9B47-473ED525149F,BR,0,0,0,CIN,3,0,included,mapped subtype in EBV/MSI/GS/CIN,all_slides_have_features,STAD_CIN,TCGA-BR-A4PF-01,NON_SENSITIVE,72.31,Male,Intestinal,Stage_IIIB,ANTRUM,,0.72,0:LIVING,,,cbioportal:stad_tcga_pub,TCGA-BR-A4PF-01,CIN,MSS,0,Intestinal,Stage_IIIB,ANTRUM,T4a,N2,M0,92.0,3.03333333333,TCGA-BR-A4PF-01A-01-TSA.6E316DA3-7333-458B-A412-16FAF2B1D1EB;TCGA-BR-A4PF-01Z-00-DX1.43DBDE88-34C4-494B-9B47-473ED525149F,TCGA-BR-A4PF-01Z-00-DX1.43DBDE88-34C4-494B-9B47-473ED525149F,2,1,GDC primary tumor Slide Image metadata
TCGA-BR-A4QI,TCGA-BR-A4QI-01Z-00-DX1.68312256-CBC5-4350-B4AD-A5990948BCB8,BR,0,0,0,CIN,3,0,included,mapped subtype in EBV/MSI/GS/CIN,all_slides_have_features,STAD_CIN,TCGA-BR-A4QI-01,NON_SENSITIVE,70.99,Female,Intestinal,Stage_IIA,ANTRUM,,13.6436861,0:LIVING,,0:DiseaseFree,cbioportal:stad_tcga_pub,TCGA-BR-A4QI-01,CIN,MSS,0,Intestinal,Stage_IIA,ANTRUM,T3,N0,M0,108.0,3.63333333333,TCGA-BR-A4QI-01A-01-TSA.6750B0BF-6D81-4178-A9C0-99FE6F48847C;TCGA-BR-A4QI-01Z-00-DX1.68312256-CBC5-4350-B4AD-A5990948BCB8,TCGA-BR-A4QI-01Z-00-DX1.68312256-CBC5-4350-B4AD-A5990948BCB8,2,1,GDC primary tumor Slide Image metadata
TCGA-BR-A4QL,TCGA-BR-A4QL-01Z-00-DX1.90F74AB9-6A84-487B-B992-BC66B71A4E1D,BR,1,0,1,MSI,1,0,included,mapped subtype in EBV/MSI/GS/CIN,all_slides_have_features,STAD_MSI,TCGA-BR-A4QL-01,IMMUNE_SENSITIVE,75.56,Female,Intestinal,Stage_IIIB,ANTRUM,,11.57247592,0:LIVING,,0:DiseaseFree,cbioportal:stad_tcga_pub,TCGA-BR-A4QL-01,MSI,MSI-H,0,Intestinal,Stage_IIIB,ANTRUM,T3,N3,M0,1667.0,56.3333333333,TCGA-BR-A4QL-01A-03-TSC.610A1058-428B-44CC-B4AE-7B010E7DD2AF;TCGA-BR-A4QL-01Z-00-DX1.90F74AB9-6A84-487B-B992-BC66B71A4E1D,TCGA-BR-A4QL-01Z-00-DX1.90F74AB9-6A84-487B-B992-BC66B71A4E1D,2,1,GDC primary tumor Slide Image metadata
TCGA-BR-A4QM,TCGA-BR-A4QM-01Z-00-DX1.B6333EBE-31EF-4673-AB51-63439E631B8B,BR,0,0,0,GS,2,0,included,mapped subtype in EBV/MSI/GS/CIN,all_slides_have_features,STAD_GS,TCGA-BR-A4QM-01,NON_SENSITIVE,65.7,Male,Poorly_Cohesive,Stage_IV,GEJ_CARDIA,,5.128710918,0:LIVING,,0:DiseaseFree,cbioportal:stad_tcga_pub,TCGA-BR-A4QM-01,GS,MSS,0,Diffuse,Stage_IV,GEJ_CARDIA,T3,N2,M1,77.0,2.56666666667,TCGA-BR-A4QM-01A-01-TSA.33EFE2BB-C0EF-4172-969F-C6F4172FF2D7;TCGA-BR-A4QM-01Z-00-DX1.B6333EBE-31EF-4673-AB51-63439E631B8B,TCGA-BR-A4QM-01Z-00-DX1.B6333EBE-31EF-4673-AB51-63439E631B8B,2,1,GDC primary tumor Slide Image metadata
TCGA-CD-5798,TCGA-CD-5798-01Z-00-DX1.e90ed362-86fc-4938-ac48-e98eef081342,CD,0,0,0,GS,2,0,included,mapped subtype in EBV/MSI/GS/CIN,all_slides_have_features,STAD_GS,TCGA-CD-5798-01,NON_SENSITIVE,82.99,Male,Poorly_Cohesive,Stage_IIA,ANTRUM,,2.0,0:LIVING,2.0,0:DiseaseFree,cbioportal:stad_tcga_pub,TCGA-CD-5798-01,GS,MSS,0,Diffuse,Stage_IIA,ANTRUM,T3,N0,M0,77.0,2.56666666667,TCGA-CD-5798-01A-01-BS1.e1b74bd0-cf94-4356-8a6c-87ddb2d31c8f;TCGA-CD-5798-01A-01-TS1.0b79ca98-22b1-4520-991e-ed58f279aafe;TCGA-CD-5798-01Z-00-DX1.e90ed362-86fc-4938-ac48-e98eef081342,TCGA-CD-5798-01Z-00-DX1.e90ed362-86fc-4938-ac48-e98eef081342,3,1,GDC primary tumor Slide Image metadata
TCGA-CD-5799,TCGA-CD-5799-01Z-00-DX1.ce4c1cea-febc-4274-af53-e7853dcf8864,CD,0,0,0,CIN,3,0,included,mapped subtype in EBV/MSI/GS/CIN,all_slides_have_features,STAD_CIN,TCGA-CD-5799-01,NON_SENSITIVE,45.27,Male,Poorly_Cohesive,Stage_IIA,ANTRUM,,2.56,0:LIVING,2.56,0:DiseaseFree,cbioportal:stad_tcga_pub,TCGA-CD-5799-01,CIN,MSS,0,Diffuse,Stage_IIA,ANTRUM,T2,N1,M0,38.0,1.3,TCGA-CD-5799-01A-01-BS1.5ae07cd2-5b4d-4f13-9cad-0c85c405f318;TCGA-CD-5799-01A-01-TS1.b96981ff-45fe-4be9-bf72-9a6a7aa58ff7;TCGA-CD-5799-01Z-00-DX1.ce4c1cea-febc-4274-af53-e7853dcf8864,TCGA-CD-5799-01Z-00-DX1.ce4c1cea-febc-4274-af53-e7853dcf8864,3,1,GDC primary tumor Slide Image metadata
TCGA-CD-5800,TCGA-CD-5800-01Z-00-DX1.a384bb17-10bd-46af-bf64-442b3c6c0c05,CD,0,0,0,CIN,3,0,included,mapped subtype in EBV/MSI/GS/CIN,all_slides_have_features,STAD_CIN,TCGA-CD-5800-01,NON_SENSITIVE,51.0,Female,Papillary,Stage_IIA,ANTRUM,,13.34,0:LIVING,13.34,0:DiseaseFree,cbioportal:stad_tcga_pub,TCGA-CD-5800-01,CIN,MSS,0,Intestinal,Stage_IIA,ANTRUM,T3,N0,M0,132.0,4.4,TCGA-CD-5800-01A-01-BS1.989e9ce7-c02e-4c61-b5eb-ddff4a6fc21f;TCGA-CD-5800-01A-01-TS1.f9ca1a13-b042-4168-9ac1-f8ec7dcbb075;TCGA-CD-5800-01Z-00-DX1.a384bb17-10bd-46af-bf64-442b3c6c0c05,TCGA-CD-5800-01Z-00-DX1.a384bb17-10bd-46af-bf64-442b3c6c0c05,3,1,GDC primary tumor Slide Image metadata
TCGA-CD-5801,TCGA-CD-5801-01Z-00-DX1.2afa1c89-0f17-4f75-9cf0-2cde4aca97d0,CD,0,1,1,EBV,0,0,included,mapped subtype in EBV/MSI/GS/CIN,all_slides_have_features,STAD_EBV,TCGA-CD-5801-01,IMMUNE_SENSITIVE,69.0,Male,Intestinal,Stage_IIIB,ANTRUM,,12.68,1:DECEASED,12.68,0:DiseaseFree,cbioportal:stad_tcga_pub,TCGA-CD-5801-01,EBV,MSS,1,Intestinal,Stage_IIIB,ANTRUM,T4a,N2,M0,463.0,15.4333333333,TCGA-CD-5801-01A-01-BS1.5198721d-ef2b-4435-937a-25497ff9907d;TCGA-CD-5801-01A-01-TS1.b2abf59f-2a8d-4ccc-95d3-61ae02b120a6;TCGA-CD-5801-01Z-00-DX1.2afa1c89-0f17-4f75-9cf0-2cde4aca97d0,TCGA-CD-5801-01Z-00-DX1.2afa1c89-0f17-4f75-9cf0-2cde4aca97d0,3,1,GDC primary tumor Slide Image metadata
TCGA-CD-5802,TCGA-CD-5802-01Z-00-DX1.d188b861-af3f-4493-9f12-d3712055644b,CD,0,0,0,CIN,3,0,included,mapped subtype in EBV/MSI/GS/CIN,all_slides_have_features,STAD_CIN,TCGA-CD-5802-01,NON_SENSITIVE,58.4,Male,Tubular,Stage_IIA,GEJ_CARDIA,,13.34779893,0:LIVING,,,cbioportal:stad_tcga_pub,TCGA-CD-5802-01,CIN,MSS,0,Intestinal,Stage_IIA,GEJ_CARDIA,T3,N0,M0,47.0,1.56666666667,TCGA-CD-5802-01A-01-BS1.2dcbfc10-c860-424a-a4a8-4832ade302ee;TCGA-CD-5802-01A-01-TS1.c7e0d37e-9f32-4808-8a8c-cbd63777a6e5;TCGA-CD-5802-01Z-00-DX1.d188b861-af3f-4493-9f12-d3712055644b,TCGA-CD-5802-01Z-00-DX1.d188b861-af3f-4493-9f12-d3712055644b,3,1,GDC primary tumor Slide Image metadata
TCGA-CD-5803,TCGA-CD-5803-01Z-00-DX1.8d786276-18f5-4017-ba30-79e46b2da513,CD,0,0,0,GS,2,0,included,mapped subtype in EBV/MSI/GS/CIN,all_slides_have_features,STAD_GS,TCGA-CD-5803-01,NON_SENSITIVE,78.33,Female,Poorly_Cohesive,Stage_IIA,ANTRUM,,0.065752704,0:LIVING,,,cbioportal:stad_tcga_pub,TCGA-CD-5803-01,GS,MSS,0,Diffuse,Stage_IIA,ANTRUM,T3,N0,M0,34.0,1.13333333333,TCGA-CD-5803-01A-01-BS1.24de21cb-f34a-4efa-9aa6-ce6832699c5f;TCGA-CD-5803-01A-01-TS1.a58a07e2-2e3f-45de-8e14-f1e80abc2533;TCGA-CD-5803-01Z-00-DX1.8d786276-18f5-4017-ba30-79e46b2da513,TCGA-CD-5803-01Z-00-DX1.8d786276-18f5-4017-ba30-79e46b2da513,3,1,GDC primary tumor Slide Image metadata
TCGA-CD-5804,TCGA-CD-5804-01Z-00-DX1.c5c22749-71dc-4812-84ba-2ef6f5a1463d,CD,0,0,0,CIN,3,0,included,mapped subtype in EBV/MSI/GS/CIN,all_slides_have_features,STAD_CIN,TCGA-CD-5804-01,NON_SENSITIVE,90.0,Male,Tubular,Stage_IIB,ANTRUM,,0.0,0:LIVING,,,cbioportal:stad_tcga_pub,TCGA-CD-5804-01,CIN,MSS,0,Intestinal,Stage_IIB,ANTRUM,T3,N1,M0,80.0,2.76666666667,TCGA-CD-5804-01A-01-BS1.1090f168-bef5-49f5-9623-eef5b6e7adcd;TCGA-CD-5804-01A-01-TS1.e6ac0b20-d812-4fa3-95cb-f2040075bcca;TCGA-CD-5804-01Z-00-DX1.c5c22749-71dc-4812-84ba-2ef6f5a1463d,TCGA-CD-5804-01Z-00-DX1.c5c22749-71dc-4812-84ba-2ef6f5a1463d,3,1,GDC primary tumor Slide Image metadata
TCGA-CD-5813,TCGA-CD-5813-01Z-00-DX1.a9b5e164-af59-4834-99d2-a3fb0d430def,CD,0,0,0,GS,2,0,included,mapped subtype in EBV/MSI/GS/CIN,all_slides_have_features,STAD_GS,TCGA-CD-5813-01,NON_SENSITIVE,60.22,Male,Poorly_Cohesive,Stage_IIA,FUNDUS_BODY,,0.394516224,0:LIVING,,,cbioportal:stad_tcga_pub,TCGA-CD-5813-01,GS,MSS,0,Diffuse,Stage_IIA,FUNDUS_BODY,T3,N0,M0,154.0,5.16666666667,TCGA-CD-5813-01A-01-BS1.40aab179-4ff3-4a7e-9a42-426cd9644455;TCGA-CD-5813-01A-01-TS1.09b349bf-5fef-48ef-9e7f-9dbc99bd491b;TCGA-CD-5813-01Z-00-DX1.a9b5e164-af59-4834-99d2-a3fb0d430def,TCGA-CD-5813-01Z-00-DX1.a9b5e164-af59-4834-99d2-a3fb0d430def,3,1,GDC primary tumor Slide Image metadata
TCGA-CD-8524,TCGA-CD-8524-01Z-00-DX1.DECAC3E1-31F4-4D7E-9ABD-8E0CF27DB4B9,CD,0,0,0,CIN,3,0,included,mapped subtype in EBV/MSI/GS/CIN,all_slides_have_features,STAD_CIN,TCGA-CD-8524-01,NON_SENSITIVE,61.45,Female,Poorly_Cohesive,Stage_IIA,ANTRUM,,12.75602459,0:LIVING,,0:DiseaseFree,cbioportal:stad_tcga_pub,TCGA-CD-8524-01,CIN,MSI-L,0,Diffuse,Stage_IIA,ANTRUM,T3,N0,M0,133.0,4.43333333333,TCGA-CD-8524-01A-01-BS1.95085761-b6a2-4219-b48c-9365040ac503;TCGA-CD-8524-01A-01-TS1.4689543a-0914-4be4-a9b1-544f2c756a04;TCGA-CD-8524-01Z-00-DX1.DECAC3E1-31F4-4D7E-9ABD-8E0CF27DB4B9,TCGA-CD-8524-01Z-00-DX1.DECAC3E1-31F4-4D7E-9ABD-8E0CF27DB4B9,3,1,GDC primary tumor Slide Image metadata
TCGA-CD-8525,TCGA-CD-8525-01Z-00-DX1.37FFDBE4-8C18-4645-BFA3-139766A09601,CD,0,0,0,CIN,3,0,included,mapped subtype in EBV/MSI/GS/CIN,all_slides_have_features,STAD_CIN,TCGA-CD-8525-01,NON_SENSITIVE,82.15,Female,Tubular,Stage_IIB,ANTRUM,,12.59164283,0:LIVING,,0:DiseaseFree,cbioportal:stad_tcga_pub,TCGA-CD-8525-01,CIN,MSS,0,Intestinal,Stage_IIB,ANTRUM,T3,N1,M0,70.0,2.36666666667,TCGA-CD-8525-01A-01-BS1.dbba44bc-40d7-4d42-b30d-a1d814fa670b;TCGA-CD-8525-01A-01-TS1.42e17019-de0e-4573-8fb6-fb653adca7cb;TCGA-CD-8525-01Z-00-DX1.37FFDBE4-8C18-4645-BFA3-139766A09601,TCGA-CD-8525-01Z-00-DX1.37FFDBE4-8C18-4645-BFA3-139766A09601,3,1,GDC primary tumor Slide Image metadata
TCGA-CD-8526,TCGA-CD-8526-01Z-00-DX1.499C498B-2D4E-4285-AD07-162788E87579,CD,0,0,0,CIN,3,0,included,mapped subtype in EBV/MSI/GS/CIN,all_slides_have_features,STAD_CIN,TCGA-CD-8526-01,NON_SENSITIVE,73.49,Female,Tubular,Stage_IIB,ANTRUM,,12.52589013,0:LIVING,,0:DiseaseFree,cbioportal:stad_tcga_pub,TCGA-CD-8526-01,CIN,MSS,0,Intestinal,Stage_IIB,ANTRUM,T3,N1,M0,43.0,1.43333333333,TCGA-CD-8526-01A-01-BS1.05fb84af-d490-4268-8787-7a1bfaf529d3;TCGA-CD-8526-01A-01-TS1.155fa1c9-c812-4745-bc9e-e6c44295b706;TCGA-CD-8526-01Z-00-DX1.499C498B-2D4E-4285-AD07-162788E87579,TCGA-CD-8526-01Z-00-DX1.499C498B-2D4E-4285-AD07-162788E87579,3,1,GDC primary tumor Slide Image metadata
TCGA-CD-8527,TCGA-CD-8527-01Z-00-DX1.B03F39C4-F5F3-419A-BC2C-437EC56EFEC2,CD,0,0,0,CIN,3,0,included,mapped subtype in EBV/MSI/GS/CIN,all_slides_have_features,STAD_CIN,TCGA-CD-8527-01,NON_SENSITIVE,72.56,Female,Tubular,Stage_IIA,ANTRUM,,0.065752704,0:LIVING,,0:DiseaseFree,cbioportal:stad_tcga_pub,TCGA-CD-8527-01,CIN,MSI-L,0,Intestinal,Stage_IIA,ANTRUM,T2,N1,M0,221.0,7.43333333333,TCGA-CD-8527-01A-01-BS1.75e5c19e-5251-463e-8171-d10d4142bb4c;TCGA-CD-8527-01A-01-TS1.9839995c-4203-48ab-9ac6-34c686c27ac7;TCGA-CD-8527-01Z-00-DX1.B03F39C4-F5F3-419A-BC2C-437EC56EFEC2,TCGA-CD-8527-01Z-00-DX1.B03F39C4-F5F3-419A-BC2C-437EC56EFEC2,3,1,GDC primary tumor Slide Image metadata
TCGA-CD-8528,TCGA-CD-8528-01Z-00-DX1.DE29BA05-ABCB-44B4-8CD9-D10EB3D71FBB,CD,0,0,0,CIN,3,0,included,mapped subtype in EBV/MSI/GS/CIN,all_slides_have_features,STAD_CIN,TCGA-CD-8528-01,NON_SENSITIVE,43.77,Female,Poorly_Cohesive,Stage_IIB,ANTRUM,,12.32863201,0:LIVING,,0:DiseaseFree,cbioportal:stad_tcga_pub,TCGA-CD-8528-01,CIN,MSI-L,0,Diffuse,Stage_IIB,ANTRUM,T4a,N0,M0,89.0,2.96666666667,TCGA-CD-8528-01A-01-BS1.e2612106-6a1a-4a84-8339-f20e7144c5df;TCGA-CD-8528-01A-01-TS1.177354a8-5efe-40cf-8192-fbc2e5af40e8;TCGA-CD-8528-01Z-00-DX1.DE29BA05-ABCB-44B4-8CD9-D10EB3D71FBB,TCGA-CD-8528-01Z-00-DX1.DE29BA05-ABCB-44B4-8CD9-D10EB3D71FBB,3,1,GDC primary tumor Slide Image metadata
TCGA-CD-8529,TCGA-CD-8529-01Z-00-DX1.C3BA5482-04EB-4E1A-BFFA-5461489B5792,CD,0,0,0,CIN,3,0,included,mapped subtype in EBV/MSI/GS/CIN,all_slides_have_features,STAD_CIN,TCGA-CD-8529-01,NON_SENSITIVE,65.65,Male,Mucinous,Stage_IV,ANTRUM,,12.29575566,0:LIVING,,0:DiseaseFree,cbioportal:stad_tcga_pub,TCGA-CD-8529-01,CIN,MSS,0,Intestinal,Stage_IV,ANTRUM,T4b,N0,M1,341.0,11.4333333333,TCGA-CD-8529-01A-01-BS1.a433c10f-3a26-4039-9dba-dc41954bbcbc;TCGA-CD-8529-01A-01-TS1.7619f1e2-2621-4e44-8714-6e5076f77742;TCGA-CD-8529-01Z-00-DX1.C3BA5482-04EB-4E1A-BFFA-5461489B5792,TCGA-CD-8529-01Z-00-DX1.C3BA5482-04EB-4E1A-BFFA-5461489B5792,3,1,GDC primary tumor Slide Image metadata
TCGA-CD-8530,TCGA-CD-8530-01Z-00-DX1.87CBC202-AE6C-408D-A428-DA9023670C36,CD,0,0,0,CIN,3,0,included,mapped subtype in EBV/MSI/GS/CIN,all_slides_have_features,STAD_CIN,TCGA-CD-8530-01,NON_SENSITIVE,52.0,Male,Poorly_Cohesive,Stage_IIA,FUNDUS_BODY,,12.39438472,0:LIVING,,0:DiseaseFree,cbioportal:stad_tcga_pub,TCGA-CD-8530-01,CIN,MSS,0,Diffuse,Stage_IIA,FUNDUS_BODY,T3,N0,M0,74.0,2.46666666667,TCGA-CD-8530-01A-01-BS1.0d55a55a-fc0e-4119-95e0-20aa5e88cf7d;TCGA-CD-8530-01A-01-TS1.5a762e8f-accd-47be-9358-168ceaa0dd8f;TCGA-CD-8530-01Z-00-DX1.87CBC202-AE6C-408D-A428-DA9023670C36,TCGA-CD-8530-01Z-00-DX1.87CBC202-AE6C-408D-A428-DA9023670C36,3,1,GDC primary tumor Slide Image metadata
TCGA-CD-8531,TCGA-CD-8531-01Z-00-DX1.9F247853-F16C-4B5A-AB37-E781331EAB1B,CD,0,0,0,GS,2,0,included,mapped subtype in EBV/MSI/GS/CIN,all_slides_have_features,STAD_GS,TCGA-CD-8531-01,NON_SENSITIVE,66.95,Female,Poorly_Cohesive,Stage_IIB,FUNDUS_BODY,,12.59164283,0:LIVING,,0:DiseaseFree,cbioportal:stad_tcga_pub,TCGA-CD-8531-01,GS,MSS,0,Diffuse,Stage_IIB,FUNDUS_BODY,T3,N1,M0,207.0,6.9,TCGA-CD-8531-01A-01-BS1.83e0a850-4528-4164-872c-167d95629a68;TCGA-CD-8531-01A-01-TS1.889eeb1b-b982-49f7-8f6b-506e58e6897e;TCGA-CD-8531-01Z-00-DX1.9F247853-F16C-4B5A-AB37-E781331EAB1B,TCGA-CD-8531-01Z-00-DX1.9F247853-F16C-4B5A-AB37-E781331EAB1B,3,1,GDC primary tumor Slide Image metadata
TCGA-CD-8532,TCGA-CD-8532-01Z-00-DX1.13868263-2259-4D74-8263-A79338BDE5A7,CD,0,0,0,GS,2,0,included,mapped subtype in EBV/MSI/GS/CIN,all_slides_have_features,STAD_GS,TCGA-CD-8532-01,NON_SENSITIVE,52.8,Male,Tubular,Stage_IIA,GEJ_CARDIA,,0.098629056,0:LIVING,,0:DiseaseFree,cbioportal:stad_tcga_pub,TCGA-CD-8532-01,GS,MSS,0,Intestinal,Stage_IIA,GEJ_CARDIA,T3,N0,M0,37.0,1.26666666667,TCGA-CD-8532-01A-01-BS1.e01efe12-5158-4005-a007-2e44f7b6e20b;TCGA-CD-8532-01A-01-TS1.ee90c932-1579-4b59-a184-2179bcc38c79;TCGA-CD-8532-01Z-00-DX1.13868263-2259-4D74-8263-A79338BDE5A7,TCGA-CD-8532-01Z-00-DX1.13868263-2259-4D74-8263-A79338BDE5A7,3,1,GDC primary tumor Slide Image metadata
TCGA-CD-8534,TCGA-CD-8534-01Z-00-DX1.54F0CB0F-5A93-4382-A507-2DEFDBBE05F5,CD,0,0,0,CIN,3,0,included,mapped subtype in EBV/MSI/GS/CIN,all_slides_have_features,STAD_CIN,TCGA-CD-8534-01,NON_SENSITIVE,41.69,Male,Poorly_Cohesive,Stage_IIA,ANTRUM,,12.0656212,0:LIVING,,0:DiseaseFree,cbioportal:stad_tcga_pub,TCGA-CD-8534-01,CIN,MSS,0,Diffuse,Stage_IIA,ANTRUM,T3,N0,M0,65.0,2.16666666667,TCGA-CD-8534-01A-01-BS1.ea078dc4-43aa-483e-8088-054f89ebdff5;TCGA-CD-8534-01A-01-TS1.b5007608-58b5-4436-aabf-7ffb644ad364;TCGA-CD-8534-01Z-00-DX1.54F0CB0F-5A93-4382-A507-2DEFDBBE05F5,TCGA-CD-8534-01Z-00-DX1.54F0CB0F-5A93-4382-A507-2DEFDBBE05F5,3,1,GDC primary tumor Slide Image metadata
TCGA-CD-8535,TCGA-CD-8535-01Z-00-DX1.ADD3D8B1-FECB-46C1-940B-7D261723D850,CD,0,0,0,CIN,3,0,included,mapped subtype in EBV/MSI/GS/CIN,all_slides_have_features,STAD_CIN,TCGA-CD-8535-01,NON_SENSITIVE,59.03,Male,Tubular,Stage_IIIA,FUNDUS_BODY,,12.8217773,0:LIVING,,0:DiseaseFree,cbioportal:stad_tcga_pub,TCGA-CD-8535-01,CIN,MSS,0,Intestinal,Stage_IIIA,FUNDUS_BODY,T3,N2,M0,217.0,7.23333333333,TCGA-CD-8535-01A-01-BS1.b757982b-1aab-428d-ac83-7f02f4803a0a;TCGA-CD-8535-01A-01-TS1.73f0ba63-020a-4047-9ec1-d684219628a5;TCGA-CD-8535-01Z-00-DX1.ADD3D8B1-FECB-46C1-940B-7D261723D850,TCGA-CD-8535-01Z-00-DX1.ADD3D8B1-FECB-46C1-940B-7D261723D850,3,1,GDC primary tumor Slide Image metadata
TCGA-CD-8536,TCGA-CD-8536-01Z-00-DX1.365BF36B-69D3-491A-8126-D08060950CF2,CD,1,0,1,MSI,1,0,included,mapped subtype in EBV/MSI/GS/CIN,all_slides_have_features,STAD_MSI,TCGA-CD-8536-01,IMMUNE_SENSITIVE,74.82,Male,Mixed,Stage_IIIA,FUNDUS_BODY,,12.42726107,0:LIVING,,0:DiseaseFree,cbioportal:stad_tcga_pub,TCGA-CD-8536-01,MSI,MSI-H,0,Mixed,Stage_IIIA,FUNDUS_BODY,T3,N0,M0,828.0,28.2,TCGA-CD-8536-01A-01-BS1.3cc76417-d39c-4583-9041-ecfeb5703b00;TCGA-CD-8536-01A-01-TS1.f1787a98-0614-4099-a7fc-c9b977f63c48;TCGA-CD-8536-01Z-00-DX1.365BF36B-69D3-491A-8126-D08060950CF2,TCGA-CD-8536-01Z-00-DX1.365BF36B-69D3-491A-8126-D08060950CF2,3,1,GDC primary tumor Slide Image metadata
TCGA-CD-A486,TCGA-CD-A486-01Z-00-DX1.6FFE81CA-9074-44BC-B619-85A73BA61A2D,CD,0,0,0,CIN,3,0,included,mapped subtype in EBV/MSI/GS/CIN,all_slides_have_features,STAD_CIN,TCGA-CD-A486-01,NON_SENSITIVE,68.12,Male,Intestinal,Stage_IIA,GEJ_CARDIA,,,0:LIVING,,0:DiseaseFree,cbioportal:stad_tcga_pub,TCGA-CD-A486-01,CIN,MSS,0,Intestinal,Stage_IIA,GEJ_CARDIA,T3,N0,M0,84.0,2.8,TCGA-CD-A486-01A-01-TSA.69B26851-DF55-44B5-842B-B196BB6509A8;TCGA-CD-A486-01Z-00-DX1.6FFE81CA-9074-44BC-B619-85A73BA61A2D,TCGA-CD-A486-01Z-00-DX1.6FFE81CA-9074-44BC-B619-85A73BA61A2D,2,1,GDC primary tumor Slide Image metadata
TCGA-CD-A487,TCGA-CD-A487-01Z-00-DX1.A026BD2F-B721-4340-83D5-7AA39227C90F,CD,0,0,0,CIN,3,0,included,mapped subtype in EBV/MSI/GS/CIN,all_slides_have_features,STAD_CIN,TCGA-CD-A487-01,NON_SENSITIVE,51.18,Male,Mixed,Stage_IIB,ANTRUM,,12.29575566,0:LIVING,,0:DiseaseFree,cbioportal:stad_tcga_pub,TCGA-CD-A487-01,CIN,MSS,0,Mixed,Stage_IIB,ANTRUM,T3,N1,M0,155.0,5.2,TCGA-CD-A487-01A-02-TSB.837F195A-EE02-4589-86B7-DB8D8BA46F30;TCGA-CD-A487-01Z-00-DX1.A026BD2F-B721-4340-83D5-7AA39227C90F,TCGA-CD-A487-01Z-00-DX1.A026BD2F-B721-4340-83D5-7AA39227C90F,2,1,GDC primary tumor Slide Image metadata
TCGA-CD-A489,TCGA-CD-A489-01Z-00-DX1.AB03DA27-6A86-41C7-9305-E5400E6C47AC,CD,0,0,0,CIN,3,0,included,mapped subtype in EBV/MSI/GS/CIN,all_slides_have_features,STAD_CIN,TCGA-CD-A489-01,NON_SENSITIVE,58.91,Male,Poorly_Cohesive,Stage_IIA,ANTRUM,,0.131505408,0:LIVING,,0:DiseaseFree,cbioportal:stad_tcga_pub,TCGA-CD-A489-01,CIN,MSS,0,Diffuse,Stage_IIA,ANTRUM,T3,N0,M0,65.0,2.16666666667,TCGA-CD-A489-01A-01-TSA.24AD5706-52B8-4A69-8044-774C3B842DC0;TCGA-CD-A489-01Z-00-DX1.AB03DA27-6A86-41C7-9305-E5400E6C47AC,TCGA-CD-A489-01Z-00-DX1.AB03DA27-6A86-41C7-9305-E5400E6C47AC,2,1,GDC primary tumor Slide Image metadata
TCGA-CD-A48A,TCGA-CD-A48A-01Z-00-DX1.C4416A6F-38A6-4743-990A-CE27923A2067,CD,0,0,0,CIN,3,0,included,mapped subtype in EBV/MSI/GS/CIN,all_slides_have_features,STAD_CIN,TCGA-CD-A48A-01,NON_SENSITIVE,57.06,Male,Tubular,Stage_IIA,GEJ_CARDIA,,12.42726107,0:LIVING,,0:DiseaseFree,cbioportal:stad_tcga_pub,TCGA-CD-A48A-01,CIN,MSI-L,0,Intestinal,Stage_IIA,GEJ_CARDIA,T3,N0,M0,204.0,6.83333333333,TCGA-CD-A48A-01A-01-TSA.0C77FBEE-72C6-4BE4-8575-B752139402FF;TCGA-CD-A48A-01Z-00-DX1.C4416A6F-38A6-4743-990A-CE27923A2067,TCGA-CD-A48A-01Z-00-DX1.C4416A6F-38A6-4743-990A-CE27923A2067,2,1,GDC primary tumor Slide Image metadata
TCGA-CD-A48C,TCGA-CD-A48C-01Z-00-DX1.2AF2A65B-6F81-43F5-AC0F-06EAE3C567F3,CD,0,0,0,CIN,3,0,included,mapped subtype in EBV/MSI/GS/CIN,all_slides_have_features,STAD_CIN,TCGA-CD-A48C-01,NON_SENSITIVE,79.95,Female,Intestinal,Stage_IIB,ANTRUM,,0.131505408,0:LIVING,,0:DiseaseFree,cbioportal:stad_tcga_pub,TCGA-CD-A48C-01,CIN,MSS,0,Intestinal,Stage_IIB,ANTRUM,T3,N1,M0,178.0,5.93333333333,TCGA-CD-A48C-01A-01-TS1.0F8C559C-699B-47E6-B62B-32C4D8B1C087;TCGA-CD-A48C-01Z-00-DX1.2AF2A65B-6F81-43F5-AC0F-06EAE3C567F3,TCGA-CD-A48C-01Z-00-DX1.2AF2A65B-6F81-43F5-AC0F-06EAE3C567F3,2,1,GDC primary tumor Slide Image metadata
TCGA-CD-A4MG,TCGA-CD-A4MG-01Z-00-DX1.CFC4618E-DFE9-4AAA-AD42-E1CC97374020,CD,1,0,1,MSI,1,0,included,mapped subtype in EBV/MSI/GS/CIN,all_slides_have_features,STAD_MSI,TCGA-CD-A4MG-01,IMMUNE_SENSITIVE,76.71,Male,Mucinous,Stage_IIA,GEJ_CARDIA,,0.065752704,0:LIVING,,0:DiseaseFree,cbioportal:stad_tcga_pub,TCGA-CD-A4MG-01,MSI,MSI-H,0,Intestinal,Stage_IIA,GEJ_CARDIA,T3,N0,M0,2280.0,76.5666666667,TCGA-CD-A4MG-01A-01-TSA.4F5DF9B3-E792-48BF-BCD1-C9BCEC195F6D;TCGA-CD-A4MG-01Z-00-DX1.CFC4618E-DFE9-4AAA-AD42-E1CC97374020,TCGA-CD-A4MG-01Z-00-DX1.CFC4618E-DFE9-4AAA-AD42-E1CC97374020,2,1,GDC primary tumor Slide Image metadata
TCGA-CD-A4MH,TCGA-CD-A4MH-01Z-00-DX1.5594817C-6E68-4D29-8B77-5133C321FB75,CD,0,0,0,CIN,3,0,included,mapped subtype in EBV/MSI/GS/CIN,all_slides_have_features,STAD_CIN,TCGA-CD-A4MH-01,NON_SENSITIVE,86.75,Female,Tubular,Stage_IIA,ANTRUM,,12.19712661,0:LIVING,,0:DiseaseFree,cbioportal:stad_tcga_pub,TCGA-CD-A4MH-01,CIN,MSS,0,Intestinal,Stage_IIA,ANTRUM,T3,N0,M0,67.0,2.26666666667,TCGA-CD-A4MH-01A-01-TSA.83F7F9DD-BFEC-4824-9690-F1FD5B4FB95E;TCGA-CD-A4MH-01Z-00-DX1.5594817C-6E68-4D29-8B77-5133C321FB75,TCGA-CD-A4MH-01Z-00-DX1.5594817C-6E68-4D29-8B77-5133C321FB75,2,1,GDC primary tumor Slide Image metadata
TCGA-CD-A4MI,TCGA-CD-A4MI-01Z-00-DX1.67267177-498C-4835-A95A-FF8C2A9DDB97,CD,1,0,1,MSI,1,0,included,mapped subtype in EBV/MSI/GS/CIN,all_slides_have_features,STAD_MSI,TCGA-CD-A4MI-01,IMMUNE_SENSITIVE,62.21,Male,Tubular,Stage_IIB,ANTRUM,,0.098629056,0:LIVING,,0:DiseaseFree,cbioportal:stad_tcga_pub,TCGA-CD-A4MI-01,MSI,MSI-H,0,Intestinal,Stage_IIB,ANTRUM,T3,N1,M0,863.0,28.8666666667,TCGA-CD-A4MI-01A-02-TSB.E470E22E-85F8-4EAD-9BDA-50D09ED67D60;TCGA-CD-A4MI-01Z-00-DX1.67267177-498C-4835-A95A-FF8C2A9DDB97,TCGA-CD-A4MI-01Z-00-DX1.67267177-498C-4835-A95A-FF8C2A9DDB97,2,1,GDC primary tumor Slide Image metadata
TCGA-CD-A4MJ,TCGA-CD-A4MJ-01Z-00-DX1.0F0094F7-0D4D-484E-B31D-FDCDE8BC1440,CD,1,0,1,MSI,1,0,included,mapped subtype in EBV/MSI/GS/CIN,all_slides_have_features,STAD_MSI,TCGA-CD-A4MJ-01,IMMUNE_SENSITIVE,60.05,Male,Tubular,Stage_IB,FUNDUS_BODY,,12.62451918,0:LIVING,,0:DiseaseFree,cbioportal:stad_tcga_pub,TCGA-CD-A4MJ-01,MSI,MSI-H,0,Intestinal,Stage_IB,FUNDUS_BODY,T2,N0,M0,619.0,20.8,TCGA-CD-A4MJ-01A-01-TSA.217FF0C6-8A11-4A5F-9EB2-4033B77F67DB;TCGA-CD-A4MJ-01Z-00-DX1.0F0094F7-0D4D-484E-B31D-FDCDE8BC1440,TCGA-CD-A4MJ-01Z-00-DX1.0F0094F7-0D4D-484E-B31D-FDCDE8BC1440,2,1,GDC primary tumor Slide Image metadata
TCGA-CG-4300,TCGA-CG-4300-01Z-00-DX1.3ad2eb8f-a266-441f-93d4-c45ec9c553d9,CG,0,0,0,CIN,3,0,included,mapped subtype in EBV/MSI/GS/CIN,all_slides_have_features,STAD_CIN,TCGA-CG-4300-01,NON_SENSITIVE,79.75,Male,Tubular,Stage_IIIC,ANTRUM,,20.01,1:DECEASED,,,cbioportal:stad_tcga_pub,TCGA-CG-4300-01,CIN,MSS,0,Intestinal,Stage_IIIC,ANTRUM,T4a,N3,M0,122.0,4.06666666667,TCGA-CG-4300-01A-01-BS1.cf2c4da6-8d1b-48c4-bc56-ab73cd45170b;TCGA-CG-4300-01A-01-TS1.5c8873ec-9a1d-4985-a961-95430644b8f0;TCGA-CG-4300-01Z-00-DX1.3ad2eb8f-a266-441f-93d4-c45ec9c553d9,TCGA-CG-4300-01Z-00-DX1.3ad2eb8f-a266-441f-93d4-c45ec9c553d9,3,1,GDC primary tumor Slide Image metadata
TCGA-CG-4301,TCGA-CG-4301-01Z-00-DX1.d3a38b46-9f9c-4ed4-a1c7-fc1e48263a53,CG,0,0,0,CIN,3,0,included,mapped subtype in EBV/MSI/GS/CIN,all_slides_have_features,STAD_CIN,TCGA-CG-4301-01,NON_SENSITIVE,75.34,Female,Tubular,Stage_IV,GEJ_CARDIA,,3.02,0:LIVING,,,cbioportal:stad_tcga_pub,TCGA-CG-4301-01,CIN,MSS,0,Intestinal,Stage_IV,GEJ_CARDIA,T4b,N2,M1,44.0,1.5,TCGA-CG-4301-01A-01-BS1.637576a0-9116-41ab-867b-4569fde1b4e9;TCGA-CG-4301-01A-01-TS1.4d30d6f5-c4e3-4e1b-aff2-4b30d56695ea;TCGA-CG-4301-01Z-00-DX1.d3a38b46-9f9c-4ed4-a1c7-fc1e48263a53,TCGA-CG-4301-01Z-00-DX1.d3a38b46-9f9c-4ed4-a1c7-fc1e48263a53,3,1,GDC primary tumor Slide Image metadata
TCGA-CG-4304,TCGA-CG-4304-01Z-00-DX1.65e18165-6009-4820-bed2-23c43baa2495,CG,0,0,0,CIN,3,0,included,mapped subtype in EBV/MSI/GS/CIN,all_slides_have_features,STAD_CIN,TCGA-CG-4304-01,NON_SENSITIVE,84.92,Male,Papillary,Stage_IB,GEJ_CARDIA,,27.01,0:LIVING,,,cbioportal:stad_tcga_pub,TCGA-CG-4304-01,CIN,MSS,0,Intestinal,Stage_IB,GEJ_CARDIA,T2,N0,M0,56.0,1.86666666667,TCGA-CG-4304-01A-01-BS1.ef8e1f86-8dbd-4941-a016-ed0efc89d35c;TCGA-CG-4304-01A-01-TS1.7c1620ba-bcd0-4616-b138-08c67936e65c;TCGA-CG-4304-01Z-00-DX1.65e18165-6009-4820-bed2-23c43baa2495,TCGA-CG-4304-01Z-00-DX1.65e18165-6009-4820-bed2-23c43baa2495,3,1,GDC primary tumor Slide Image metadata
TCGA-CG-4305,TCGA-CG-4305-01Z-00-DX1.65167641-c270-4763-8bb8-cadedb17279d,CG,1,0,1,MSI,1,0,included,mapped subtype in EBV/MSI/GS/CIN,all_slides_have_features,STAD_MSI,TCGA-CG-4305-01,IMMUNE_SENSITIVE,69.26,Male,Tubular,Stage_IIA,ANTRUM,,15.93,0:LIVING,15.01,1:Recurred/Progressed,cbioportal:stad_tcga_pub,TCGA-CG-4305-01,MSI,MSI-H,0,Intestinal,Stage_IIA,ANTRUM,T2,N1,M0,1041.0,35.1,TCGA-CG-4305-01A-01-BS1.aa5a9ef2-3818-4e0c-8870-5436a695cb2f;TCGA-CG-4305-01A-01-TS1.e79aa788-2661-4ed5-955d-f5392bf6582d;TCGA-CG-4305-01Z-00-DX1.65167641-c270-4763-8bb8-cadedb17279d,TCGA-CG-4305-01Z-00-DX1.65167641-c270-4763-8bb8-cadedb17279d,3,1,GDC primary tumor Slide Image metadata
TCGA-CG-4306,TCGA-CG-4306-01Z-00-DX1.d4b89854-8529-4fb5-847a-ddb59b163727,CG,1,0,1,MSI,1,0,included,mapped subtype in EBV/MSI/GS/CIN,all_slides_have_features,STAD_MSI,TCGA-CG-4306-01,IMMUNE_SENSITIVE,90.0,Male,Mucinous,Stage_IV,ANTRUM,,1.02,1:DECEASED,,,cbioportal:stad_tcga_pub,TCGA-CG-4306-01,MSI,MSI-H,0,Intestinal,Stage_IV,ANTRUM,T4a,N2,M1,1001.0,33.5666666667,TCGA-CG-4306-01A-01-BS1.613fd086-be99-44b6-bae5-9a7baf265cda;TCGA-CG-4306-01A-01-TS1.32559eb9-e60d-4ad1-bb31-e33adf7ae734;TCGA-CG-4306-01Z-00-DX1.d4b89854-8529-4fb5-847a-ddb59b163727,TCGA-CG-4306-01Z-00-DX1.d4b89854-8529-4fb5-847a-ddb59b163727,3,1,GDC primary tumor Slide Image metadata
TCGA-CG-4436,TCGA-CG-4436-01Z-00-DX1.55b155a9-066b-42cc-b834-b11c68256852,CG,0,0,0,CIN,3,0,included,mapped subtype in EBV/MSI/GS/CIN,all_slides_have_features,STAD_CIN,TCGA-CG-4436-01,NON_SENSITIVE,57.33,Male,Papillary,Stage_IB,,,7.95,0:LIVING,7.95,0:DiseaseFree,cbioportal:stad_tcga_pub,TCGA-CG-4436-01,CIN,MSI-L,0,Intestinal,Stage_IB,,T2,N0,M0,157.0,5.23333333333,TCGA-CG-4436-01A-01-BS1.33cee795-4dab-4e6c-a68b-607de717d712;TCGA-CG-4436-01A-01-TS1.c67da79b-2db4-421a-aa26-12a2e33abbda;TCGA-CG-4436-01Z-00-DX1.55b155a9-066b-42cc-b834-b11c68256852,TCGA-CG-4436-01Z-00-DX1.55b155a9-066b-42cc-b834-b11c68256852,3,1,GDC primary tumor Slide Image metadata
TCGA-CG-4437,TCGA-CG-4437-01Z-00-DX1.3FB7BF81-9E9A-4864-9627-0865486C07A0,CG,0,0,0,CIN,3,0,included,mapped subtype in EBV/MSI/GS/CIN,missing_features,STAD_CIN,TCGA-CG-4437-01,NON_SENSITIVE,83.42,Male,Tubular,Stage_IIIA,GEJ_CARDIA,,8.05,0:LIVING,8.05,0:DiseaseFree,cbioportal:stad_tcga_pub,TCGA-CG-4437-01,CIN,MSI-L,0,Intestinal,Stage_IIIA,GEJ_CARDIA,T3,N2,M0,465.0,15.5666666667,TCGA-CG-4437-01A-01-BS1.80bcd40b-1523-4a62-9dcd-5e97827a2f55;TCGA-CG-4437-01A-01-TS1.da12dc1a-cd2a-4fc2-a864-2cbc3c2a9117;TCGA-CG-4437-01Z-00-DX1.3FB7BF81-9E9A-4864-9627-0865486C07A0,TCGA-CG-4437-01Z-00-DX1.3FB7BF81-9E9A-4864-9627-0865486C07A0,3,1,GDC primary tumor Slide Image metadata
TCGA-CG-4438,TCGA-CG-4438-01Z-00-DX1.3691c587-cadf-4523-a332-5a18f52c94b0,CG,0,0,0,CIN,3,0,included,mapped subtype in EBV/MSI/GS/CIN,all_slides_have_features,STAD_CIN,TCGA-CG-4438-01,NON_SENSITIVE,56.33,Male,Tubular,Stage_IIIC,ANTRUM,,54.01,0:LIVING,,,cbioportal:stad_tcga_pub,TCGA-CG-4438-01,CIN,MSS,0,Intestinal,Stage_IIIC,ANTRUM,T4a,N3,M0,125.0,4.16666666667,TCGA-CG-4438-01A-01-BS1.cc0a03a5-09c4-4d93-9de2-3361d374bf75;TCGA-CG-4438-01A-01-TS1.0d3fb1f6-0506-4998-92f4-d1ca19b2497d;TCGA-CG-4438-01Z-00-DX1.3691c587-cadf-4523-a332-5a18f52c94b0,TCGA-CG-4438-01Z-00-DX1.3691c587-cadf-4523-a332-5a18f52c94b0,3,1,GDC primary tumor Slide Image metadata
TCGA-CG-4440,TCGA-CG-4440-01Z-00-DX1.297add71-f47a-47fa-b472-1a06cc9541ec,CG,0,0,0,CIN,3,0,included,mapped subtype in EBV/MSI/GS/CIN,all_slides_have_features,STAD_CIN,TCGA-CG-4440-01,NON_SENSITIVE,68.92,Female,Stomach Adenocarcinoma,Stage_IV,FUNDUS_BODY,,4.01,1:DECEASED,,,cbioportal:stad_tcga_pub,TCGA-CG-4440-01,CIN,MSI-L,0,,Stage_IV,FUNDUS_BODY,T4a,N3,M1,110.0,3.66666666667,TCGA-CG-4440-01A-01-BS1.9c53e9a6-bf67-40e8-8099-2f0de5ed4ed9;TCGA-CG-4440-01A-01-TS1.044cda6b-c3ca-4c34-adf8-bdb7cc50f8c1;TCGA-CG-4440-01Z-00-DX1.297add71-f47a-47fa-b472-1a06cc9541ec,TCGA-CG-4440-01Z-00-DX1.297add71-f47a-47fa-b472-1a06cc9541ec,3,1,GDC primary tumor Slide Image metadata
TCGA-CG-4441,TCGA-CG-4441-01Z-00-DX1.0e2867aa-9b2d-4539-b218-a1a318361dfc,CG,0,0,0,CIN,3,0,included,mapped subtype in EBV/MSI/GS/CIN,all_slides_have_features,STAD_CIN,TCGA-CG-4441-01,NON_SENSITIVE,83.58,Male,Tubular,Stage_IIIB,FUNDUS_BODY,,14.0,1:DECEASED,,,cbioportal:stad_tcga_pub,TCGA-CG-4441-01,CIN,MSS,0,Intestinal,Stage_IIIB,FUNDUS_BODY,T3,N3,M0,99.0,3.3,TCGA-CG-4441-01A-01-BS1.cca509d5-0658-4065-ab4f-2e625cd69eba;TCGA-CG-4441-01A-01-TS1.e1036cdd-b186-49e7-b90c-7855145f9608;TCGA-CG-4441-01Z-00-DX1.0e2867aa-9b2d-4539-b218-a1a318361dfc,TCGA-CG-4441-01Z-00-DX1.0e2867aa-9b2d-4539-b218-a1a318361dfc,3,1,GDC primary tumor Slide Image metadata
TCGA-CG-4442,TCGA-CG-4442-01Z-00-DX1.3273280a-8780-4e91-bb5e-97d174989183,CG,1,0,1,MSI,1,0,included,mapped subtype in EBV/MSI/GS/CIN,all_slides_have_features,STAD_MSI,TCGA-CG-4442-01,IMMUNE_SENSITIVE,85.83,Male,Tubular,Stage_IIA,ANTRUM,,,0:LIVING,,,cbioportal:stad_tcga_pub,TCGA-CG-4442-01,MSI,MSI-H,0,Intestinal,Stage_IIA,ANTRUM,T3,N0,M0,1420.0,47.9333333333,TCGA-CG-4442-01A-01-BS1.52056c85-0c01-4e67-a4b0-284e0f76b971;TCGA-CG-4442-01A-01-TS1.56803b06-35e2-4b96-b062-8fd22963a80c;TCGA-CG-4442-01Z-00-DX1.3273280a-8780-4e91-bb5e-97d174989183,TCGA-CG-4442-01Z-00-DX1.3273280a-8780-4e91-bb5e-97d174989183,3,1,GDC primary tumor Slide Image metadata
TCGA-CG-4443,TCGA-CG-4443-01Z-00-DX1.484defba-273b-4683-9c32-883f3da8ba5f,CG,0,0,0,CIN,3,0,included,mapped subtype in EBV/MSI/GS/CIN,all_slides_have_features,STAD_CIN,TCGA-CG-4443-01,NON_SENSITIVE,68.42,Male,Tubular,Stage_IA,FUNDUS_BODY,,29.96,0:LIVING,,,cbioportal:stad_tcga_pub,TCGA-CG-4443-01,CIN,MSS,0,Intestinal,Stage_IA,FUNDUS_BODY,T1b,N0,M0,82.0,2.8,TCGA-CG-4443-01A-01-BS1.8c7a18fd-3861-43ad-ad27-a09cdd8d9a4e;TCGA-CG-4443-01A-01-TS1.5d585f90-be5d-48eb-bbc8-ee9be5702ec9;TCGA-CG-4443-01Z-00-DX1.484defba-273b-4683-9c32-883f3da8ba5f,TCGA-CG-4443-01Z-00-DX1.484defba-273b-4683-9c32-883f3da8ba5f,3,1,GDC primary tumor Slide Image metadata
TCGA-CG-4444,TCGA-CG-4444-01Z-00-DX1.2f966933-a92c-4888-853c-2f8ca195120e,CG,0,0,0,CIN,3,0,included,mapped subtype in EBV/MSI/GS/CIN,all_slides_have_features,STAD_CIN,TCGA-CG-4444-01,NON_SENSITIVE,76.42,Male,Mucinous,Stage_IIIB,FUNDUS_BODY,,47.02,0:LIVING,47.02,0:DiseaseFree,cbioportal:stad_tcga_pub,TCGA-CG-4444-01,CIN,MSS,0,Intestinal,Stage_IIIB,FUNDUS_BODY,T3,N3,M0,141.0,4.7,TCGA-CG-4444-01A-01-BS1.57e93f55-0955-417b-87a8-f13401f82966;TCGA-CG-4444-01A-01-TS1.3e61b685-8ef7-4585-8ade-afb32e916a6a;TCGA-CG-4444-01Z-00-DX1.2f966933-a92c-4888-853c-2f8ca195120e,TCGA-CG-4444-01Z-00-DX1.2f966933-a92c-4888-853c-2f8ca195120e,3,1,GDC primary tumor Slide Image metadata
TCGA-CG-4449,TCGA-CG-4449-01Z-00-DX1.87ab158b-0699-4b22-9d51-58abd1033245,CG,0,0,0,CIN,3,0,included,mapped subtype in EBV/MSI/GS/CIN,all_slides_have_features,STAD_CIN,TCGA-CG-4449-01,NON_SENSITIVE,81.33,Male,Mucinous,Stage_IIIA,ANTRUM,,19.06,0:LIVING,11.04,1:Recurred/Progressed,cbioportal:stad_tcga_pub,TCGA-CG-4449-01,CIN,MSI-L,0,Intestinal,Stage_IIIA,ANTRUM,T3,N2,M0,94.0,3.13333333333,TCGA-CG-4449-01A-01-BS1.ed9df086-2de4-4860-a0c9-acf39d9567ce;TCGA-CG-4449-01A-01-TS1.3789aa29-21d6-4a49-a786-9668d645d288;TCGA-CG-4449-01Z-00-DX1.87ab158b-0699-4b22-9d51-58abd1033245,TCGA-CG-4449-01Z-00-DX1.87ab158b-0699-4b22-9d51-58abd1033245,3,1,GDC primary tumor Slide Image metadata
TCGA-CG-4455,TCGA-CG-4455-01Z-00-DX1.f695a661-323d-4aeb-a3db-72510719eeed,CG,0,0,0,CIN,3,0,included,mapped subtype in EBV/MSI/GS/CIN,all_slides_have_features,STAD_CIN,TCGA-CG-4455-01,NON_SENSITIVE,72.34,Male,Mucinous,Stage_IIB,GEJ_CARDIA,,12.02,0:LIVING,12.02,0:DiseaseFree,cbioportal:stad_tcga_pub,TCGA-CG-4455-01,CIN,MSS,0,Intestinal,Stage_IIB,GEJ_CARDIA,T3,N1,M0,37.0,1.23333333333,TCGA-CG-4455-01A-01-BS1.21f91a43-2843-4c11-b276-eb8d853b9128;TCGA-CG-4455-01A-01-TS1.79c63ff0-667a-4f29-a06a-243ffbc0451f;TCGA-CG-4455-01Z-00-DX1.f695a661-323d-4aeb-a3db-72510719eeed,TCGA-CG-4455-01Z-00-DX1.f695a661-323d-4aeb-a3db-72510719eeed,3,1,GDC primary tumor Slide Image metadata
TCGA-CG-4462,TCGA-CG-4462-01Z-00-DX1.b83d328e-f315-493a-b625-1ca3136e5898,CG,0,0,0,GS,2,0,included,mapped subtype in EBV/MSI/GS/CIN,all_slides_have_features,STAD_GS,TCGA-CG-4462-01,NON_SENSITIVE,72.58,Female,Poorly_Cohesive,Stage_IV,ANTRUM,,,1:DECEASED,,,cbioportal:stad_tcga_pub,TCGA-CG-4462-01,GS,MSS,0,Diffuse,Stage_IV,ANTRUM,T3,N3,M1,56.0,1.86666666667,TCGA-CG-4462-01A-01-BS1.8655c0a9-39ee-4e10-ac16-d501a9c096a6;TCGA-CG-4462-01A-01-TS1.248b9397-a38b-420f-af07-8114a185d9a4;TCGA-CG-4462-01Z-00-DX1.b83d328e-f315-493a-b625-1ca3136e5898,TCGA-CG-4462-01Z-00-DX1.b83d328e-f315-493a-b625-1ca3136e5898,3,1,GDC primary tumor Slide Image metadata
TCGA-CG-4465,TCGA-CG-4465-01Z-00-DX1.94a5e10c-2d21-4b3d-84d2-3b74d17ad088,CG,1,0,1,MSI,1,0,included,mapped subtype in EBV/MSI/GS/CIN,all_slides_have_features,STAD_MSI,TCGA-CG-4465-01,IMMUNE_SENSITIVE,69.09,Female,Poorly_Cohesive,Stage_IV,ANTRUM,,8.97,1:DECEASED,,,cbioportal:stad_tcga_pub,TCGA-CG-4465-01,MSI,MSI-H,0,Diffuse,Stage_IV,ANTRUM,T4b,N3,M1,572.0,19.4666666667,TCGA-CG-4465-01A-01-BS1.7ee70822-5756-4863-b8d5-79e177481217;TCGA-CG-4465-01A-01-TS1.29b6c510-0d0f-408d-b46e-27ac8fe1cef2;TCGA-CG-4465-01Z-00-DX1.94a5e10c-2d21-4b3d-84d2-3b74d17ad088,TCGA-CG-4465-01Z-00-DX1.94a5e10c-2d21-4b3d-84d2-3b74d17ad088,3,1,GDC primary tumor Slide Image metadata
TCGA-CG-4466,TCGA-CG-4466-01Z-00-DX1.cddbdb00-0856-471e-82f5-911e0416467e,CG,0,0,0,CIN,3,0,included,mapped subtype in EBV/MSI/GS/CIN,all_slides_have_features,STAD_CIN,TCGA-CG-4466-01,NON_SENSITIVE,81.42,Female,Papillary,Stage_IB,FUNDUS_BODY,,18.92,0:LIVING,18.92,0:DiseaseFree,cbioportal:stad_tcga_pub,TCGA-CG-4466-01,CIN,MSI-L,0,Intestinal,Stage_IB,FUNDUS_BODY,T2,N0,M0,169.0,5.63333333333,TCGA-CG-4466-01A-01-BS1.57dc8784-b3c8-46c6-8fb3-25653ab71c49;TCGA-CG-4466-01A-01-TS1.d8b9d9d4-3326-4ffc-b813-e0c8657aa7f0;TCGA-CG-4466-01Z-00-DX1.cddbdb00-0856-471e-82f5-911e0416467e,TCGA-CG-4466-01Z-00-DX1.cddbdb00-0856-471e-82f5-911e0416467e,3,1,GDC primary tumor Slide Image metadata
TCGA-CG-4469,TCGA-CG-4469-01Z-00-DX1.005fafe8-ec9e-4283-95e4-f3cea0ac2365,CG,0,0,0,CIN,3,0,included,mapped subtype in EBV/MSI/GS/CIN,all_slides_have_features,STAD_CIN,TCGA-CG-4469-01,NON_SENSITIVE,70.08,Male,Tubular,Stage_IIIB,,,7.06,1:DECEASED,,,cbioportal:stad_tcga_pub,TCGA-CG-4469-01,CIN,MSI-L,0,Intestinal,Stage_IIIB,,T3,N3,M0,269.0,9.0,TCGA-CG-4469-01A-01-BS1.4a53aa0a-4ed5-42c8-ac3a-03d0cfe82da1;TCGA-CG-4469-01A-01-TS1.f9591370-1728-445a-8490-1dd5862c0868;TCGA-CG-4469-01Z-00-DX1.005fafe8-ec9e-4283-95e4-f3cea0ac2365,TCGA-CG-4469-01Z-00-DX1.005fafe8-ec9e-4283-95e4-f3cea0ac2365,3,1,GDC primary tumor Slide Image metadata
TCGA-CG-4472,TCGA-CG-4472-01Z-00-DX1.776d5f0e-3a34-4de8-8d72-fd35ba59e235,CG,0,0,0,CIN,3,0,included,mapped subtype in EBV/MSI/GS/CIN,all_slides_have_features,STAD_CIN,TCGA-CG-4472-01,NON_SENSITIVE,49.58,Male,Tubular,Stage_IIIB,ANTRUM,,11.99,0:LIVING,4.01,1:Recurred/Progressed,cbioportal:stad_tcga_pub,TCGA-CG-4472-01,CIN,MSS,0,Intestinal,Stage_IIIB,ANTRUM,T4a,N2,M0,,0.0,TCGA-CG-4472-01A-01-BS1.cd5bc0e1-2dfe-446e-bc2e-e05fa77ca686;TCGA-CG-4472-01A-01-TS1.4b49d85c-24bc-4178-bb3f-abbcdf1a62d5;TCGA-CG-4472-01Z-00-DX1.776d5f0e-3a34-4de8-8d72-fd35ba59e235,TCGA-CG-4472-01Z-00-DX1.776d5f0e-3a34-4de8-8d72-fd35ba59e235,3,1,GDC primary tumor Slide Image metadata
TCGA-CG-4474,TCGA-CG-4474-01Z-00-DX1.b98d7365-75b1-4c90-80e0-fab8b354f411,CG,0,0,0,GS,2,0,included,mapped subtype in EBV/MSI/GS/CIN,all_slides_have_features,STAD_GS,TCGA-CG-4474-01,NON_SENSITIVE,67.59,Female,Poorly_Cohesive,Stage_IV,ANTRUM,,,0:LIVING,,,cbioportal:stad_tcga_pub,TCGA-CG-4474-01,GS,MSS,0,Diffuse,Stage_IV,ANTRUM,T4a,N2,M1,87.0,2.93333333333,TCGA-CG-4474-01A-01-BS1.157edacb-ea38-4969-baae-eeb9f1464390;TCGA-CG-4474-01A-02-BS2.43f1283a-5387-4d95-8373-9cae3760e37d;TCGA-CG-4474-01Z-00-DX1.b98d7365-75b1-4c90-80e0-fab8b354f411,TCGA-CG-4474-01Z-00-DX1.b98d7365-75b1-4c90-80e0-fab8b354f411,3,1,GDC primary tumor Slide Image metadata
TCGA-CG-4475,TCGA-CG-4475-01Z-00-DX1.7a6c4b16-baea-4820-b91e-c9b1c2945faf,CG,0,0,0,CIN,3,0,included,mapped subtype in EBV/MSI/GS/CIN,all_slides_have_features,STAD_CIN,TCGA-CG-4475-01,NON_SENSITIVE,76.84,Male,Mucinous,Stage_IIB,FUNDUS_BODY,,22.97,0:LIVING,22.97,0:DiseaseFree,cbioportal:stad_tcga_pub,TCGA-CG-4475-01,CIN,MSS,0,Intestinal,Stage_IIB,FUNDUS_BODY,T3,N1,M0,45.0,1.5,TCGA-CG-4475-01A-01-BS1.20939a61-41ac-4d46-a249-713fe982092a;TCGA-CG-4475-01A-01-TS1.852dac27-f9f7-4a15-9da8-3efc8efdf361;TCGA-CG-4475-01Z-00-DX1.7a6c4b16-baea-4820-b91e-c9b1c2945faf,TCGA-CG-4475-01Z-00-DX1.7a6c4b16-baea-4820-b91e-c9b1c2945faf,3,1,GDC primary tumor Slide Image metadata
TCGA-CG-4476,TCGA-CG-4476-01Z-00-DX1.04f422f3-317a-41a9-af82-3ff43d823b6f,CG,0,0,0,CIN,3,0,included,mapped subtype in EBV/MSI/GS/CIN,all_slides_have_features,STAD_CIN,TCGA-CG-4476-01,NON_SENSITIVE,69.83,Male,Tubular,Stage_IIIC,FUNDUS_BODY,,,0:LIVING,,,cbioportal:stad_tcga_pub,TCGA-CG-4476-01,CIN,MSS,0,Intestinal,Stage_IIIC,FUNDUS_BODY,T4b,N3,M0,113.0,3.8,TCGA-CG-4476-01A-01-BS1.7a0972f5-ab0e-4390-8fdf-a3808b754d46;TCGA-CG-4476-01A-01-TS1.445551b3-54ac-4d7b-80b9-23bc0ecb3812;TCGA-CG-4476-01Z-00-DX1.04f422f3-317a-41a9-af82-3ff43d823b6f,TCGA-CG-4476-01Z-00-DX1.04f422f3-317a-41a9-af82-3ff43d823b6f,3,1,GDC primary tumor Slide Image metadata
TCGA-CG-4477,TCGA-CG-4477-01Z-00-DX1.298d0c11-7e95-4c72-8446-a2cd5a87667f,CG,0,0,0,CIN,3,0,included,mapped subtype in EBV/MSI/GS/CIN,all_slides_have_features,STAD_CIN,TCGA-CG-4477-01,NON_SENSITIVE,58.66,Female,Tubular,Stage_IB,GEJ_CARDIA,,30.95,0:LIVING,11.99,1:Recurred/Progressed,cbioportal:stad_tcga_pub,TCGA-CG-4477-01,CIN,MSS,0,Intestinal,Stage_IB,GEJ_CARDIA,T2,N0,M0,126.0,4.4,TCGA-CG-4477-01A-01-BS1.6031977c-ae8b-498a-ab00-9a271822eb0a;TCGA-CG-4477-01A-01-TS1.45491f30-89de-4f34-af15-0b1605540eb6;TCGA-CG-4477-01Z-00-DX1.298d0c11-7e95-4c72-8446-a2cd5a87667f,TCGA-CG-4477-01Z-00-DX1.298d0c11-7e95-4c72-8446-a2cd5a87667f,3,1,GDC primary tumor Slide Image metadata
TCGA-CG-5717,TCGA-CG-5717-01Z-00-DX1.6E375046-B9C3-49DD-A934-9AE4BE2895E0,CG,0,0,0,GS,2,0,included,mapped subtype in EBV/MSI/GS/CIN,missing_features,STAD_GS,TCGA-CG-5717-01,NON_SENSITIVE,58.75,Male,Poorly_Cohesive,Stage_IIIA,GEJ_CARDIA,,6.93,1:DECEASED,3.94,1:Recurred/Progressed,cbioportal:stad_tcga_pub,TCGA-CG-5717-01,GS,MSS,0,Diffuse,Stage_IIIA,GEJ_CARDIA,T3,N2,M0,153.0,5.1,TCGA-CG-5717-01A-01-BS1.e7a6ebcb-c7d1-4c93-bdf2-9dd616ae213a;TCGA-CG-5717-01A-01-TS1.5227e151-1f5b-4d75-ba7c-416b22e0e958;TCGA-CG-5717-01Z-00-DX1.6E375046-B9C3-49DD-A934-9AE4BE2895E0,TCGA-CG-5717-01Z-00-DX1.6E375046-B9C3-49DD-A934-9AE4BE2895E0,3,1,GDC primary tumor Slide Image metadata
TCGA-CG-5718,TCGA-CG-5718-01Z-00-DX1.4BA9B20E-9555-4993-9B55-9E5A9C5C3905,CG,0,0,0,CIN,3,0,included,mapped subtype in EBV/MSI/GS/CIN,missing_features,STAD_CIN,TCGA-CG-5718-01,NON_SENSITIVE,78.75,Female,Tubular,Stage_IIIA,FUNDUS_BODY,,35.98,1:DECEASED,,,cbioportal:stad_tcga_pub,TCGA-CG-5718-01,CIN,MSS,0,Intestinal,Stage_IIIA,FUNDUS_BODY,T3,N2,M0,76.0,2.53333333333,TCGA-CG-5718-01A-01-BS1.0d6beb19-5d43-4def-92d1-b98838579bdb;TCGA-CG-5718-01A-01-TS1.f4a813d6-e5cc-475b-a0eb-45cfcd1c0730;TCGA-CG-5718-01Z-00-DX1.4BA9B20E-9555-4993-9B55-9E5A9C5C3905,TCGA-CG-5718-01Z-00-DX1.4BA9B20E-9555-4993-9B55-9E5A9C5C3905,3,1,GDC primary tumor Slide Image metadata
TCGA-CG-5719,TCGA-CG-5719-01Z-00-DX1.8E669F41-406C-4AB4-8B73-A079D6690537,CG,0,0,0,CIN,3,0,included,mapped subtype in EBV/MSI/GS/CIN,missing_features,STAD_CIN,TCGA-CG-5719-01,NON_SENSITIVE,54.66,Female,Tubular,Stage_IV,FUNDUS_BODY,,1.019166913,0:LIVING,,,cbioportal:stad_tcga_pub,TCGA-CG-5719-01,CIN,MSS,0,Intestinal,Stage_IV,FUNDUS_BODY,T4b,N0,M1,80.0,2.66666666667,TCGA-CG-5719-01A-01-BS1.90fb1653-eb04-47db-866e-5f401c2abc49;TCGA-CG-5719-01A-01-TS1.305110b6-ab05-4bbd-90a6-f2f98e942352;TCGA-CG-5719-01Z-00-DX1.8E669F41-406C-4AB4-8B73-A079D6690537,TCGA-CG-5719-01Z-00-DX1.8E669F41-406C-4AB4-8B73-A079D6690537,3,1,GDC primary tumor Slide Image metadata
TCGA-CG-5720,TCGA-CG-5720-01Z-00-DX1.934A284B-B33A-4C76-B423-2110012B7178,CG,0,0,0,GS,2,0,included,mapped subtype in EBV/MSI/GS/CIN,missing_features,STAD_GS,TCGA-CG-5720-01,NON_SENSITIVE,71.66,Male,Poorly_Cohesive,Stage_IIA,GEJ_CARDIA,,,1:DECEASED,,,cbioportal:stad_tcga_pub,TCGA-CG-5720-01,GS,MSI-L,0,Diffuse,Stage_IIA,GEJ_CARDIA,T3,N0,M0,79.0,2.6,TCGA-CG-5720-01A-01-BS1.9f897eb6-d54f-4116-b75b-a7041da0096b;TCGA-CG-5720-01A-01-TS1.d91e0ea8-4a51-431e-9884-912a363688ca;TCGA-CG-5720-01Z-00-DX1.934A284B-B33A-4C76-B423-2110012B7178,TCGA-CG-5720-01Z-00-DX1.934A284B-B33A-4C76-B423-2110012B7178,3,1,GDC primary tumor Slide Image metadata
TCGA-CG-5721,TCGA-CG-5721-01Z-00-DX1.F4E6AF45-0B1D-499E-AE95-6AFC9344F731,CG,1,0,1,MSI,1,0,included,mapped subtype in EBV/MSI/GS/CIN,missing_features,STAD_MSI,TCGA-CG-5721-01,IMMUNE_SENSITIVE,58.16,Male,Tubular,Stage_IIIB,FUNDUS_BODY,,5.98,0:LIVING,5.98,0:DiseaseFree,cbioportal:stad_tcga_pub,TCGA-CG-5721-01,MSI,MSI-H,0,Intestinal,Stage_IIIB,FUNDUS_BODY,T4b,N1,M0,3782.0,127.066666667,TCGA-CG-5721-01A-01-BS1.048c574a-3063-4c88-ae02-575486d0deae;TCGA-CG-5721-01A-01-TS1.e675efb9-939d-4ef7-83af-18595ff1c426;TCGA-CG-5721-01Z-00-DX1.F4E6AF45-0B1D-499E-AE95-6AFC9344F731,TCGA-CG-5721-01Z-00-DX1.F4E6AF45-0B1D-499E-AE95-6AFC9344F731,3,1,GDC primary tumor Slide Image metadata
TCGA-CG-5722,TCGA-CG-5722-01Z-00-DX1.C1B50B01-0328-4DAF-8EDA-024D2A7EC07F;TCGA-CG-5722-01Z-00-DX2.2A4EC4AE-A520-4E86-8E48-E6FFBFC3F340,CG,0,1,1,EBV,0,0,included,mapped subtype in EBV/MSI/GS/CIN,missing_features,STAD_EBV,TCGA-CG-5722-01,IMMUNE_SENSITIVE,67.0,Female,Poorly_Cohesive,Stage_IV,FUNDUS_BODY,,1.0,0:LIVING,,,cbioportal:stad_tcga_pub,TCGA-CG-5722-01,EBV,MSS,1,Diffuse,Stage_IV,FUNDUS_BODY,T4a,N3,M1,76.0,2.56666666667,TCGA-CG-5722-01A-01-BS1.5383fb83-5714-49a5-9a0b-759531f7abba;TCGA-CG-5722-01Z-00-DX1.C1B50B01-0328-4DAF-8EDA-024D2A7EC07F;TCGA-CG-5722-01Z-00-DX2.2A4EC4AE-A520-4E86-8E48-E6FFBFC3F340,TCGA-CG-5722-01Z-00-DX1.C1B50B01-0328-4DAF-8EDA-024D2A7EC07F;TCGA-CG-5722-01Z-00-DX2.2A4EC4AE-A520-4E86-8E48-E6FFBFC3F340,3,2,GDC primary tumor Slide Image metadata
TCGA-CG-5723,TCGA-CG-5723-01Z-00-DX1.A0FB6EFA-304F-4267-8C6E-D9E750F67FDC,CG,1,0,1,MSI,1,0,included,mapped subtype in EBV/MSI/GS/CIN,missing_features,STAD_MSI,TCGA-CG-5723-01,IMMUNE_SENSITIVE,83.17,Male,Poorly_Cohesive,Stage_IIB,GEJ_CARDIA,,105.0,0:LIVING,,,cbioportal:stad_tcga_pub,TCGA-CG-5723-01,MSI,MSI-H,0,Diffuse,Stage_IIB,GEJ_CARDIA,T3,N1,M0,1590.0,53.8333333333,TCGA-CG-5723-01A-01-BS1.00fee3f3-7e91-487a-a2cd-672c9d3bdee4;TCGA-CG-5723-01A-01-TS1.37effceb-1111-45f6-b49d-956b2eb149a8;TCGA-CG-5723-01Z-00-DX1.A0FB6EFA-304F-4267-8C6E-D9E750F67FDC,TCGA-CG-5723-01Z-00-DX1.A0FB6EFA-304F-4267-8C6E-D9E750F67FDC,3,1,GDC primary tumor Slide Image metadata
TCGA-CG-5724,TCGA-CG-5724-01Z-00-DX1.89B75EBF-BF6E-418F-8FA7-F564055EE6DA,CG,0,0,0,CIN,3,0,included,mapped subtype in EBV/MSI/GS/CIN,missing_features,STAD_CIN,TCGA-CG-5724-01,NON_SENSITIVE,59.58,Male,Mixed,Stage_IV,ANTRUM,,11.01,1:DECEASED,2.99,1:Recurred/Progressed,cbioportal:stad_tcga_pub,TCGA-CG-5724-01,CIN,MSI-L,0,Mixed,Stage_IV,ANTRUM,T4a,N3,M1,98.0,3.26666666667,TCGA-CG-5724-01A-01-BS1.6ef5ad33-b0b9-4bac-abc8-ba9b28702622;TCGA-CG-5724-01A-01-TS1.c737edfd-6dad-4f3d-a0b8-295039be1244;TCGA-CG-5724-01Z-00-DX1.89B75EBF-BF6E-418F-8FA7-F564055EE6DA,TCGA-CG-5724-01Z-00-DX1.89B75EBF-BF6E-418F-8FA7-F564055EE6DA,3,1,GDC primary tumor Slide Image metadata
TCGA-CG-5726,TCGA-CG-5726-01Z-00-DX1.AF4BAEE4-45CE-453F-B4B9-8373A5909315,CG,1,0,1,MSI,1,0,included,mapped subtype in EBV/MSI/GS/CIN,missing_features,STAD_MSI,TCGA-CG-5726-01,IMMUNE_SENSITIVE,73.92,Male,Papillary,Stage_IA,ANTRUM,,27.93,1:DECEASED,,,cbioportal:stad_tcga_pub,TCGA-CG-5726-01,MSI,MSI-H,0,Intestinal,Stage_IA,ANTRUM,T1b,N0,M0,1269.0,42.7666666667,TCGA-CG-5726-01A-01-BS1.f7ac1ec6-2de0-417d-be7a-b8ca4dd05ec1;TCGA-CG-5726-01A-01-TS1.887567b1-1586-4704-bb57-f4cc1f0474b2;TCGA-CG-5726-01Z-00-DX1.AF4BAEE4-45CE-453F-B4B9-8373A5909315,TCGA-CG-5726-01Z-00-DX1.AF4BAEE4-45CE-453F-B4B9-8373A5909315,3,1,GDC primary tumor Slide Image metadata
TCGA-CG-5727,TCGA-CG-5727-01Z-00-DX1.2B805B2B-6D29-4F6F-B22E-944091C53127,CG,0,0,0,GS,2,0,included,mapped subtype in EBV/MSI/GS/CIN,missing_features,STAD_GS,TCGA-CG-5727-01,NON_SENSITIVE,66.5,Male,Tubular,Stage_IIB,FUNDUS_BODY,,79.02,0:LIVING,79.02,0:DiseaseFree,cbioportal:stad_tcga_pub,TCGA-CG-5727-01,GS,MSI-L,0,Intestinal,Stage_IIB,FUNDUS_BODY,T4a,N0,M0,131.0,4.4,TCGA-CG-5727-01A-01-BS1.a539b820-6797-48b6-bf31-4ac4e36f8048;TCGA-CG-5727-01A-01-TS1.7ac0df19-e7f1-4d04-8572-e5b2aeafbc1c;TCGA-CG-5727-01Z-00-DX1.2B805B2B-6D29-4F6F-B22E-944091C53127,TCGA-CG-5727-01Z-00-DX1.2B805B2B-6D29-4F6F-B22E-944091C53127,3,1,GDC primary tumor Slide Image metadata
TCGA-CG-5728,TCGA-CG-5728-01Z-00-DX1.F370843C-2958-463F-90F9-DB3F08B8554B,CG,1,0,1,MSI,1,0,included,mapped subtype in EBV/MSI/GS/CIN,missing_features,STAD_MSI,TCGA-CG-5728-01,IMMUNE_SENSITIVE,88.41,Female,Tubular,Stage_IIA,ANTRUM,,65.05,0:LIVING,,,cbioportal:stad_tcga_pub,TCGA-CG-5728-01,MSI,MSI-H,0,Intestinal,Stage_IIA,ANTRUM,T3,N0,M0,1277.0,43.1666666667,TCGA-CG-5728-01A-01-BS1.f55e8c2a-1350-4d35-97a2-238111e0518e;TCGA-CG-5728-01A-01-TS1.c789665b-eddf-4b73-bbad-ba0d7d360449;TCGA-CG-5728-01Z-00-DX1.F370843C-2958-463F-90F9-DB3F08B8554B,TCGA-CG-5728-01Z-00-DX1.F370843C-2958-463F-90F9-DB3F08B8554B,3,1,GDC primary tumor Slide Image metadata
TCGA-CG-5730,TCGA-CG-5730-01Z-00-DX1.FA6F1EEE-3581-4824-AFC2-A5FFC04DF5A2,CG,0,0,0,CIN,3,0,included,mapped subtype in EBV/MSI/GS/CIN,missing_features,STAD_CIN,TCGA-CG-5730-01,NON_SENSITIVE,80.58,Female,Tubular,Stage_IV,FUNDUS_BODY,,4.01,0:LIVING,,,cbioportal:stad_tcga_pub,TCGA-CG-5730-01,CIN,MSS,0,Intestinal,Stage_IV,FUNDUS_BODY,T3,N2,M1,132.0,4.4,TCGA-CG-5730-01A-01-BS1.538a720f-21d4-4cea-861f-22bc64003b36;TCGA-CG-5730-01A-01-TS1.3cf69b4e-7e3a-4c29-b5b6-af3b06772a76;TCGA-CG-5730-01Z-00-DX1.FA6F1EEE-3581-4824-AFC2-A5FFC04DF5A2,TCGA-CG-5730-01Z-00-DX1.FA6F1EEE-3581-4824-AFC2-A5FFC04DF5A2,3,1,GDC primary tumor Slide Image metadata
TCGA-CG-5732,TCGA-CG-5732-01Z-00-DX1.56EE8B97-4D88-4EA1-9EC9-B1A9F79C35D5,CG,0,0,0,CIN,3,0,included,mapped subtype in EBV/MSI/GS/CIN,missing_features,STAD_CIN,TCGA-CG-5732-01,NON_SENSITIVE,66.74,Male,Papillary,Stage_IIIB,GEJ_CARDIA,,69.0,1:DECEASED,64.03,1:Recurred/Progressed,cbioportal:stad_tcga_pub,TCGA-CG-5732-01,CIN,MSS,0,Intestinal,Stage_IIIB,GEJ_CARDIA,T3,N3,M0,59.0,1.96666666667,TCGA-CG-5732-01A-01-BS1.9b5b1ad8-8ef3-4b15-9b35-a25a52b0ca0e;TCGA-CG-5732-01A-01-TS1.5ffc93a9-9514-4995-b2e3-ceace357feb7;TCGA-CG-5732-01Z-00-DX1.56EE8B97-4D88-4EA1-9EC9-B1A9F79C35D5,TCGA-CG-5732-01Z-00-DX1.56EE8B97-4D88-4EA1-9EC9-B1A9F79C35D5,3,1,GDC primary tumor Slide Image metadata
TCGA-CG-5733,TCGA-CG-5733-01Z-00-DX1.E284A707-2D4B-438A-8B62-FCFD4510FAD3,CG,1,0,1,MSI,1,0,included,mapped subtype in EBV/MSI/GS/CIN,missing_features,STAD_MSI,TCGA-CG-5733-01,IMMUNE_SENSITIVE,83.92,Female,Mucinous,Stage_IIIB,ANTRUM,,21.06,1:DECEASED,14.0,1:Recurred/Progressed,cbioportal:stad_tcga_pub,TCGA-CG-5733-01,MSI,MSI-H,0,Intestinal,Stage_IIIB,ANTRUM,T3,N3,M0,1065.0,36.0,TCGA-CG-5733-01A-01-BS1.29233678-8d9c-4b7e-818f-6adb378abf49;TCGA-CG-5733-01A-01-TS1.0ef73b9c-dc43-4437-88ae-7a5625b6aea3;TCGA-CG-5733-01Z-00-DX1.E284A707-2D4B-438A-8B62-FCFD4510FAD3,TCGA-CG-5733-01Z-00-DX1.E284A707-2D4B-438A-8B62-FCFD4510FAD3,3,1,GDC primary tumor Slide Image metadata
TCGA-CG-5734,TCGA-CG-5734-01Z-00-DX1.52E92249-B566-48B3-8D54-71B945A8C0AB,CG,0,0,0,GS,2,0,included,mapped subtype in EBV/MSI/GS/CIN,missing_features,STAD_GS,TCGA-CG-5734-01,NON_SENSITIVE,68.66,Male,Tubular,Stage_IIIB,FUNDUS_BODY,,7.98,1:DECEASED,,,cbioportal:stad_tcga_pub,TCGA-CG-5734-01,GS,MSI-L,0,Intestinal,Stage_IIIB,FUNDUS_BODY,T4a,N2,M0,94.0,3.13333333333,TCGA-CG-5734-01A-01-BS1.2a91d3be-38f1-43a4-a5f2-7881ea6fecfa;TCGA-CG-5734-01A-01-TS1.0ec46be4-84f1-499d-b083-1924638b8313;TCGA-CG-5734-01Z-00-DX1.52E92249-B566-48B3-8D54-71B945A8C0AB,TCGA-CG-5734-01Z-00-DX1.52E92249-B566-48B3-8D54-71B945A8C0AB,3,1,GDC primary tumor Slide Image metadata
TCGA-D7-5577,TCGA-D7-5577-01Z-00-DX1.e9ca39a5-7c5c-4e43-ac89-8652f44b08bb;TCGA-D7-5577-01Z-00-DX2.FFE2889A-1E01-4D57-9B81-671465A1FB21,D7,0,1,1,EBV,0,0,included,mapped subtype in EBV/MSI/GS/CIN,all_slides_have_features,STAD_EBV,TCGA-D7-5577-01,IMMUNE_SENSITIVE,53.85,Female,Tubular,Stage_IIIB,FUNDUS_BODY,,12.58,0:LIVING,12.58,1:Recurred/Progressed,cbioportal:stad_tcga_pub,TCGA-D7-5577-01,EBV,MSS,1,Intestinal,Stage_IIIB,FUNDUS_BODY,T3,N3,M0,107.0,3.56666666667,TCGA-D7-5577-01A-01-BS1.604ce676-d3f1-4800-9c7c-7a7ffbe17ff1;TCGA-D7-5577-01A-01-TS1.23c82cd3-2bc2-409f-8325-038a2a0fac29;TCGA-D7-5577-01Z-00-DX1.e9ca39a5-7c5c-4e43-ac89-8652f44b08bb;TCGA-D7-5577-01Z-00-DX2.FFE2889A-1E01-4D57-9B81-671465A1FB21,TCGA-D7-5577-01Z-00-DX1.e9ca39a5-7c5c-4e43-ac89-8652f44b08bb;TCGA-D7-5577-01Z-00-DX2.FFE2889A-1E01-4D57-9B81-671465A1FB21,4,2,GDC primary tumor Slide Image metadata
TCGA-D7-5578,TCGA-D7-5578-01Z-00-DX1.8216cb00-cc28-4872-aef7-3b9c18e16117;TCGA-D7-5578-01Z-00-DX2.715B0263-C855-4C4F-8A53-16B0CA9432C8,D7,0,0,0,CIN,3,0,included,mapped subtype in EBV/MSI/GS/CIN,all_slides_have_features,STAD_CIN,TCGA-D7-5578-01,NON_SENSITIVE,80.46,Male,Tubular,Stage_IIB,FUNDUS_BODY,,12.65,0:LIVING,12.65,0:DiseaseFree,cbioportal:stad_tcga_pub,TCGA-D7-5578-01,CIN,MSI-L,0,Intestinal,Stage_IIB,FUNDUS_BODY,T2,N2,M0,202.0,6.76666666667,TCGA-D7-5578-01A-01-BS1.9f452dad-3e66-4346-8278-61ffebbd6185;TCGA-D7-5578-01A-01-TS1.5be0df68-4c65-46d8-a058-3d01b01358d7;TCGA-D7-5578-01Z-00-DX1.8216cb00-cc28-4872-aef7-3b9c18e16117;TCGA-D7-5578-01Z-00-DX2.715B0263-C855-4C4F-8A53-16B0CA9432C8,TCGA-D7-5578-01Z-00-DX1.8216cb00-cc28-4872-aef7-3b9c18e16117;TCGA-D7-5578-01Z-00-DX2.715B0263-C855-4C4F-8A53-16B0CA9432C8,4,2,GDC primary tumor Slide Image metadata
TCGA-D7-5579,TCGA-D7-5579-01Z-00-DX1.6b638a16-4bd1-4624-a57b-4088214e34a9;TCGA-D7-5579-01Z-00-DX2.092BDD5E-3D0B-442C-ADE1-E684BC658D2E,D7,0,0,0,CIN,3,0,included,mapped subtype in EBV/MSI/GS/CIN,all_slides_have_features,STAD_CIN,TCGA-D7-5579-01,NON_SENSITIVE,74.4,Male,Poorly_Cohesive,Stage_IIIB,FUNDUS_BODY,,11.99,0:LIVING,11.99,0:DiseaseFree,cbioportal:stad_tcga_pub,TCGA-D7-5579-01,CIN,MSS,0,Diffuse,Stage_IIIB,FUNDUS_BODY,T3,N3,M0,134.0,4.43333333333,TCGA-D7-5579-01A-01-BS1.abe1f5fe-e759-4804-ba40-b02d74d58700;TCGA-D7-5579-01A-01-TS1.b5a2008b-3618-443d-992c-1e1624ebdd2c;TCGA-D7-5579-01Z-00-DX1.6b638a16-4bd1-4624-a57b-4088214e34a9;TCGA-D7-5579-01Z-00-DX2.092BDD5E-3D0B-442C-ADE1-E684BC658D2E,TCGA-D7-5579-01Z-00-DX1.6b638a16-4bd1-4624-a57b-4088214e34a9;TCGA-D7-5579-01Z-00-DX2.092BDD5E-3D0B-442C-ADE1-E684BC658D2E,4,2,GDC primary tumor Slide Image metadata
TCGA-D7-6518,TCGA-D7-6518-01Z-00-DX1.227f4361-7393-4276-801a-a395617a15e4;TCGA-D7-6518-01Z-00-DX2.8CA8FC09-10AD-4931-861A-25CBCAE9D488,D7,0,0,0,CIN,3,0,included,mapped subtype in EBV/MSI/GS/CIN,all_slides_have_features,STAD_CIN,TCGA-D7-6518-01,NON_SENSITIVE,75.55,Male,Poorly_Cohesive,Stage_IIIB,GEJ_CARDIA,,19.12,0:LIVING,19.12,0:DiseaseFree,cbioportal:stad_tcga_pub,TCGA-D7-6518-01,CIN,MSS,0,Diffuse,Stage_IIIB,GEJ_CARDIA,T3,N3,M0,83.0,2.76666666667,TCGA-D7-6518-01A-01-BS1.43420704-66d5-444d-ade3-50612f8abea6;TCGA-D7-6518-01A-01-TS1.3a086a4d-89c8-43b2-8693-87dc3b295b4d;TCGA-D7-6518-01Z-00-DX1.227f4361-7393-4276-801a-a395617a15e4;TCGA-D7-6518-01Z-00-DX2.8CA8FC09-10AD-4931-861A-25CBCAE9D488,TCGA-D7-6518-01Z-00-DX1.227f4361-7393-4276-801a-a395617a15e4;TCGA-D7-6518-01Z-00-DX2.8CA8FC09-10AD-4931-861A-25CBCAE9D488,4,2,GDC primary tumor Slide Image metadata
TCGA-D7-6519,TCGA-D7-6519-01Z-00-DX1.5f7dcb29-030f-4011-affe-47dab4b9da03;TCGA-D7-6519-01Z-00-DX2.D42BA621-1099-4C4F-B691-B124F871A1CB,D7,0,0,0,CIN,3,0,included,mapped subtype in EBV/MSI/GS/CIN,all_slides_have_features,STAD_CIN,TCGA-D7-6519-01,NON_SENSITIVE,64.1,Female,Tubular,Stage_IIA,GEJ_CARDIA,,19.81,0:LIVING,13.37,1:Recurred/Progressed,cbioportal:stad_tcga_pub,TCGA-D7-6519-01,CIN,MSS,0,Intestinal,Stage_IIA,GEJ_CARDIA,T2,N1,M0,49.0,1.66666666667,TCGA-D7-6519-01A-01-BS1.ba49b954-dacd-417c-81b0-967e56fccf0d;TCGA-D7-6519-01A-01-TS1.e1a68a3a-9991-48c7-b1bf-dede8ef6972b;TCGA-D7-6519-01Z-00-DX1.5f7dcb29-030f-4011-affe-47dab4b9da03;TCGA-D7-6519-01Z-00-DX2.D42BA621-1099-4C4F-B691-B124F871A1CB,TCGA-D7-6519-01Z-00-DX1.5f7dcb29-030f-4011-affe-47dab4b9da03;TCGA-D7-6519-01Z-00-DX2.D42BA621-1099-4C4F-B691-B124F871A1CB,4,2,GDC primary tumor Slide Image metadata
TCGA-D7-6520,TCGA-D7-6520-01Z-00-DX1.c65fcb6d-72c1-44dc-a056-f54c9130e0cb;TCGA-D7-6520-01Z-00-DX2.60B9C76F-93F5-461E-84F5-C3A3734E5D3C,D7,0,0,0,CIN,3,0,included,mapped subtype in EBV/MSI/GS/CIN,all_slides_have_features,STAD_CIN,TCGA-D7-6520-01,NON_SENSITIVE,53.3,Male,Tubular,Stage_IIIB,ANTRUM,,18.83,0:LIVING,1.51,1:Recurred/Progressed,cbioportal:stad_tcga_pub,TCGA-D7-6520-01,CIN,MSS,0,Intestinal,Stage_IIIB,ANTRUM,T3,N3,M0,55.0,1.9,TCGA-D7-6520-01A-01-BS1.06365ca8-5a94-4987-81a5-a6b08d9a7b5f;TCGA-D7-6520-01A-01-TS1.9183a911-0fcb-435c-9738-6f9045452d7d;TCGA-D7-6520-01Z-00-DX1.c65fcb6d-72c1-44dc-a056-f54c9130e0cb;TCGA-D7-6520-01Z-00-DX2.60B9C76F-93F5-461E-84F5-C3A3734E5D3C,TCGA-D7-6520-01Z-00-DX1.c65fcb6d-72c1-44dc-a056-f54c9130e0cb;TCGA-D7-6520-01Z-00-DX2.60B9C76F-93F5-461E-84F5-C3A3734E5D3C,4,2,GDC primary tumor Slide Image metadata
TCGA-D7-6521,TCGA-D7-6521-01Z-00-DX1.928f6bc8-8283-4195-9cd7-6d6eb72bb68b;TCGA-D7-6521-01Z-00-DX2.3742698F-7643-4A73-8524-A46EEFFCD761,D7,0,0,0,CIN,3,0,included,mapped subtype in EBV/MSI/GS/CIN,all_slides_have_features,STAD_CIN,TCGA-D7-6521-01,NON_SENSITIVE,65.1,Male,Poorly_Cohesive,Stage_IIIB,FUNDUS_BODY,,18.53,0:LIVING,6.31,1:Recurred/Progressed,cbioportal:stad_tcga_pub,TCGA-D7-6521-01,CIN,MSI-L,0,Diffuse,Stage_IIIB,FUNDUS_BODY,T3,N3,M0,71.0,2.36666666667,TCGA-D7-6521-01A-01-BS1.7715b99b-2dad-417d-bac2-53b6e4719fbc;TCGA-D7-6521-01A-01-TS1.018fff6a-a3b4-441f-adfb-560251db6a6d;TCGA-D7-6521-01Z-00-DX1.928f6bc8-8283-4195-9cd7-6d6eb72bb68b;TCGA-D7-6521-01Z-00-DX2.3742698F-7643-4A73-8524-A46EEFFCD761,TCGA-D7-6521-01Z-00-DX1.928f6bc8-8283-4195-9cd7-6d6eb72bb68b;TCGA-D7-6521-01Z-00-DX2.3742698F-7643-4A73-8524-A46EEFFCD761,4,2,GDC primary tumor Slide Image metadata
TCGA-D7-6522,TCGA-D7-6522-01Z-00-DX1.037aabb6-3546-44d4-991f-d7c5461b83f6;TCGA-D7-6522-01Z-00-DX2.0CEA0837-BBD6-4C5F-87D6-DA93E1DEDDC3,D7,0,0,0,GS,2,0,included,mapped subtype in EBV/MSI/GS/CIN,all_slides_have_features,STAD_GS,TCGA-D7-6522-01,NON_SENSITIVE,58.77,Male,Poorly_Cohesive,Stage_IB,ANTRUM,,18.6,0:LIVING,18.6,0:DiseaseFree,cbioportal:stad_tcga_pub,TCGA-D7-6522-01,GS,MSS,0,Diffuse,Stage_IB,ANTRUM,T2,N0,M0,62.0,2.06666666667,TCGA-D7-6522-01A-01-BS1.b29cb8fb-d9c2-46fe-8394-cd3ef0dcc3c2;TCGA-D7-6522-01A-01-TS1.666821c4-3332-411a-bd31-a9286469d97d;TCGA-D7-6522-01Z-00-DX1.037aabb6-3546-44d4-991f-d7c5461b83f6;TCGA-D7-6522-01Z-00-DX2.0CEA0837-BBD6-4C5F-87D6-DA93E1DEDDC3,TCGA-D7-6522-01Z-00-DX1.037aabb6-3546-44d4-991f-d7c5461b83f6;TCGA-D7-6522-01Z-00-DX2.0CEA0837-BBD6-4C5F-87D6-DA93E1DEDDC3,4,2,GDC primary tumor Slide Image metadata
TCGA-D7-6524,TCGA-D7-6524-01Z-00-DX1.ec1248f6-7d22-49c5-8300-673d25819e1d;TCGA-D7-6524-01Z-00-DX2.6E8242FF-FAF3-4CAA-9CB2-CE0BC1D518C9,D7,0,0,0,GS,2,0,included,mapped subtype in EBV/MSI/GS/CIN,all_slides_have_features,STAD_GS,TCGA-D7-6524-01,NON_SENSITIVE,53.47,Male,Poorly_Cohesive,Stage_IIIA,ANTRUM,,17.84,0:LIVING,17.84,1:Recurred/Progressed,cbioportal:stad_tcga_pub,TCGA-D7-6524-01,GS,MSS,0,Diffuse,Stage_IIIA,ANTRUM,T3,N2,M0,88.0,2.93333333333,TCGA-D7-6524-01A-01-BS1.0c5a2889-580a-467d-964e-f5b32927c90e;TCGA-D7-6524-01A-01-TS1.2ed95e6c-baa3-4840-9616-41cff369ac64;TCGA-D7-6524-01Z-00-DX1.ec1248f6-7d22-49c5-8300-673d25819e1d;TCGA-D7-6524-01Z-00-DX2.6E8242FF-FAF3-4CAA-9CB2-CE0BC1D518C9,TCGA-D7-6524-01Z-00-DX1.ec1248f6-7d22-49c5-8300-673d25819e1d;TCGA-D7-6524-01Z-00-DX2.6E8242FF-FAF3-4CAA-9CB2-CE0BC1D518C9,4,2,GDC primary tumor Slide Image metadata
TCGA-D7-6525,TCGA-D7-6525-01Z-00-DX1.4c140df7-e1b6-4e10-bf13-0006484d6a4f;TCGA-D7-6525-01Z-00-DX2.1784F199-7F06-45BB-892A-EFB9009275EB,D7,0,0,0,CIN,3,0,included,mapped subtype in EBV/MSI/GS/CIN,all_slides_have_features,STAD_CIN,TCGA-D7-6525-01,NON_SENSITIVE,58.11,Male,Tubular,Stage_IIIA,GEJ_CARDIA,,13.34,1:DECEASED,5.62,1:Recurred/Progressed,cbioportal:stad_tcga_pub,TCGA-D7-6525-01,CIN,MSI-L,0,Intestinal,Stage_IIIA,GEJ_CARDIA,T3,N2,M0,134.0,4.46666666667,TCGA-D7-6525-01A-01-BS1.8f9db142-2095-483b-bdb6-a8af88c9ef2c;TCGA-D7-6525-01A-01-TS1.19f7cc58-5b09-46d4-b84d-7626886d5f8d;TCGA-D7-6525-01Z-00-DX1.4c140df7-e1b6-4e10-bf13-0006484d6a4f;TCGA-D7-6525-01Z-00-DX2.1784F199-7F06-45BB-892A-EFB9009275EB,TCGA-D7-6525-01Z-00-DX1.4c140df7-e1b6-4e10-bf13-0006484d6a4f;TCGA-D7-6525-01Z-00-DX2.1784F199-7F06-45BB-892A-EFB9009275EB,4,2,GDC primary tumor Slide Image metadata
TCGA-D7-6526,TCGA-D7-6526-01Z-00-DX1.d954acfe-8efc-4ab7-965b-edc8c3afdfc6;TCGA-D7-6526-01Z-00-DX2.8846E328-5343-4A95-A77D-3827F443A989,D7,0,0,0,CIN,3,0,included,mapped subtype in EBV/MSI/GS/CIN,all_slides_have_features,STAD_CIN,TCGA-D7-6526-01,NON_SENSITIVE,67.02,Female,Tubular,Stage_IIIA,ANTRUM,,17.18,0:LIVING,17.18,0:DiseaseFree,cbioportal:stad_tcga_pub,TCGA-D7-6526-01,CIN,MSS,0,Intestinal,Stage_IIIA,ANTRUM,T3,N2,M0,178.0,5.93333333333,TCGA-D7-6526-01A-01-BS1.dac7c80f-1a7f-40e1-bf6a-e99fd513be93;TCGA-D7-6526-01A-01-TS1.422a96b9-349c-4b50-8440-d45fcc0098f5;TCGA-D7-6526-01Z-00-DX1.d954acfe-8efc-4ab7-965b-edc8c3afdfc6;TCGA-D7-6526-01Z-00-DX2.8846E328-5343-4A95-A77D-3827F443A989,TCGA-D7-6526-01Z-00-DX1.d954acfe-8efc-4ab7-965b-edc8c3afdfc6;TCGA-D7-6526-01Z-00-DX2.8846E328-5343-4A95-A77D-3827F443A989,4,2,GDC primary tumor Slide Image metadata
TCGA-D7-6527,TCGA-D7-6527-01Z-00-DX1.3149a5ed-2ed0-4ce7-912b-e67bb1c33e8f;TCGA-D7-6527-01Z-00-DX2.AC6B9D7B-E289-449C-934B-E15BD593CED4,D7,0,0,0,CIN,3,0,included,mapped subtype in EBV/MSI/GS/CIN,all_slides_have_features,STAD_CIN,TCGA-D7-6527-01,NON_SENSITIVE,62.4,Male,Papillary,Stage_IIA,GEJ_CARDIA,,10.25,1:DECEASED,2.46,1:Recurred/Progressed,cbioportal:stad_tcga_pub,TCGA-D7-6527-01,CIN,MSI-L,0,Intestinal,Stage_IIA,GEJ_CARDIA,T2,N1,M0,196.0,6.5,TCGA-D7-6527-01A-01-BS1.ed001c63-4ca0-49e4-89b3-e2700797ce47;TCGA-D7-6527-01A-01-TS1.74390fd8-fd7e-4eec-b924-5a896c9d0aa2;TCGA-D7-6527-01Z-00-DX1.3149a5ed-2ed0-4ce7-912b-e67bb1c33e8f;TCGA-D7-6527-01Z-00-DX2.AC6B9D7B-E289-449C-934B-E15BD593CED4,TCGA-D7-6527-01Z-00-DX1.3149a5ed-2ed0-4ce7-912b-e67bb1c33e8f;TCGA-D7-6527-01Z-00-DX2.AC6B9D7B-E289-449C-934B-E15BD593CED4,4,2,GDC primary tumor Slide Image metadata
TCGA-D7-6528,TCGA-D7-6528-01Z-00-DX1.3c2ec0f4-9b8f-45c5-920d-5afe55890219;TCGA-D7-6528-01Z-00-DX2.8159A49E-A9A0-4AA8-83AA-96E49D1DB8C4,D7,0,0,0,CIN,3,0,included,mapped subtype in EBV/MSI/GS/CIN,all_slides_have_features,STAD_CIN,TCGA-D7-6528-01,NON_SENSITIVE,70.68,Female,Tubular,Stage_IIA,FUNDUS_BODY,,15.21,0:LIVING,15.21,0:DiseaseFree,cbioportal:stad_tcga_pub,TCGA-D7-6528-01,CIN,MSI-L,0,Intestinal,Stage_IIA,FUNDUS_BODY,T3,N0,M0,303.0,10.1333333333,TCGA-D7-6528-01A-01-BS1.de90c928-498b-460e-b695-8eed57df9b29;TCGA-D7-6528-01A-01-TS1.0ef23045-2cf3-4d8d-be52-d4bbde04b752;TCGA-D7-6528-01Z-00-DX1.3c2ec0f4-9b8f-45c5-920d-5afe55890219;TCGA-D7-6528-01Z-00-DX2.8159A49E-A9A0-4AA8-83AA-96E49D1DB8C4,TCGA-D7-6528-01Z-00-DX1.3c2ec0f4-9b8f-45c5-920d-5afe55890219;TCGA-D7-6528-01Z-00-DX2.8159A49E-A9A0-4AA8-83AA-96E49D1DB8C4,4,2,GDC primary tumor Slide Image metadata
TCGA-D7-6815,TCGA-D7-6815-01Z-00-DX1.518E266F-0FF6-4768-85C6-19D77935A537,D7,0,0,0,CIN,3,0,included,mapped subtype in EBV/MSI/GS/CIN,all_slides_have_features,STAD_CIN,TCGA-D7-6815-01,NON_SENSITIVE,70.67,Female,Tubular,Stage_IIB,FUNDUS_BODY,,15.28,0:LIVING,15.28,0:DiseaseFree,cbioportal:stad_tcga_pub,TCGA-D7-6815-01,CIN,MSS,0,Intestinal,Stage_IIB,FUNDUS_BODY,T2,N2,M0,121.0,4.06666666667,TCGA-D7-6815-01A-01-BS1.27ed09fb-797d-4523-94a5-f77556706b91;TCGA-D7-6815-01A-01-TS1.8be13c35-f802-4c0e-955d-a1033de1bc14;TCGA-D7-6815-01Z-00-DX1.518E266F-0FF6-4768-85C6-19D77935A537,TCGA-D7-6815-01Z-00-DX1.518E266F-0FF6-4768-85C6-19D77935A537,3,1,GDC primary tumor Slide Image metadata
TCGA-D7-6817,TCGA-D7-6817-01Z-00-DX1.c1c7e7bb-2811-4034-8da8-af527377a711;TCGA-D7-6817-01Z-00-DX2.725AB42B-1396-48E6-B37A-62955F72DD0F,D7,0,0,0,CIN,3,0,included,mapped subtype in EBV/MSI/GS/CIN,all_slides_have_features,STAD_CIN,TCGA-D7-6817-01,NON_SENSITIVE,63.36,Male,Tubular,Stage_IIIB,FUNDUS_BODY,,13.24,0:LIVING,13.24,0:DiseaseFree,cbioportal:stad_tcga_pub,TCGA-D7-6817-01,CIN,MSS,0,Intestinal,Stage_IIIB,FUNDUS_BODY,T3,N3,M0,78.0,2.6,TCGA-D7-6817-01A-01-BS1.8529b6c7-d030-4c8d-98e9-4a9c18e7b7f4;TCGA-D7-6817-01A-01-TS1.9713e69b-c1cf-40d9-96c4-bc2348ea8d95;TCGA-D7-6817-01Z-00-DX1.c1c7e7bb-2811-4034-8da8-af527377a711;TCGA-D7-6817-01Z-00-DX2.725AB42B-1396-48E6-B37A-62955F72DD0F,TCGA-D7-6817-01Z-00-DX1.c1c7e7bb-2811-4034-8da8-af527377a711;TCGA-D7-6817-01Z-00-DX2.725AB42B-1396-48E6-B37A-62955F72DD0F,4,2,GDC primary tumor Slide Image metadata
TCGA-D7-6818,TCGA-D7-6818-01Z-00-DX1.c0709e0a-3e53-431b-a1e3-259ad84497f6;TCGA-D7-6818-01Z-00-DX2.3D150EDC-0246-4CEA-8EFF-5811EA8ADA09,D7,0,0,0,CIN,3,0,included,mapped subtype in EBV/MSI/GS/CIN,all_slides_have_features,STAD_CIN,TCGA-D7-6818-01,NON_SENSITIVE,53.09,Male,Tubular,Stage_IIIB,FUNDUS_BODY,,10.55,0:LIVING,9.13,1:Recurred/Progressed,cbioportal:stad_tcga_pub,TCGA-D7-6818-01,CIN,MSS,0,Intestinal,Stage_IIIB,FUNDUS_BODY,T3,N3,M0,144.0,4.8,TCGA-D7-6818-01A-01-BS1.22f6557a-1030-40ed-83a5-2c8cda4acd41;TCGA-D7-6818-01A-01-TS1.e009208d-299a-403d-a171-91054f531b9c;TCGA-D7-6818-01Z-00-DX1.c0709e0a-3e53-431b-a1e3-259ad84497f6;TCGA-D7-6818-01Z-00-DX2.3D150EDC-0246-4CEA-8EFF-5811EA8ADA09,TCGA-D7-6818-01Z-00-DX1.c0709e0a-3e53-431b-a1e3-259ad84497f6;TCGA-D7-6818-01Z-00-DX2.3D150EDC-0246-4CEA-8EFF-5811EA8ADA09,4,2,GDC primary tumor Slide Image metadata
TCGA-D7-6820,TCGA-D7-6820-01Z-00-DX1.fe70ad91-42dc-470a-af2f-ba2e601084de;TCGA-D7-6820-01Z-00-DX2.8847C420-5C25-4716-B467-1CD2687F4484,D7,0,0,0,CIN,3,0,included,mapped subtype in EBV/MSI/GS/CIN,all_slides_have_features,STAD_CIN,TCGA-D7-6820-01,NON_SENSITIVE,64.3,Male,Tubular,Stage_IIB,FUNDUS_BODY,,11.6,0:LIVING,11.6,0:DiseaseFree,cbioportal:stad_tcga_pub,TCGA-D7-6820-01,CIN,MSS,0,Intestinal,Stage_IIB,FUNDUS_BODY,T2,N2,M0,79.0,2.63333333333,TCGA-D7-6820-01A-01-BS1.4d8ac8f9-d8cf-43bf-9268-7432677ffbf6;TCGA-D7-6820-01A-01-TS1.0dc0f3af-a1b0-4f28-b6e0-d6eadb995acf;TCGA-D7-6820-01Z-00-DX1.fe70ad91-42dc-470a-af2f-ba2e601084de;TCGA-D7-6820-01Z-00-DX2.8847C420-5C25-4716-B467-1CD2687F4484,TCGA-D7-6820-01Z-00-DX1.fe70ad91-42dc-470a-af2f-ba2e601084de;TCGA-D7-6820-01Z-00-DX2.8847C420-5C25-4716-B467-1CD2687F4484,4,2,GDC primary tumor Slide Image metadata
TCGA-D7-6822,TCGA-D7-6822-01Z-00-DX1.b583410e-fb5b-4a57-8215-eb7eeee3645d;TCGA-D7-6822-01Z-00-DX2.4085F597-DD0C-4793-9586-CCC73382986B,D7,0,0,0,CIN,3,0,included,mapped subtype in EBV/MSI/GS/CIN,all_slides_have_features,STAD_CIN,TCGA-D7-6822-01,NON_SENSITIVE,77.25,Male,Tubular,Stage_IIA,FUNDUS_BODY,,11.63,0:LIVING,11.63,0:DiseaseFree,cbioportal:stad_tcga_pub,TCGA-D7-6822-01,CIN,MSS,0,Intestinal,Stage_IIA,FUNDUS_BODY,T3,N0,M0,225.0,7.53333333333,TCGA-D7-6822-01A-01-BS1.dfd06875-8a64-49d0-93b1-74c5b7b5c65a;TCGA-D7-6822-01A-01-TS1.c3fa439d-58f1-4188-8664-77092a595365;TCGA-D7-6822-01Z-00-DX1.b583410e-fb5b-4a57-8215-eb7eeee3645d;TCGA-D7-6822-01Z-00-DX2.4085F597-DD0C-4793-9586-CCC73382986B,TCGA-D7-6822-01Z-00-DX1.b583410e-fb5b-4a57-8215-eb7eeee3645d;TCGA-D7-6822-01Z-00-DX2.4085F597-DD0C-4793-9586-CCC73382986B,4,2,GDC primary tumor Slide Image metadata
TCGA-D7-8570,TCGA-D7-8570-01Z-00-DX1.0B435CEF-B653-4D10-B2BD-6F9576C94389;TCGA-D7-8570-01Z-00-DX2.7447681C-7F88-43F4-BA7E-655DDA02ACDE,D7,0,1,1,EBV,0,0,included,mapped subtype in EBV/MSI/GS/CIN,all_slides_have_features,STAD_EBV,TCGA-D7-8570-01,IMMUNE_SENSITIVE,44.22,Male,Intestinal,Stage_IIIB,GEJ_CARDIA,,24.35,0:LIVING,24.35,0:DiseaseFree,cbioportal:stad_tcga_pub,TCGA-D7-8570-01,EBV,MSS,1,Intestinal,Stage_IIIB,GEJ_CARDIA,T3,N3,M0,109.0,3.63333333333,TCGA-D7-8570-01A-01-BS1.6a8e38b9-3b5c-4fd1-a25e-81278bef811a;TCGA-D7-8570-01A-01-TS1.b0d0596e-8ecd-4754-a674-f3c61b0fd37d;TCGA-D7-8570-01Z-00-DX1.0B435CEF-B653-4D10-B2BD-6F9576C94389;TCGA-D7-8570-01Z-00-DX2.7447681C-7F88-43F4-BA7E-655DDA02ACDE,TCGA-D7-8570-01Z-00-DX1.0B435CEF-B653-4D10-B2BD-6F9576C94389;TCGA-D7-8570-01Z-00-DX2.7447681C-7F88-43F4-BA7E-655DDA02ACDE,4,2,GDC primary tumor Slide Image metadata
TCGA-D7-8572,TCGA-D7-8572-01Z-00-DX1.E7F9367F-14C4-4561-934D-AE7A778CD13C;TCGA-D7-8572-01Z-00-DX2.13383FD3-B864-4578-8832-56EA1916FA86,D7,0,0,0,GS,2,0,included,mapped subtype in EBV/MSI/GS/CIN,all_slides_have_features,STAD_GS,TCGA-D7-8572-01,NON_SENSITIVE,57.14,Male,Papillary,Stage_IB,FUNDUS_BODY,,16.95,0:LIVING,16.95,0:DiseaseFree,cbioportal:stad_tcga_pub,TCGA-D7-8572-01,GS,MSS,0,Intestinal,Stage_IB,FUNDUS_BODY,T2,N0,M0,150.0,5.0,TCGA-D7-8572-01A-01-BS1.64fd974e-c442-4211-b657-aadb0739ec81;TCGA-D7-8572-01A-01-TS1.82bad051-98fe-4b93-bcb6-2700c45e825e;TCGA-D7-8572-01Z-00-DX1.E7F9367F-14C4-4561-934D-AE7A778CD13C;TCGA-D7-8572-01Z-00-DX2.13383FD3-B864-4578-8832-56EA1916FA86,TCGA-D7-8572-01Z-00-DX1.E7F9367F-14C4-4561-934D-AE7A778CD13C;TCGA-D7-8572-01Z-00-DX2.13383FD3-B864-4578-8832-56EA1916FA86,4,2,GDC primary tumor Slide Image metadata
TCGA-D7-8573,TCGA-D7-8573-01Z-00-DX1.8A579441-BC90-4CAB-8199-15580DA5ED87;TCGA-D7-8573-01Z-00-DX2.703306C5-7D46-4E3C-833F-22D1FEF7C6F6,D7,0,1,1,EBV,0,0,included,mapped subtype in EBV/MSI/GS/CIN,all_slides_have_features,STAD_EBV,TCGA-D7-8573-01,IMMUNE_SENSITIVE,57.39,Male,Tubular,Stage_IIA,FUNDUS_BODY,,19.45,0:LIVING,19.45,0:DiseaseFree,cbioportal:stad_tcga_pub,TCGA-D7-8573-01,EBV,MSI-L,1,Intestinal,Stage_IIA,FUNDUS_BODY,T3,N0,M0,70.0,2.33333333333,TCGA-D7-8573-01A-01-BS1.8236a2fd-9fcc-4ef3-b5a8-a2176b838b3d;TCGA-D7-8573-01A-01-TS1.76072489-ea71-4f5a-88d9-c83680ebba9c;TCGA-D7-8573-01Z-00-DX1.8A579441-BC90-4CAB-8199-15580DA5ED87;TCGA-D7-8573-01Z-00-DX2.703306C5-7D46-4E3C-833F-22D1FEF7C6F6,TCGA-D7-8573-01Z-00-DX1.8A579441-BC90-4CAB-8199-15580DA5ED87;TCGA-D7-8573-01Z-00-DX2.703306C5-7D46-4E3C-833F-22D1FEF7C6F6,4,2,GDC primary tumor Slide Image metadata
TCGA-D7-8574,TCGA-D7-8574-01Z-00-DX1.72155AB8-7B77-46D1-85B0-EACABCD25EF2;TCGA-D7-8574-01Z-00-DX2.0824C6C7-B086-4D9B-94B4-FC1A49805700,D7,0,0,0,GS,2,0,included,mapped subtype in EBV/MSI/GS/CIN,all_slides_have_features,STAD_GS,TCGA-D7-8574-01,NON_SENSITIVE,72.79,Male,Poorly_Cohesive,Stage_IIIA,ANTRUM,,17.35,0:LIVING,17.35,0:DiseaseFree,cbioportal:stad_tcga_pub,TCGA-D7-8574-01,GS,MSS,0,Diffuse,Stage_IIIA,ANTRUM,T2,N3,M0,24.0,0.8,TCGA-D7-8574-01A-01-TS1.bae03428-1741-49a2-bd10-df4b9e7b3a26;TCGA-D7-8574-01Z-00-DX1.72155AB8-7B77-46D1-85B0-EACABCD25EF2;TCGA-D7-8574-01Z-00-DX2.0824C6C7-B086-4D9B-94B4-FC1A49805700,TCGA-D7-8574-01Z-00-DX1.72155AB8-7B77-46D1-85B0-EACABCD25EF2;TCGA-D7-8574-01Z-00-DX2.0824C6C7-B086-4D9B-94B4-FC1A49805700,3,2,GDC primary tumor Slide Image metadata
TCGA-D7-8575,TCGA-D7-8575-01Z-00-DX1.11006AF4-D0CD-46DF-909A-29E345191C4C;TCGA-D7-8575-01Z-00-DX2.7505FB70-2931-459B-B23A-4D24B080E383,D7,0,0,0,CIN,3,0,included,mapped subtype in EBV/MSI/GS/CIN,all_slides_have_features,STAD_CIN,TCGA-D7-8575-01,NON_SENSITIVE,75.87,Male,Mixed,Stage_IIIA,FUNDUS_BODY,,0.2,0:LIVING,0.2,0:DiseaseFree,cbioportal:stad_tcga_pub,TCGA-D7-8575-01,CIN,MSS,0,Mixed,Stage_IIIA,FUNDUS_BODY,T3,N2,M0,49.0,1.63333333333,TCGA-D7-8575-01A-01-BS1.0f8909f6-fa12-4a4b-839c-653e0e92645d;TCGA-D7-8575-01A-01-TS1.184c05fd-3891-4134-91cf-ffa95dc50079;TCGA-D7-8575-01Z-00-DX1.11006AF4-D0CD-46DF-909A-29E345191C4C;TCGA-D7-8575-01Z-00-DX2.7505FB70-2931-459B-B23A-4D24B080E383,TCGA-D7-8575-01Z-00-DX1.11006AF4-D0CD-46DF-909A-29E345191C4C;TCGA-D7-8575-01Z-00-DX2.7505FB70-2931-459B-B23A-4D24B080E383,4,2,GDC primary tumor Slide Image metadata
TCGA-D7-8576,TCGA-D7-8576-01Z-00-DX1.102C35FC-8CA4-471A-86E9-5C5526178928;TCGA-D7-8576-01Z-00-DX2.2535E27E-C1AC-4008-B48F-083B6F53AF03,D7,0,0,0,CIN,3,0,included,mapped subtype in EBV/MSI/GS/CIN,all_slides_have_features,STAD_CIN,TCGA-D7-8576-01,NON_SENSITIVE,54.8,Female,Mixed,Stage_IIIB,ANTRUM,,14.62,1:DECEASED,6.67,1:Recurred/Progressed,cbioportal:stad_tcga_pub,TCGA-D7-8576-01,CIN,MSS,0,Mixed,Stage_IIIB,ANTRUM,T3,N3,M0,48.0,1.6,TCGA-D7-8576-01A-01-TS1.1afe8b91-f16d-4f71-b8ba-d622b89058fd;TCGA-D7-8576-01Z-00-DX1.102C35FC-8CA4-471A-86E9-5C5526178928;TCGA-D7-8576-01Z-00-DX2.2535E27E-C1AC-4008-B48F-083B6F53AF03,TCGA-D7-8576-01Z-00-DX1.102C35FC-8CA4-471A-86E9-5C5526178928;TCGA-D7-8576-01Z-00-DX2.2535E27E-C1AC-4008-B48F-083B6F53AF03,3,2,GDC primary tumor Slide Image metadata
TCGA-D7-8578,TCGA-D7-8578-01Z-00-DX1.902BBFC1-2456-4718-9A5E-2FD9AE47AF44;TCGA-D7-8578-01Z-00-DX2.D71657BE-72D0-4EEC-89D3-E83934A0F919,D7,0,0,0,CIN,3,0,included,mapped subtype in EBV/MSI/GS/CIN,all_slides_have_features,STAD_CIN,TCGA-D7-8578-01,NON_SENSITIVE,72.88,Male,Tubular,Stage_IIA,ANTRUM,,4.3,0:LIVING,4.3,0:DiseaseFree,cbioportal:stad_tcga_pub,TCGA-D7-8578-01,CIN,MSS,0,Intestinal,Stage_IIA,ANTRUM,T3,N0,M0,47.0,1.56666666667,TCGA-D7-8578-01A-01-BS1.d791fc4b-7f80-4355-8d50-4b423389dc21;TCGA-D7-8578-01Z-00-DX1.902BBFC1-2456-4718-9A5E-2FD9AE47AF44;TCGA-D7-8578-01Z-00-DX2.D71657BE-72D0-4EEC-89D3-E83934A0F919,TCGA-D7-8578-01Z-00-DX1.902BBFC1-2456-4718-9A5E-2FD9AE47AF44;TCGA-D7-8578-01Z-00-DX2.D71657BE-72D0-4EEC-89D3-E83934A0F919,3,2,GDC primary tumor Slide Image metadata
TCGA-D7-8579,TCGA-D7-8579-01Z-00-DX1.BFA005CC-E2B4-4A36-9C84-5F51F0526856;TCGA-D7-8579-01Z-00-DX2.9D40DCA2-2711-426C-B5DD-3D897975F4BF,D7,0,0,0,GS,2,0,included,mapped subtype in EBV/MSI/GS/CIN,all_slides_have_features,STAD_GS,TCGA-D7-8579-01,NON_SENSITIVE,66.04,Female,Intestinal,Stage_IIB,ANTRUM,,4.14,0:LIVING,4.14,0:DiseaseFree,cbioportal:stad_tcga_pub,TCGA-D7-8579-01,GS,MSS,0,Intestinal,Stage_IIB,ANTRUM,T2,N2,M0,87.0,2.9,TCGA-D7-8579-01A-01-TS1.d1d4e2c4-95e8-4075-83dd-1256979c7545;TCGA-D7-8579-01Z-00-DX1.BFA005CC-E2B4-4A36-9C84-5F51F0526856;TCGA-D7-8579-01Z-00-DX2.9D40DCA2-2711-426C-B5DD-3D897975F4BF,TCGA-D7-8579-01Z-00-DX1.BFA005CC-E2B4-4A36-9C84-5F51F0526856;TCGA-D7-8579-01Z-00-DX2.9D40DCA2-2711-426C-B5DD-3D897975F4BF,3,2,GDC primary tumor Slide Image metadata
TCGA-D7-A4YT,TCGA-D7-A4YT-01Z-00-DX1.645AF39D-1B70-4C46-AB80-7B532994EE66,D7,0,0,0,CIN,3,0,included,mapped subtype in EBV/MSI/GS/CIN,all_slides_have_features,STAD_CIN,TCGA-D7-A4YT-01,NON_SENSITIVE,56.79,Male,Tubular,Stage_IB,GEJ_CARDIA,,12.45,0:LIVING,12.45,0:DiseaseFree,cbioportal:stad_tcga_pub,TCGA-D7-A4YT-01,CIN,MSS,0,Intestinal,Stage_IB,GEJ_CARDIA,T2,N0,M0,239.0,8.03333333333,TCGA-D7-A4YT-01A-01-TS1.4C115C5B-A653-48F0-B461-98DECF8BABBA;TCGA-D7-A4YT-01Z-00-DX1.645AF39D-1B70-4C46-AB80-7B532994EE66,TCGA-D7-A4YT-01Z-00-DX1.645AF39D-1B70-4C46-AB80-7B532994EE66,2,1,GDC primary tumor Slide Image metadata
TCGA-D7-A4YU,TCGA-D7-A4YU-01Z-00-DX1.42DF1586-BD02-4482-AEAF-8F2C1BBB1C20,D7,0,0,0,CIN,3,0,included,mapped subtype in EBV/MSI/GS/CIN,all_slides_have_features,STAD_CIN,TCGA-D7-A4YU-01,NON_SENSITIVE,73.32,Male,Tubular,Stage_IIIB,FUNDUS_BODY,,16.69,0:LIVING,16.69,0:DiseaseFree,cbioportal:stad_tcga_pub,TCGA-D7-A4YU-01,CIN,MSS,0,Intestinal,Stage_IIIB,FUNDUS_BODY,T3,N3,M0,195.0,6.5,TCGA-D7-A4YU-01A-02-TS2.D053AD0B-6A88-4768-A2E0-CBC9C48CD91D;TCGA-D7-A4YU-01Z-00-DX1.42DF1586-BD02-4482-AEAF-8F2C1BBB1C20,TCGA-D7-A4YU-01Z-00-DX1.42DF1586-BD02-4482-AEAF-8F2C1BBB1C20,2,1,GDC primary tumor Slide Image metadata
TCGA-D7-A4YV,TCGA-D7-A4YV-01Z-00-DX1.55DFBF47-1A3B-428F-9AC4-8814F557FF1E,D7,1,0,1,MSI,1,0,included,mapped subtype in EBV/MSI/GS/CIN,all_slides_have_features,STAD_MSI,TCGA-D7-A4YV-01,IMMUNE_SENSITIVE,69.6,Female,Poorly_Cohesive,Stage_IIB,ANTRUM,,5.91,0:LIVING,5.91,0:DiseaseFree,cbioportal:stad_tcga_pub,TCGA-D7-A4YV-01,MSI,MSI-H,0,Diffuse,Stage_IIB,ANTRUM,T3,N1,M0,806.0,27.2333333333,TCGA-D7-A4YV-01A-01-TS1.2437CBE2-8D14-4301-9DD6-A74BA29B1326;TCGA-D7-A4YV-01Z-00-DX1.55DFBF47-1A3B-428F-9AC4-8814F557FF1E,TCGA-D7-A4YV-01Z-00-DX1.55DFBF47-1A3B-428F-9AC4-8814F557FF1E,2,1,GDC primary tumor Slide Image metadata
TCGA-D7-A4YX,TCGA-D7-A4YX-01Z-00-DX1.54DE426E-7EC0-4FF4-919F-045E38B3C34E,D7,0,1,1,EBV,0,0,included,mapped subtype in EBV/MSI/GS/CIN,all_slides_have_features,STAD_EBV,TCGA-D7-A4YX-01,IMMUNE_SENSITIVE,63.65,Male,Papillary,Stage_IIB,FUNDUS_BODY,,14.75,0:LIVING,14.75,0:DiseaseFree,cbioportal:stad_tcga_pub,TCGA-D7-A4YX-01,EBV,MSS,1,Intestinal,Stage_IIB,FUNDUS_BODY,T3,N1,M0,69.0,2.26666666667,TCGA-D7-A4YX-01A-01-TS1.02107F4F-A25C-4795-B00E-C4996F58924C;TCGA-D7-A4YX-01Z-00-DX1.54DE426E-7EC0-4FF4-919F-045E38B3C34E,TCGA-D7-A4YX-01Z-00-DX1.54DE426E-7EC0-4FF4-919F-045E38B3C34E,2,1,GDC primary tumor Slide Image metadata
TCGA-D7-A4YY,TCGA-D7-A4YY-01Z-00-DX1.D1623D77-0BBA-4CB6-97DC-382BE136A583,D7,1,0,1,MSI,1,0,included,mapped subtype in EBV/MSI/GS/CIN,all_slides_have_features,STAD_MSI,TCGA-D7-A4YY-01,IMMUNE_SENSITIVE,61.02,Male,Tubular,Stage_IIIB,ANTRUM,,3.42,0:LIVING,3.42,0:DiseaseFree,cbioportal:stad_tcga_pub,TCGA-D7-A4YY-01,MSI,MSI-H,0,Intestinal,Stage_IIIB,ANTRUM,T3,N3,M0,406.0,13.6333333333,TCGA-D7-A4YY-01A-01-TS1.BD1DF037-BBBA-4C57-9782-E57A57E0384E;TCGA-D7-A4YY-01Z-00-DX1.D1623D77-0BBA-4CB6-97DC-382BE136A583,TCGA-D7-A4YY-01Z-00-DX1.D1623D77-0BBA-4CB6-97DC-382BE136A583,2,1,GDC primary tumor Slide Image metadata
TCGA-D7-A4Z0,TCGA-D7-A4Z0-01Z-00-DX1.3D9BDA76-6884-4012-AB91-C374F32B58FB,D7,0,0,0,GS,2,0,included,mapped subtype in EBV/MSI/GS/CIN,all_slides_have_features,STAD_GS,TCGA-D7-A4Z0-01,NON_SENSITIVE,60.58,Female,Poorly_Cohesive,Stage_IIB,ANTRUM,,3.91,0:LIVING,3.91,0:DiseaseFree,cbioportal:stad_tcga_pub,TCGA-D7-A4Z0-01,GS,MSS,0,Diffuse,Stage_IIB,ANTRUM,T2,N2,M0,261.0,8.73333333333,TCGA-D7-A4Z0-01A-02-TS2.81F1B88A-5AD2-4471-BE33-9DAC020D074F;TCGA-D7-A4Z0-01Z-00-DX1.3D9BDA76-6884-4012-AB91-C374F32B58FB,TCGA-D7-A4Z0-01Z-00-DX1.3D9BDA76-6884-4012-AB91-C374F32B58FB,2,1,GDC primary tumor Slide Image metadata
TCGA-EQ-5647,TCGA-EQ-5647-01Z-00-DX1.e71da6e6-dd3d-4fb3-b1ba-ada25e6319bb,EQ,0,0,0,CIN,3,0,included,mapped subtype in EBV/MSI/GS/CIN,all_slides_have_features,STAD_CIN,TCGA-EQ-5647-01,NON_SENSITIVE,86.06,Female,Tubular,Stage_IV,ANTRUM,,0.53,1:DECEASED,0.53,0:DiseaseFree,cbioportal:stad_tcga_pub,TCGA-EQ-5647-01,CIN,MSS,0,Intestinal,Stage_IV,ANTRUM,T4a,N3,M1,70.0,2.33333333333,TCGA-EQ-5647-01A-01-BS1.38066d51-03ac-4480-8207-f45273d86c30;TCGA-EQ-5647-01A-01-TS1.f297f541-40ad-4127-9b65-fa5b3fba2be4;TCGA-EQ-5647-01Z-00-DX1.e71da6e6-dd3d-4fb3-b1ba-ada25e6319bb,TCGA-EQ-5647-01Z-00-DX1.e71da6e6-dd3d-4fb3-b1ba-ada25e6319bb,3,1,GDC primary tumor Slide Image metadata
TCGA-EQ-8122,TCGA-EQ-8122-01A-01-BS1.d9fffa42-873e-4855-9a88-53b6e814f645;TCGA-EQ-8122-01A-01-TS1.7f027238-6b8d-4eec-a7e0-6c595ea28a5c,EQ,0,0,0,CIN,3,0,included,mapped subtype in EBV/MSI/GS/CIN,missing_features,STAD_CIN,TCGA-EQ-8122-01,NON_SENSITIVE,71.97,Female,Papillary,Stage_IIB,ANTRUM,,7.98,1:DECEASED,,,cbioportal:stad_tcga_pub,TCGA-EQ-8122-01,CIN,MSS,0,Intestinal,Stage_IIB,ANTRUM,T3,N1,M0,160.0,5.33333333333,TCGA-EQ-8122-01A-01-BS1.d9fffa42-873e-4855-9a88-53b6e814f645;TCGA-EQ-8122-01A-01-TS1.7f027238-6b8d-4eec-a7e0-6c595ea28a5c,,2,0,GDC primary tumor Slide Image metadata
TCGA-EQ-A4SO,TCGA-EQ-A4SO-01Z-00-DX1.9A41602A-AAAE-4522-9DAB-73CF25FB8756,EQ,0,0,0,CIN,3,0,included,mapped subtype in EBV/MSI/GS/CIN,all_slides_have_features,STAD_CIN,TCGA-EQ-A4SO-01,NON_SENSITIVE,70.9,Male,Papillary,Stage_IIIB,ANTRUM,,14.95,0:LIVING,14.95,0:DiseaseFree,cbioportal:stad_tcga_pub,TCGA-EQ-A4SO-01,CIN,MSI-L,0,Intestinal,Stage_IIIB,ANTRUM,T4b,N1,M0,158.0,5.3,TCGA-EQ-A4SO-01A-01-TS1.ECA84E7E-312A-4F4C-8916-EDD572F6943A;TCGA-EQ-A4SO-01Z-00-DX1.9A41602A-AAAE-4522-9DAB-73CF25FB8756,TCGA-EQ-A4SO-01Z-00-DX1.9A41602A-AAAE-4522-9DAB-73CF25FB8756,2,1,GDC primary tumor Slide Image metadata
TCGA-F1-6177,TCGA-F1-6177-01Z-00-DX1.7687CABE-8984-4396-882C-978C15F66401,F1,1,0,1,MSI,1,0,included,mapped subtype in EBV/MSI/GS/CIN,all_slides_have_features,STAD_MSI,TCGA-F1-6177-01,IMMUNE_SENSITIVE,90.0,Male,Tubular,Stage_IB,ANTRUM,,5.62,0:LIVING,5.62,0:DiseaseFree,cbioportal:stad_tcga_pub,TCGA-F1-6177-01,MSI,MSI-H,0,Intestinal,Stage_IB,ANTRUM,T1b,N1,M0,1195.0,40.2333333333,TCGA-F1-6177-01A-01-BS1.896352cb-7520-4c98-aed6-a86f723d999f;TCGA-F1-6177-01A-01-TS1.f5b7e812-9685-4f60-a6a5-bd937284b802;TCGA-F1-6177-01Z-00-DX1.7687CABE-8984-4396-882C-978C15F66401,TCGA-F1-6177-01Z-00-DX1.7687CABE-8984-4396-882C-978C15F66401,3,1,GDC primary tumor Slide Image metadata
TCGA-F1-6874,TCGA-F1-6874-01Z-00-DX1.3dfb0e10-3650-4c05-a27b-866fb6a304ff,F1,1,0,1,MSI,1,0,included,mapped subtype in EBV/MSI/GS/CIN,all_slides_have_features,STAD_MSI,TCGA-F1-6874-01,IMMUNE_SENSITIVE,79.63,Male,Tubular,Stage_IB,GEJ_CARDIA,,13.54,0:LIVING,13.54,0:DiseaseFree,cbioportal:stad_tcga_pub,TCGA-F1-6874-01,MSI,MSI-H,0,Intestinal,Stage_IB,GEJ_CARDIA,T2,N0,M0,848.0,28.5333333333,TCGA-F1-6874-01A-01-BS1.96216c83-5133-42fa-920e-83fe0a12a936;TCGA-F1-6874-01A-01-TS1.efb5965d-92ab-4168-9f7a-8d248e59bb3c;TCGA-F1-6874-01Z-00-DX1.3dfb0e10-3650-4c05-a27b-866fb6a304ff,TCGA-F1-6874-01Z-00-DX1.3dfb0e10-3650-4c05-a27b-866fb6a304ff,3,1,GDC primary tumor Slide Image metadata
TCGA-F1-6875,TCGA-F1-6875-01Z-00-DX1.F9E009FF-3213-4CCC-9075-C04B1E62A524,F1,0,0,0,CIN,3,0,included,mapped subtype in EBV/MSI/GS/CIN,all_slides_have_features,STAD_CIN,TCGA-F1-6875-01,NON_SENSITIVE,79.97,Male,Tubular,Stage_IB,ANTRUM,,72.18,1:DECEASED,,0:DiseaseFree,cbioportal:stad_tcga_pub,TCGA-F1-6875-01,CIN,MSS,0,Intestinal,Stage_IB,ANTRUM,T2,N0,M0,76.0,2.53333333333,TCGA-F1-6875-01A-01-BS1.2e18d01c-2ae8-4963-b34a-3741faa00b72;TCGA-F1-6875-01A-01-TS1.831db76a-7ec9-4868-8d43-23935b1b58f0;TCGA-F1-6875-01Z-00-DX1.F9E009FF-3213-4CCC-9075-C04B1E62A524,TCGA-F1-6875-01Z-00-DX1.F9E009FF-3213-4CCC-9075-C04B1E62A524,3,1,GDC primary tumor Slide Image metadata
TCGA-F1-A448,TCGA-F1-A448-01Z-00-DX1.FAEC839E-048D-4A33-9159-DECAEEA21777,F1,1,0,1,MSI,1,0,included,mapped subtype in EBV/MSI/GS/CIN,all_slides_have_features,STAD_MSI,TCGA-F1-A448-01,IMMUNE_SENSITIVE,70.76,Male,Mucinous,Stage_IIIB,ANTRUM,,19.42,0:LIVING,19.42,0:DiseaseFree,cbioportal:stad_tcga_pub,TCGA-F1-A448-01,MSI,MSI-H,0,Intestinal,Stage_IIIB,ANTRUM,T3,N3,M0,491.0,16.4,TCGA-F1-A448-01A-01-TS1.8E8F894E-728F-4F63-BCCA-4542A7E3DC3B;TCGA-F1-A448-01Z-00-DX1.FAEC839E-048D-4A33-9159-DECAEEA21777,TCGA-F1-A448-01Z-00-DX1.FAEC839E-048D-4A33-9159-DECAEEA21777,2,1,GDC primary tumor Slide Image metadata
TCGA-FP-7735,TCGA-FP-7735-01Z-00-DX1.97aac46a-898e-4c43-8c93-1496f40c43ed,FP,0,0,0,CIN,3,0,included,mapped subtype in EBV/MSI/GS/CIN,all_slides_have_features,STAD_CIN,TCGA-FP-7735-01,NON_SENSITIVE,77.25,Male,Papillary,Stage_IB,FUNDUS_BODY,,3.25,1:DECEASED,0.16,0:DiseaseFree,cbioportal:stad_tcga_pub,TCGA-FP-7735-01,CIN,MSS,0,Intestinal,Stage_IB,FUNDUS_BODY,T2,N0,M0,54.0,1.8,TCGA-FP-7735-01A-01-TS1.5d954849-5558-4c54-80ca-9217092342bc;TCGA-FP-7735-01Z-00-DX1.97aac46a-898e-4c43-8c93-1496f40c43ed,TCGA-FP-7735-01Z-00-DX1.97aac46a-898e-4c43-8c93-1496f40c43ed,2,1,GDC primary tumor Slide Image metadata
TCGA-FP-7829,TCGA-FP-7829-01Z-00-DX1.22253191-e487-46f6-b743-d7c44ad01f4c,FP,0,0,0,CIN,3,0,included,mapped subtype in EBV/MSI/GS/CIN,all_slides_have_features,STAD_CIN,TCGA-FP-7829-01,NON_SENSITIVE,69.91,Male,Tubular,Stage_IIB,GEJ_CARDIA,,19.52,0:LIVING,19.52,0:DiseaseFree,cbioportal:stad_tcga_pub,TCGA-FP-7829-01,CIN,MSS,0,Intestinal,Stage_IIB,GEJ_CARDIA,T3,N1,M0,210.0,7.03333333333,TCGA-FP-7829-01A-01-TS1.3f986e0a-ea16-4da0-a8bd-b02f7980dbc0;TCGA-FP-7829-01Z-00-DX1.22253191-e487-46f6-b743-d7c44ad01f4c,TCGA-FP-7829-01Z-00-DX1.22253191-e487-46f6-b743-d7c44ad01f4c,2,1,GDC primary tumor Slide Image metadata
TCGA-FP-7916,TCGA-FP-7916-01Z-00-DX1.6264d8c6-0ddb-4905-ad0c-146e380ddee1,FP,0,1,1,EBV,0,0,included,mapped subtype in EBV/MSI/GS/CIN,all_slides_have_features,STAD_EBV,TCGA-FP-7916-01,IMMUNE_SENSITIVE,78.0,Male,Mixed,Stage_IV,ANTRUM,,11.01,1:DECEASED,,0:DiseaseFree,cbioportal:stad_tcga_pub,TCGA-FP-7916-01,EBV,MSS,1,Mixed,Stage_IV,ANTRUM,T4a,N3,M1,80.0,2.66666666667,TCGA-FP-7916-01A-01-BS1.dbd25ab0-2874-4005-8efe-871e479e7c5a;TCGA-FP-7916-01Z-00-DX1.6264d8c6-0ddb-4905-ad0c-146e380ddee1,TCGA-FP-7916-01Z-00-DX1.6264d8c6-0ddb-4905-ad0c-146e380ddee1,2,1,GDC primary tumor Slide Image metadata
TCGA-FP-7998,TCGA-FP-7998-01Z-00-DX1.9f24585a-d609-4094-8170-b0f483606a18,FP,0,1,1,EBV,0,0,included,mapped subtype in EBV/MSI/GS/CIN,all_slides_have_features,STAD_EBV,TCGA-FP-7998-01,IMMUNE_SENSITIVE,77.49,Male,Stomach Adenocarcinoma,Stage_IIIC,FUNDUS_BODY,,18.69,0:LIVING,18.69,0:DiseaseFree,cbioportal:stad_tcga_pub,TCGA-FP-7998-01,EBV,MSS,1,,Stage_IIIC,FUNDUS_BODY,T4a,N3,M0,61.0,2.0,TCGA-FP-7998-01A-01-BS1.db0cfd76-505a-433c-9167-edb8306b30ee;TCGA-FP-7998-01A-01-TS1.bcfda3fb-0623-4933-973b-4efdd5da7ef8;TCGA-FP-7998-01Z-00-DX1.9f24585a-d609-4094-8170-b0f483606a18,TCGA-FP-7998-01Z-00-DX1.9f24585a-d609-4094-8170-b0f483606a18,3,1,GDC primary tumor Slide Image metadata
TCGA-FP-8099,TCGA-FP-8099-01Z-00-DX1.82948449-f540-49f2-a99a-d66da5eaaf4e,FP,0,0,0,CIN,3,0,included,mapped subtype in EBV/MSI/GS/CIN,all_slides_have_features,STAD_CIN,TCGA-FP-8099-01,NON_SENSITIVE,79.75,Male,Mixed,Stage_IIA,GEJ_CARDIA,,15.93,0:LIVING,15.93,0:DiseaseFree,cbioportal:stad_tcga_pub,TCGA-FP-8099-01,CIN,MSS,0,Mixed,Stage_IIA,GEJ_CARDIA,T3,N0,M0,109.0,3.63333333333,TCGA-FP-8099-01A-01-TS1.1c0a24f2-70dd-4f12-8add-3b1163ce0399;TCGA-FP-8099-01Z-00-DX1.82948449-f540-49f2-a99a-d66da5eaaf4e,TCGA-FP-8099-01Z-00-DX1.82948449-f540-49f2-a99a-d66da5eaaf4e,2,1,GDC primary tumor Slide Image metadata
TCGA-FP-8209,TCGA-FP-8209-01Z-00-DX1.a5e13081-1631-44d4-8d6a-c229a22c2311,FP,0,0,0,GS,2,0,included,mapped subtype in EBV/MSI/GS/CIN,all_slides_have_features,STAD_GS,TCGA-FP-8209-01,NON_SENSITIVE,49.75,Male,Tubular,Stage_IB,ANTRUM,,59.01,1:DECEASED,55.06,1:Recurred/Progressed,cbioportal:stad_tcga_pub,TCGA-FP-8209-01,GS,MSS,0,Intestinal,Stage_IB,ANTRUM,T2,N0,M0,1.0,0.0333333333333,TCGA-FP-8209-01A-01-TS1.4a65761d-878d-4d90-84d1-25f98231a894;TCGA-FP-8209-01Z-00-DX1.a5e13081-1631-44d4-8d6a-c229a22c2311,TCGA-FP-8209-01Z-00-DX1.a5e13081-1631-44d4-8d6a-c229a22c2311,2,1,GDC primary tumor Slide Image metadata
TCGA-FP-8210,TCGA-FP-8210-01Z-00-DX1.0ef0fd3f-5968-48ce-9e69-eaae83c29004,FP,0,0,0,GS,2,0,included,mapped subtype in EBV/MSI/GS/CIN,all_slides_have_features,STAD_GS,TCGA-FP-8210-01,NON_SENSITIVE,48.08,Male,Poorly_Cohesive,Stage_IIIB,ANTRUM,,5.03,1:DECEASED,,0:DiseaseFree,cbioportal:stad_tcga_pub,TCGA-FP-8210-01,GS,MSS,0,Diffuse,Stage_IIIB,ANTRUM,T4a,N2,M0,5.0,0.166666666667,TCGA-FP-8210-01Z-00-DX1.0ef0fd3f-5968-48ce-9e69-eaae83c29004,TCGA-FP-8210-01Z-00-DX1.0ef0fd3f-5968-48ce-9e69-eaae83c29004,1,1,GDC primary tumor Slide Image metadata
TCGA-FP-8211,TCGA-FP-8211-01Z-00-DX1.3906261e-914c-4191-802c-f27f64840211,FP,0,0,0,CIN,3,0,included,mapped subtype in EBV/MSI/GS/CIN,all_slides_have_features,STAD_CIN,TCGA-FP-8211-01,NON_SENSITIVE,62.83,Male,Tubular,Stage_IIB,GEJ_CARDIA,,12.22,0:LIVING,12.22,0:DiseaseFree,cbioportal:stad_tcga_pub,TCGA-FP-8211-01,CIN,MSS,0,Intestinal,Stage_IIB,GEJ_CARDIA,T3,N1,M0,99.0,3.33333333333,TCGA-FP-8211-01A-01-TS1.fc613390-5bb8-4f35-b265-0d7591f719c4;TCGA-FP-8211-01Z-00-DX1.3906261e-914c-4191-802c-f27f64840211,TCGA-FP-8211-01Z-00-DX1.3906261e-914c-4191-802c-f27f64840211,2,1,GDC primary tumor Slide Image metadata
TCGA-FP-8631,TCGA-FP-8631-01Z-00-DX1.8804336F-7DE6-4401-80B4-AEFA752C11B2,FP,0,0,0,CIN,3,0,included,mapped subtype in EBV/MSI/GS/CIN,all_slides_have_features,STAD_CIN,TCGA-FP-8631-01,NON_SENSITIVE,68.17,Male,Tubular,Stage_IIIA,GEJ_CARDIA,,0.56,0:LIVING,0.56,0:DiseaseFree,cbioportal:stad_tcga_pub,TCGA-FP-8631-01,CIN,MSS,0,Intestinal,Stage_IIIA,GEJ_CARDIA,T3,N2,M0,74.0,2.46666666667,TCGA-FP-8631-01A-01-TS1.ebabff97-9459-4f6a-a42c-028b34dd22eb;TCGA-FP-8631-01Z-00-DX1.8804336F-7DE6-4401-80B4-AEFA752C11B2,TCGA-FP-8631-01Z-00-DX1.8804336F-7DE6-4401-80B4-AEFA752C11B2,2,1,GDC primary tumor Slide Image metadata
TCGA-FP-A4BE,TCGA-FP-A4BE-01Z-00-DX1.813B0887-ED1F-48DD-A2E2-F14EB20D1F71,FP,1,0,1,MSI,1,0,included,mapped subtype in EBV/MSI/GS/CIN,all_slides_have_features,STAD_MSI,TCGA-FP-A4BE-01,IMMUNE_SENSITIVE,55.16,Male,Tubular,Stage_IIB,FUNDUS_BODY,,10.09,0:LIVING,10.09,0:DiseaseFree,cbioportal:stad_tcga_pub,TCGA-FP-A4BE-01,MSI,MSI-H,0,Intestinal,Stage_IIB,FUNDUS_BODY,T4a,N0,M0,1354.0,45.3333333333,TCGA-FP-A4BE-01A-01-TS1.6597A8E0-8F8C-4547-8E0D-CE73F97BFE81;TCGA-FP-A4BE-01Z-00-DX1.813B0887-ED1F-48DD-A2E2-F14EB20D1F71,TCGA-FP-A4BE-01Z-00-DX1.813B0887-ED1F-48DD-A2E2-F14EB20D1F71,2,1,GDC primary tumor Slide Image metadata
TCGA-FP-A4BF,TCGA-FP-A4BF-01Z-00-DX1.D4E8128B-A783-45ED-BF0E-93650F9483EC,FP,0,0,0,CIN,3,0,included,mapped subtype in EBV/MSI/GS/CIN,all_slides_have_features,STAD_CIN,TCGA-FP-A4BF-01,NON_SENSITIVE,68.53,Male,Mixed,Stage_IIIA,GEJ_CARDIA,,4.21,1:DECEASED,3.91,1:Recurred/Progressed,cbioportal:stad_tcga_pub,TCGA-FP-A4BF-01,CIN,MSS,0,Mixed,Stage_IIIA,GEJ_CARDIA,T3,N2,M0,92.0,3.1,TCGA-FP-A4BF-01A-01-TS1.9B4509FD-200F-435D-870E-392489F477A6;TCGA-FP-A4BF-01Z-00-DX1.D4E8128B-A783-45ED-BF0E-93650F9483EC,TCGA-FP-A4BF-01Z-00-DX1.D4E8128B-A783-45ED-BF0E-93650F9483EC,2,1,GDC primary tumor Slide Image metadata
TCGA-HF-7132,TCGA-HF-7132-01Z-00-DX1.AD1CA78F-2AAA-41F2-93CE-6DF2AD60ED1A,HF,1,0,1,MSI,1,0,included,mapped subtype in EBV/MSI/GS/CIN,all_slides_have_features,STAD_MSI,TCGA-HF-7132-01,IMMUNE_SENSITIVE,,Male,Mucinous,Stage_IIB,ANTRUM,,77.29230365,0:LIVING,,0:DiseaseFree,cbioportal:stad_tcga_pub,TCGA-HF-7132-01,MSI,MSI-H,0,Intestinal,Stage_IIB,ANTRUM,T3,N1,M0,1117.0,37.5333333333,TCGA-HF-7132-01A-01-BS1.cc7de814-5c9c-4453-9fff-80c232c8f511;TCGA-HF-7132-01A-01-TS1.a185a033-8029-4add-b5e8-42919014f886;TCGA-HF-7132-01Z-00-DX1.AD1CA78F-2AAA-41F2-93CE-6DF2AD60ED1A,TCGA-HF-7132-01Z-00-DX1.AD1CA78F-2AAA-41F2-93CE-6DF2AD60ED1A,3,1,GDC primary tumor Slide Image metadata
TCGA-HF-7133,TCGA-HF-7133-01Z-00-DX1.4F84AAFA-47F2-46AB-9F85-1129D441A9C0,HF,0,0,0,CIN,3,0,included,mapped subtype in EBV/MSI/GS/CIN,all_slides_have_features,STAD_CIN,TCGA-HF-7133-01,NON_SENSITIVE,,Female,Mucinous,Stage_IIIB,GEJ_CARDIA,,63.05684321,0:LIVING,,0:DiseaseFree,cbioportal:stad_tcga_pub,TCGA-HF-7133-01,CIN,MSS,0,Intestinal,Stage_IIIB,GEJ_CARDIA,T3,N3,M0,67.0,2.26666666667,TCGA-HF-7133-01A-01-BS1.dfd5c67d-9681-4c5e-9a31-40bbe3f96e15;TCGA-HF-7133-01A-01-TS1.cfaa7209-62da-4332-a7fb-d22eff0aab3f;TCGA-HF-7133-01Z-00-DX1.4F84AAFA-47F2-46AB-9F85-1129D441A9C0,TCGA-HF-7133-01Z-00-DX1.4F84AAFA-47F2-46AB-9F85-1129D441A9C0,3,1,GDC primary tumor Slide Image metadata
TCGA-HF-7136,TCGA-HF-7136-01Z-00-DX1.F8C07BE3-06C7-4202-97C6-10B81D322A16,HF,0,0,0,CIN,3,0,included,mapped subtype in EBV/MSI/GS/CIN,all_slides_have_features,STAD_CIN,TCGA-HF-7136-01,NON_SENSITIVE,,Male,Tubular,Stage_IIIA,GEJ_CARDIA,,,0:LIVING,,1:Recurred/Progressed,cbioportal:stad_tcga_pub,TCGA-HF-7136-01,CIN,MSS,0,Intestinal,Stage_IIIA,GEJ_CARDIA,T4a,N1,M0,75.0,2.53333333333,TCGA-HF-7136-01A-01-BS1.9fb44502-d233-4bde-8052-40dfb271c908;TCGA-HF-7136-01A-01-TS1.3a46ff88-12b3-4de3-a58b-233fe84a3ed9;TCGA-HF-7136-01Z-00-DX1.F8C07BE3-06C7-4202-97C6-10B81D322A16,TCGA-HF-7136-01Z-00-DX1.F8C07BE3-06C7-4202-97C6-10B81D322A16,3,1,GDC primary tumor Slide Image metadata
TCGA-HJ-7597,TCGA-HJ-7597-01Z-00-DX1.4218e9a0-3ef1-4073-8336-1fe81c0bce90,HJ,1,0,1,MSI,1,0,included,mapped subtype in EBV/MSI/GS/CIN,all_slides_have_features,STAD_MSI,TCGA-HJ-7597-01,IMMUNE_SENSITIVE,71.91,Female,Mixed,Stage_IIA,FUNDUS_BODY,,25.53,1:DECEASED,6.67,1:Recurred/Progressed,cbioportal:stad_tcga_pub,TCGA-HJ-7597-01,MSI,MSI-H,0,Mixed,Stage_IIA,FUNDUS_BODY,T3,N0,M0,686.0,23.1333333333,TCGA-HJ-7597-01A-01-BS1.f5d7e615-8237-4d5d-a6de-233ab50de29f;TCGA-HJ-7597-01Z-00-DX1.4218e9a0-3ef1-4073-8336-1fe81c0bce90,TCGA-HJ-7597-01Z-00-DX1.4218e9a0-3ef1-4073-8336-1fe81c0bce90,2,1,GDC primary tumor Slide Image metadata
TCGA-HU-8243,TCGA-HU-8243-01A-01-TS1.60b7c6b8-594a-40c3-9341-a0902e4e6938,HU,0,0,0,CIN,3,0,included,mapped subtype in EBV/MSI/GS/CIN,missing_features,STAD_CIN,TCGA-HU-8243-01,NON_SENSITIVE,66.22,Male,Tubular,Stage_IIIC,FUNDUS_BODY,,5.91,1:DECEASED,,,cbioportal:stad_tcga_pub,TCGA-HU-8243-01,CIN,MSS,0,Intestinal,Stage_IIIC,FUNDUS_BODY,T4a,N3,M0,106.0,3.56666666667,TCGA-HU-8243-01A-01-TS1.60b7c6b8-594a-40c3-9341-a0902e4e6938,,1,0,GDC primary tumor Slide Image metadata
TCGA-HU-8245,TCGA-HU-8245-01Z-00-DX1.A744EA82-996C-4042-9CF6-27480217DBAF,HU,0,0,0,CIN,3,0,included,mapped subtype in EBV/MSI/GS/CIN,all_slides_have_features,STAD_CIN,TCGA-HU-8245-01,NON_SENSITIVE,72.61,Male,Papillary,Stage_IIA,FUNDUS_BODY,,12.58,0:LIVING,12.58,0:DiseaseFree,cbioportal:stad_tcga_pub,TCGA-HU-8245-01,CIN,MSS,0,Intestinal,Stage_IIA,FUNDUS_BODY,T3,N0,M0,64.0,2.13333333333,TCGA-HU-8245-01A-01-TS1.cdf1e7f9-2cf4-41a0-97b5-6112a22711fd;TCGA-HU-8245-01Z-00-DX1.A744EA82-996C-4042-9CF6-27480217DBAF,TCGA-HU-8245-01Z-00-DX1.A744EA82-996C-4042-9CF6-27480217DBAF,2,1,GDC primary tumor Slide Image metadata
TCGA-HU-8249,TCGA-HU-8249-01Z-00-DX1.6579F0D5-6A05-49A3-9B30-68059599EADE,HU,0,0,0,CIN,3,0,included,mapped subtype in EBV/MSI/GS/CIN,all_slides_have_features,STAD_CIN,TCGA-HU-8249-01,NON_SENSITIVE,76.69,Male,Tubular,Stage_IIIA,FUNDUS_BODY,,14.16,0:LIVING,14.16,0:DiseaseFree,cbioportal:stad_tcga_pub,TCGA-HU-8249-01,CIN,MSS,0,Intestinal,Stage_IIIA,FUNDUS_BODY,T3,N2,M0,121.0,4.03333333333,TCGA-HU-8249-01A-01-TS1.01666f42-6304-49ba-b99e-28bb5420b012;TCGA-HU-8249-01Z-00-DX1.6579F0D5-6A05-49A3-9B30-68059599EADE,TCGA-HU-8249-01Z-00-DX1.6579F0D5-6A05-49A3-9B30-68059599EADE,2,1,GDC primary tumor Slide Image metadata
TCGA-HU-8602,TCGA-HU-8602-01A-01-BS1.4f14a152-1d53-4fd2-ada5-a85a625a78c8;TCGA-HU-8602-01A-01-TS1.322f96b6-fe73-4b80-a98c-395feb6fa758,HU,1,0,1,MSI,1,0,included,mapped subtype in EBV/MSI/GS/CIN,missing_features,STAD_MSI,TCGA-HU-8602-01,IMMUNE_SENSITIVE,58.92,Female,Intestinal,Stage_IIB,ANTRUM,,11.4,0:LIVING,11.4,0:DiseaseFree,cbioportal:stad_tcga_pub,TCGA-HU-8602-01,MSI,MSI-H,0,Intestinal,Stage_IIB,ANTRUM,T4a,N0,M0,1400.0,46.9666666667,TCGA-HU-8602-01A-01-BS1.4f14a152-1d53-4fd2-ada5-a85a625a78c8;TCGA-HU-8602-01A-01-TS1.322f96b6-fe73-4b80-a98c-395feb6fa758,,2,0,GDC primary tumor Slide Image metadata
TCGA-HU-8604,TCGA-HU-8604-01Z-00-DX1.F358D894-D9C4-49BF-8B9F-F80DA11BBC5A,HU,0,0,0,CIN,3,0,included,mapped subtype in EBV/MSI/GS/CIN,all_slides_have_features,STAD_CIN,TCGA-HU-8604-01,NON_SENSITIVE,82.62,Female,Tubular,Stage_IIA,ANTRUM,,12.09,0:LIVING,12.09,0:DiseaseFree,cbioportal:stad_tcga_pub,TCGA-HU-8604-01,CIN,MSS,0,Intestinal,Stage_IIA,ANTRUM,T3,N0,M0,172.0,5.73333333333,TCGA-HU-8604-01A-01-TS1.9eb9f717-8a3e-449f-a67a-cd73b481e10b;TCGA-HU-8604-01Z-00-DX1.F358D894-D9C4-49BF-8B9F-F80DA11BBC5A,TCGA-HU-8604-01Z-00-DX1.F358D894-D9C4-49BF-8B9F-F80DA11BBC5A,2,1,GDC primary tumor Slide Image metadata
TCGA-HU-8608,TCGA-HU-8608-01Z-00-DX1.F40770A6-9384-4381-B6AD-2C488915E73F,HU,0,1,1,EBV,0,0,included,mapped subtype in EBV/MSI/GS/CIN,all_slides_have_features,STAD_EBV,TCGA-HU-8608-01,IMMUNE_SENSITIVE,70.61,Male,Intestinal,Stage_IIIB,FUNDUS_BODY,,10.61,0:LIVING,9.07,1:Recurred/Progressed,cbioportal:stad_tcga_pub,TCGA-HU-8608-01,EBV,MSS,1,Intestinal,Stage_IIIB,FUNDUS_BODY,T4a,N2,M0,87.0,2.96666666667,TCGA-HU-8608-01A-01-BS1.7e26fcf0-0eac-4cb4-8da4-29b90ea9c331;TCGA-HU-8608-01A-01-TS1.6a2f3957-4b33-42c4-a294-b90e01d0441e;TCGA-HU-8608-01Z-00-DX1.F40770A6-9384-4381-B6AD-2C488915E73F,TCGA-HU-8608-01Z-00-DX1.F40770A6-9384-4381-B6AD-2C488915E73F,3,1,GDC primary tumor Slide Image metadata
TCGA-HU-8610,TCGA-HU-8610-01Z-00-DX1.4F873939-3950-4201-B5DE-20A04A6C9F0D,HU,0,0,0,CIN,3,0,included,mapped subtype in EBV/MSI/GS/CIN,all_slides_have_features,STAD_CIN,TCGA-HU-8610-01,NON_SENSITIVE,75.55,Male,Tubular,Stage_IA,FUNDUS_BODY,,0.76,0:LIVING,0.76,0:DiseaseFree,cbioportal:stad_tcga_pub,TCGA-HU-8610-01,CIN,MSS,0,Intestinal,Stage_IA,FUNDUS_BODY,T1b,N0,M0,58.0,1.93333333333,TCGA-HU-8610-01A-01-BS1.5bc3b564-25b6-49ac-b38e-7dd527479c11;TCGA-HU-8610-01Z-00-DX1.4F873939-3950-4201-B5DE-20A04A6C9F0D,TCGA-HU-8610-01Z-00-DX1.4F873939-3950-4201-B5DE-20A04A6C9F0D,2,1,GDC primary tumor Slide Image metadata
TCGA-HU-A4G2,TCGA-HU-A4G2-01Z-00-DX1.3465DA31-CB55-4D7D-9897-34D2AD5497CB,HU,0,1,1,EBV,0,0,included,mapped subtype in EBV/MSI/GS/CIN,all_slides_have_features,STAD_EBV,TCGA-HU-A4G2-01,IMMUNE_SENSITIVE,45.97,Male,Tubular,Stage_IIB,ANTRUM,,15.18,0:LIVING,15.18,0:DiseaseFree,cbioportal:stad_tcga_pub,TCGA-HU-A4G2-01,EBV,MSS,1,Intestinal,Stage_IIB,ANTRUM,T3,N1,M0,40.0,1.33333333333,TCGA-HU-A4G2-01A-01-TS1.DFE9014C-3606-49EF-B408-56F1C7AC03D5;TCGA-HU-A4G2-01Z-00-DX1.3465DA31-CB55-4D7D-9897-34D2AD5497CB,TCGA-HU-A4G2-01Z-00-DX1.3465DA31-CB55-4D7D-9897-34D2AD5497CB,2,1,GDC primary tumor Slide Image metadata
TCGA-HU-A4G3,TCGA-HU-A4G3-01Z-00-DX1.5D4EB0C7-8E14-41DC-AFF7-ECD43A89139B,HU,0,0,0,GS,2,0,included,mapped subtype in EBV/MSI/GS/CIN,all_slides_have_features,STAD_GS,TCGA-HU-A4G3-01,NON_SENSITIVE,54.93,Male,Tubular,Stage_IIB,ANTRUM,,5.59,0:LIVING,5.59,0:DiseaseFree,cbioportal:stad_tcga_pub,TCGA-HU-A4G3-01,GS,MSS,0,Intestinal,Stage_IIB,ANTRUM,T2,N2,M0,88.0,2.93333333333,TCGA-HU-A4G3-01A-01-TS1.719BA857-BC0A-4218-A909-31F273A6A98A;TCGA-HU-A4G3-01Z-00-DX1.5D4EB0C7-8E14-41DC-AFF7-ECD43A89139B,TCGA-HU-A4G3-01Z-00-DX1.5D4EB0C7-8E14-41DC-AFF7-ECD43A89139B,2,1,GDC primary tumor Slide Image metadata
TCGA-HU-A4G6,TCGA-HU-A4G6-01Z-00-DX1.83F4504C-B632-4B15-9978-A007C2118563,HU,0,1,1,EBV,0,0,included,mapped subtype in EBV/MSI/GS/CIN,all_slides_have_features,STAD_EBV,TCGA-HU-A4G6-01,IMMUNE_SENSITIVE,74.49,Male,Tubular,Stage_IA,GEJ_CARDIA,,12.29,0:LIVING,12.29,0:DiseaseFree,cbioportal:stad_tcga_pub,TCGA-HU-A4G6-01,EBV,MSS,1,Intestinal,Stage_IA,GEJ_CARDIA,T1b,N0,M0,71.0,2.46666666667,TCGA-HU-A4G6-01A-01-TS1.4E209122-419D-488C-83F8-E594D27A4024;TCGA-HU-A4G6-01Z-00-DX1.83F4504C-B632-4B15-9978-A007C2118563,TCGA-HU-A4G6-01Z-00-DX1.83F4504C-B632-4B15-9978-A007C2118563,2,1,GDC primary tumor Slide Image metadata
TCGA-HU-A4G8,TCGA-HU-A4G8-01Z-00-DX1.EE169E90-3A32-4210-95EF-0B94083112EC,HU,1,0,1,MSI,1,0,included,mapped subtype in EBV/MSI/GS/CIN,all_slides_have_features,STAD_MSI,TCGA-HU-A4G8-01,IMMUNE_SENSITIVE,71.88,Female,Tubular,Stage_IIB,ANTRUM,,11.83,0:LIVING,11.83,0:DiseaseFree,cbioportal:stad_tcga_pub,TCGA-HU-A4G8-01,MSI,MSI-H,0,Intestinal,Stage_IIB,ANTRUM,T3,N1,M0,1324.0,44.3333333333,TCGA-HU-A4G8-01A-01-TS1.79548E79-5E89-4624-9FF8-990F18CCDB3F;TCGA-HU-A4G8-01Z-00-DX1.EE169E90-3A32-4210-95EF-0B94083112EC,TCGA-HU-A4G8-01Z-00-DX1.EE169E90-3A32-4210-95EF-0B94083112EC,2,1,GDC primary tumor Slide Image metadata
TCGA-HU-A4G9,TCGA-HU-A4G9-01Z-00-DX1.806F4C5A-D2F8-4457-B6F9-99B67105C676,HU,1,0,1,MSI,1,0,included,mapped subtype in EBV/MSI/GS/CIN,all_slides_have_features,STAD_MSI,TCGA-HU-A4G9-01,IMMUNE_SENSITIVE,67.77,Female,Tubular,Stage_IA,FUNDUS_BODY,,24.18,0:LIVING,24.18,0:DiseaseFree,cbioportal:stad_tcga_pub,TCGA-HU-A4G9-01,MSI,MSI-H,0,Intestinal,Stage_IA,FUNDUS_BODY,T1a,N0,M0,706.0,23.7333333333,TCGA-HU-A4G9-01A-01-TS1.54C0B5D7-F564-481A-88AF-E6ED1EE11267;TCGA-HU-A4G9-01Z-00-DX1.806F4C5A-D2F8-4457-B6F9-99B67105C676,TCGA-HU-A4G9-01Z-00-DX1.806F4C5A-D2F8-4457-B6F9-99B67105C676,2,1,GDC primary tumor Slide Image metadata
TCGA-HU-A4GC,TCGA-HU-A4GC-01Z-00-DX1.A4B077E3-E5D0-4120-9C72-87BDACF9AC14,HU,0,0,0,CIN,3,0,included,mapped subtype in EBV/MSI/GS/CIN,all_slides_have_features,STAD_CIN,TCGA-HU-A4GC-01,NON_SENSITIVE,74.65,Male,Tubular,Stage_IIIB,ANTRUM,,3.25,0:LIVING,3.25,0:DiseaseFree,cbioportal:stad_tcga_pub,TCGA-HU-A4GC-01,CIN,MSI-L,0,Intestinal,Stage_IIIB,ANTRUM,T4a,N2,M0,123.0,4.13333333333,TCGA-HU-A4GC-01A-01-TS1.2236F5CF-12AC-4FB7-901D-5C9136138F08;TCGA-HU-A4GC-01Z-00-DX1.A4B077E3-E5D0-4120-9C72-87BDACF9AC14,TCGA-HU-A4GC-01Z-00-DX1.A4B077E3-E5D0-4120-9C72-87BDACF9AC14,2,1,GDC primary tumor Slide Image metadata
TCGA-HU-A4GD,TCGA-HU-A4GD-01Z-00-DX1.7CF261C2-D7FE-4D42-BC4B-BC86B7A802DB,HU,0,0,0,CIN,3,0,included,mapped subtype in EBV/MSI/GS/CIN,all_slides_have_features,STAD_CIN,TCGA-HU-A4GD-01,NON_SENSITIVE,56.67,Male,Tubular,Stage_IIB,FUNDUS_BODY,,22.74,0:LIVING,13.21,1:Recurred/Progressed,cbioportal:stad_tcga_pub,TCGA-HU-A4GD-01,CIN,MSS,0,Intestinal,Stage_IIB,FUNDUS_BODY,T3,N1,M0,71.0,2.36666666667,TCGA-HU-A4GD-01A-01-TS1.C1BFE9D2-94E9-4588-9A00-7B7798BDF396;TCGA-HU-A4GD-01Z-00-DX1.7CF261C2-D7FE-4D42-BC4B-BC86B7A802DB,TCGA-HU-A4GD-01Z-00-DX1.7CF261C2-D7FE-4D42-BC4B-BC86B7A802DB,2,1,GDC primary tumor Slide Image metadata
TCGA-HU-A4GF,TCGA-HU-A4GF-01Z-00-DX1.2754343C-7875-42C4-B4E3-D2B8666B1E47,HU,0,0,0,CIN,3,0,included,mapped subtype in EBV/MSI/GS/CIN,all_slides_have_features,STAD_CIN,TCGA-HU-A4GF-01,NON_SENSITIVE,69.06,Male,Tubular,Stage_IIA,ANTRUM,,25.79,0:LIVING,25.79,0:DiseaseFree,cbioportal:stad_tcga_pub,TCGA-HU-A4GF-01,CIN,MSS,0,Intestinal,Stage_IIA,ANTRUM,T3,N0,M0,118.0,3.93333333333,TCGA-HU-A4GF-01A-01-TS1.D2A0DF6F-AED1-4863-9593-F767F85B5B31;TCGA-HU-A4GF-01Z-00-DX1.2754343C-7875-42C4-B4E3-D2B8666B1E47,TCGA-HU-A4GF-01Z-00-DX1.2754343C-7875-42C4-B4E3-D2B8666B1E47,2,1,GDC primary tumor Slide Image metadata
TCGA-HU-A4GH,TCGA-HU-A4GH-01Z-00-DX1.0BACDE08-5613-428E-BDBE-F2D0D80FD0E4,HU,0,0,0,CIN,3,0,included,mapped subtype in EBV/MSI/GS/CIN,all_slides_have_features,STAD_CIN,TCGA-HU-A4GH-01,NON_SENSITIVE,75.22,Male,Papillary,Stage_IA,FUNDUS_BODY,,11.76,0:LIVING,11.76,0:DiseaseFree,cbioportal:stad_tcga_pub,TCGA-HU-A4GH-01,CIN,MSS,0,Intestinal,Stage_IA,FUNDUS_BODY,T1b,N0,M0,696.0,23.2666666667,TCGA-HU-A4GH-01A-01-TS1.FEAEF8D4-602C-42E3-B15B-08F8DF3FA4A8;TCGA-HU-A4GH-01Z-00-DX1.0BACDE08-5613-428E-BDBE-F2D0D80FD0E4,TCGA-HU-A4GH-01Z-00-DX1.0BACDE08-5613-428E-BDBE-F2D0D80FD0E4,2,1,GDC primary tumor Slide Image metadata
TCGA-HU-A4GN,TCGA-HU-A4GN-01Z-00-DX1.32C8DEA0-3B31-42D7-B3FA-D86DF06F7BC3,HU,1,0,1,MSI,1,0,included,mapped subtype in EBV/MSI/GS/CIN,all_slides_have_features,STAD_MSI,TCGA-HU-A4GN-01,IMMUNE_SENSITIVE,61.02,Male,Tubular,Stage_IIA,ANTRUM,,29.96,0:LIVING,29.96,0:DiseaseFree,cbioportal:stad_tcga_pub,TCGA-HU-A4GN-01,MSI,MSI-H,0,Intestinal,Stage_IIA,ANTRUM,T2,N1,M0,1037.0,34.7666666667,TCGA-HU-A4GN-01A-01-TS1.4FEFED8E-585C-40FE-9D6B-90EBB95B685C;TCGA-HU-A4GN-01Z-00-DX1.32C8DEA0-3B31-42D7-B3FA-D86DF06F7BC3,TCGA-HU-A4GN-01Z-00-DX1.32C8DEA0-3B31-42D7-B3FA-D86DF06F7BC3,2,1,GDC primary tumor Slide Image metadata
TCGA-HU-A4GP,TCGA-HU-A4GP-01Z-00-DX1.2028C25D-2547-4CF3-9863-DEA1DCBD0DE8,HU,0,0,0,CIN,3,0,included,mapped subtype in EBV/MSI/GS/CIN,all_slides_have_features,STAD_CIN,TCGA-HU-A4GP-01,NON_SENSITIVE,62.18,Female,Tubular,Stage_IIA,ANTRUM,,8.31,0:LIVING,8.31,0:DiseaseFree,cbioportal:stad_tcga_pub,TCGA-HU-A4GP-01,CIN,MSI-L,0,Intestinal,Stage_IIA,ANTRUM,T2,N1,M0,150.0,5.0,TCGA-HU-A4GP-01A-01-TS1.1D391AC6-06A2-4926-B9C6-F39B8A861AB2;TCGA-HU-A4GP-01Z-00-DX1.2028C25D-2547-4CF3-9863-DEA1DCBD0DE8,TCGA-HU-A4GP-01Z-00-DX1.2028C25D-2547-4CF3-9863-DEA1DCBD0DE8,2,1,GDC primary tumor Slide Image metadata
TCGA-HU-A4GQ,TCGA-HU-A4GQ-01Z-00-DX1.699A0E57-FE02-4329-9826-3EFC2DECD408,HU,1,0,1,MSI,1,0,included,mapped subtype in EBV/MSI/GS/CIN,all_slides_have_features,STAD_MSI,TCGA-HU-A4GQ-01,IMMUNE_SENSITIVE,71.73,Male,Tubular,Stage_IIIC,ANTRUM,,0.1,1:DECEASED,,0:DiseaseFree,cbioportal:stad_tcga_pub,TCGA-HU-A4GQ-01,MSI,MSI-H,0,Intestinal,Stage_IIIC,ANTRUM,T4b,N2,M0,1640.0,55.2333333333,TCGA-HU-A4GQ-01A-01-TSA.274545D5-D77F-40D0-9149-3F81D6D395CE;TCGA-HU-A4GQ-01Z-00-DX1.699A0E57-FE02-4329-9826-3EFC2DECD408,TCGA-HU-A4GQ-01Z-00-DX1.699A0E57-FE02-4329-9826-3EFC2DECD408,2,1,GDC primary tumor Slide Image metadata
TCGA-HU-A4GT,TCGA-HU-A4GT-01Z-00-DX1.F4DD9EAC-8CB8-430A-BF7B-1D43C17FEF61,HU,1,0,1,MSI,1,0,included,mapped subtype in EBV/MSI/GS/CIN,all_slides_have_features,STAD_MSI,TCGA-HU-A4GT-01,IMMUNE_SENSITIVE,71.82,Female,Tubular,Stage_IIA,ANTRUM,,6.51,0:LIVING,6.51,0:DiseaseFree,cbioportal:stad_tcga_pub,TCGA-HU-A4GT-01,MSI,MSI-H,0,Intestinal,Stage_IIA,ANTRUM,T3,N0,M0,1516.0,51.0,TCGA-HU-A4GT-01A-02-TS2.3A7FF2AD-6975-4680-9093-F9EACA040A07;TCGA-HU-A4GT-01Z-00-DX1.F4DD9EAC-8CB8-430A-BF7B-1D43C17FEF61,TCGA-HU-A4GT-01Z-00-DX1.F4DD9EAC-8CB8-430A-BF7B-1D43C17FEF61,2,1,GDC primary tumor Slide Image metadata
TCGA-HU-A4GU,TCGA-HU-A4GU-01Z-00-DX1.3D4767B4-DDCB-4D80-A810-144427E73EDE,HU,1,0,1,MSI,1,0,included,mapped subtype in EBV/MSI/GS/CIN,all_slides_have_features,STAD_MSI,TCGA-HU-A4GU-01,IMMUNE_SENSITIVE,73.99,Male,Tubular,Stage_IIB,ANTRUM,,6.24,0:LIVING,6.24,0:DiseaseFree,cbioportal:stad_tcga_pub,TCGA-HU-A4GU-01,MSI,MSI-H,0,Intestinal,Stage_IIB,ANTRUM,T3,N1,M0,1288.0,43.0333333333,TCGA-HU-A4GU-01A-01-TS1.86BDE961-0D8C-4625-A396-479DEE4D466A;TCGA-HU-A4GU-01Z-00-DX1.3D4767B4-DDCB-4D80-A810-144427E73EDE,TCGA-HU-A4GU-01Z-00-DX1.3D4767B4-DDCB-4D80-A810-144427E73EDE,2,1,GDC primary tumor Slide Image metadata
TCGA-HU-A4GX,TCGA-HU-A4GX-01Z-00-DX1.0F1A15D3-2C6A-4F16-8D9D-CF44179AB161,HU,1,0,1,MSI,1,0,included,mapped subtype in EBV/MSI/GS/CIN,all_slides_have_features,STAD_MSI,TCGA-HU-A4GX-01,IMMUNE_SENSITIVE,70.95,Female,Tubular,Stage_IIIC,FUNDUS_BODY,,10.19,0:LIVING,10.19,0:DiseaseFree,cbioportal:stad_tcga_pub,TCGA-HU-A4GX-01,MSI,MSI-H,0,Intestinal,Stage_IIIC,FUNDUS_BODY,T4b,N2,M0,1114.0,37.7,TCGA-HU-A4GX-01A-01-TS1.8C85A0F7-B23F-4BF5-9148-6287DB4F6B3C;TCGA-HU-A4GX-01Z-00-DX1.0F1A15D3-2C6A-4F16-8D9D-CF44179AB161,TCGA-HU-A4GX-01Z-00-DX1.0F1A15D3-2C6A-4F16-8D9D-CF44179AB161,2,1,GDC primary tumor Slide Image metadata
TCGA-HU-A4GY,TCGA-HU-A4GY-01Z-00-DX1.79A487FD-BA95-4051-8E4B-BE1502946F4F,HU,0,0,0,GS,2,0,included,mapped subtype in EBV/MSI/GS/CIN,all_slides_have_features,STAD_GS,TCGA-HU-A4GY-01,NON_SENSITIVE,76.97,Female,Poorly_Cohesive,Stage_IIIA,ANTRUM,,0.26,0:LIVING,0.26,0:DiseaseFree,cbioportal:stad_tcga_pub,TCGA-HU-A4GY-01,GS,MSS,0,Diffuse,Stage_IIIA,ANTRUM,T4,N1,M0,53.0,1.8,TCGA-HU-A4GY-01A-02-TS2.AEA314D2-E6F3-4CA3-B9CB-6DA34C4106B5;TCGA-HU-A4GY-01Z-00-DX1.79A487FD-BA95-4051-8E4B-BE1502946F4F,TCGA-HU-A4GY-01Z-00-DX1.79A487FD-BA95-4051-8E4B-BE1502946F4F,2,1,GDC primary tumor Slide Image metadata
TCGA-HU-A4H0,TCGA-HU-A4H0-01Z-00-DX1.85BE7D40-ECB6-4450-B7B0-C65BE5495784,HU,0,1,1,EBV,0,0,included,mapped subtype in EBV/MSI/GS/CIN,all_slides_have_features,STAD_EBV,TCGA-HU-A4H0-01,IMMUNE_SENSITIVE,72.05,Male,Poorly_Cohesive,Stage_IIIC,FUNDUS_BODY,,2.1,0:LIVING,2.1,0:DiseaseFree,cbioportal:stad_tcga_pub,TCGA-HU-A4H0-01,EBV,MSS,1,Diffuse,Stage_IIIC,FUNDUS_BODY,T4a,N3,M0,146.0,4.9,TCGA-HU-A4H0-01A-01-TS1.EDC5DBEC-659E-4479-954D-34D6DAF6EABE;TCGA-HU-A4H0-01Z-00-DX1.85BE7D40-ECB6-4450-B7B0-C65BE5495784,TCGA-HU-A4H0-01Z-00-DX1.85BE7D40-ECB6-4450-B7B0-C65BE5495784,2,1,GDC primary tumor Slide Image metadata
TCGA-HU-A4H2,TCGA-HU-A4H2-01A-01-TS1.3CE19F02-D8F5-4C91-8000-D17772DEABEF,HU,0,0,0,CIN,3,0,included,mapped subtype in EBV/MSI/GS/CIN,missing_features,STAD_CIN,TCGA-HU-A4H2-01,NON_SENSITIVE,58.85,Female,Tubular,Stage_IIIB,ANTRUM,,13.14,0:LIVING,13.14,0:DiseaseFree,cbioportal:stad_tcga_pub,TCGA-HU-A4H2-01,CIN,MSS,0,Intestinal,Stage_IIIB,ANTRUM,T3,N3,M0,143.0,4.76666666667,TCGA-HU-A4H2-01A-01-TS1.3CE19F02-D8F5-4C91-8000-D17772DEABEF,,1,0,GDC primary tumor Slide Image metadata
TCGA-HU-A4H3,TCGA-HU-A4H3-01A-02-TS2.BF61DFEF-E08F-4DC1-B807-02D853CCE143,HU,1,0,1,MSI,1,0,included,mapped subtype in EBV/MSI/GS/CIN,missing_features,STAD_MSI,TCGA-HU-A4H3-01,IMMUNE_SENSITIVE,56.92,Female,Poorly_Cohesive,Stage_IIIC,FUNDUS_BODY,,19.55,0:LIVING,13.67,1:Recurred/Progressed,cbioportal:stad_tcga_pub,TCGA-HU-A4H3-01,MSI,MSI-H,0,Diffuse,Stage_IIIC,FUNDUS_BODY,T4a,N3,M0,833.0,27.9666666667,TCGA-HU-A4H3-01A-02-TS2.BF61DFEF-E08F-4DC1-B807-02D853CCE143,,1,0,GDC primary tumor Slide Image metadata
TCGA-HU-A4H4,TCGA-HU-A4H4-01A-02-TS2.7EBB7D7B-2CC9-4F74-8260-4E832FF8FC18,HU,1,0,1,MSI,1,0,included,mapped subtype in EBV/MSI/GS/CIN,missing_features,STAD_MSI,TCGA-HU-A4H4-01,IMMUNE_SENSITIVE,53.84,Female,Tubular,Stage_IIB,ANTRUM,,17.87,0:LIVING,17.87,0:DiseaseFree,cbioportal:stad_tcga_pub,TCGA-HU-A4H4-01,MSI,MSI-H,0,Intestinal,Stage_IIB,ANTRUM,T2,N2,M0,579.0,19.4,TCGA-HU-A4H4-01A-02-TS2.7EBB7D7B-2CC9-4F74-8260-4E832FF8FC18,,1,0,GDC primary tumor Slide Image metadata
TCGA-HU-A4H5,TCGA-HU-A4H5-01Z-00-DX1.3A56E0D3-7813-4708-9A69-37D141533C2A,HU,0,0,0,CIN,3,0,included,mapped subtype in EBV/MSI/GS/CIN,all_slides_have_features,STAD_CIN,TCGA-HU-A4H5-01,NON_SENSITIVE,71.82,Male,Papillary,Stage_IB,FUNDUS_BODY,,5.78,0:LIVING,5.78,0:DiseaseFree,cbioportal:stad_tcga_pub,TCGA-HU-A4H5-01,CIN,MSS,0,Intestinal,Stage_IB,FUNDUS_BODY,T2,N0,M0,239.0,7.93333333333,TCGA-HU-A4H5-01A-02-TS2.0B07F80F-2B7C-447A-BCF9-2E6E9C2C06D2;TCGA-HU-A4H5-01Z-00-DX1.3A56E0D3-7813-4708-9A69-37D141533C2A,TCGA-HU-A4H5-01Z-00-DX1.3A56E0D3-7813-4708-9A69-37D141533C2A,2,1,GDC primary tumor Slide Image metadata
TCGA-HU-A4H6,TCGA-HU-A4H6-01Z-00-DX1.0DD51B66-A983-44F4-9753-03ED9C606E77,HU,0,0,0,CIN,3,0,included,mapped subtype in EBV/MSI/GS/CIN,all_slides_have_features,STAD_CIN,TCGA-HU-A4H6-01,NON_SENSITIVE,72.4,Female,Tubular,Stage_IIIA,ANTRUM,,4.7,0:LIVING,,,cbioportal:stad_tcga_pub,TCGA-HU-A4H6-01,CIN,MSS,0,Intestinal,Stage_IIIA,ANTRUM,T3,N2,M0,73.0,2.43333333333,TCGA-HU-A4H6-01A-01-TS1.C11E39B5-648D-431E-90A8-BDCA53CC9603;TCGA-HU-A4H6-01Z-00-DX1.0DD51B66-A983-44F4-9753-03ED9C606E77,TCGA-HU-A4H6-01Z-00-DX1.0DD51B66-A983-44F4-9753-03ED9C606E77,2,1,GDC primary tumor Slide Image metadata
TCGA-HU-A4H8,TCGA-HU-A4H8-01Z-00-DX1.8FEBBDCF-4E6A-4D90-8DEA-5E1D031DD50A,HU,1,0,1,MSI,1,0,included,mapped subtype in EBV/MSI/GS/CIN,all_slides_have_features,STAD_MSI,TCGA-HU-A4H8-01,IMMUNE_SENSITIVE,77.46,Male,Tubular,Stage_IB,ANTRUM,,8.87,0:LIVING,8.87,0:DiseaseFree,cbioportal:stad_tcga_pub,TCGA-HU-A4H8-01,MSI,MSI-H,0,Intestinal,Stage_IB,ANTRUM,T1b,N1,M0,1069.0,36.2,TCGA-HU-A4H8-01A-01-TS1.0E090F91-E437-4734-8A17-A73C6A1A570D;TCGA-HU-A4H8-01Z-00-DX1.8FEBBDCF-4E6A-4D90-8DEA-5E1D031DD50A,TCGA-HU-A4H8-01Z-00-DX1.8FEBBDCF-4E6A-4D90-8DEA-5E1D031DD50A,2,1,GDC primary tumor Slide Image metadata
TCGA-HU-A4HD,TCGA-HU-A4HD-01Z-00-DX1.A6BA5209-C593-4B87-ADD0-65E05072294B,HU,0,0,0,CIN,3,0,included,mapped subtype in EBV/MSI/GS/CIN,all_slides_have_features,STAD_CIN,TCGA-HU-A4HD-01,NON_SENSITIVE,73.1,Male,Tubular,Stage_IIIA,ANTRUM,,26.58,0:LIVING,26.58,0:DiseaseFree,cbioportal:stad_tcga_pub,TCGA-HU-A4HD-01,CIN,MSI-L,0,Intestinal,Stage_IIIA,ANTRUM,T3,N2,M0,147.0,4.9,TCGA-HU-A4HD-01A-01-TS1.4977BCC3-FB77-4FEE-9E67-1D2AE379C0FC;TCGA-HU-A4HD-01Z-00-DX1.A6BA5209-C593-4B87-ADD0-65E05072294B,TCGA-HU-A4HD-01Z-00-DX1.A6BA5209-C593-4B87-ADD0-65E05072294B,2,1,GDC primary tumor Slide Image metadata
TCGA-IN-7806,TCGA-IN-7806-01Z-00-DX1.2e7288fd-e149-4d4f-9d63-dd2e2f91d4f8,IN,0,0,0,CIN,3,0,included,mapped subtype in EBV/MSI/GS/CIN,all_slides_have_features,STAD_CIN,TCGA-IN-7806-01,NON_SENSITIVE,50.39,Male,Tubular,Stage_IIB,GEJ_CARDIA,,21.19,0:LIVING,,,cbioportal:stad_tcga_pub,TCGA-IN-7806-01,CIN,MSS,0,Intestinal,Stage_IIB,GEJ_CARDIA,T3,N1,M0,68.0,2.26666666667,TCGA-IN-7806-01A-01-BS1.e629c9d3-613e-42d2-9329-3de8a35d5a63;TCGA-IN-7806-01A-01-TS1.031dcdbf-4616-4d2a-a13c-c74ce03dfac8;TCGA-IN-7806-01Z-00-DX1.2e7288fd-e149-4d4f-9d63-dd2e2f91d4f8,TCGA-IN-7806-01Z-00-DX1.2e7288fd-e149-4d4f-9d63-dd2e2f91d4f8,3,1,GDC primary tumor Slide Image metadata
TCGA-IN-7808,TCGA-IN-7808-01Z-00-DX1.0aacd7e2-1454-4aa4-866b-b142fa04e619,IN,0,0,0,CIN,3,0,included,mapped subtype in EBV/MSI/GS/CIN,all_slides_have_features,STAD_CIN,TCGA-IN-7808-01,NON_SENSITIVE,59.05,Male,Poorly_Cohesive,Stage_IV,GEJ_CARDIA,,3.45,1:DECEASED,,,cbioportal:stad_tcga_pub,TCGA-IN-7808-01,CIN,MSS,0,Diffuse,Stage_IV,GEJ_CARDIA,T4a,N3,M1,96.0,3.2,TCGA-IN-7808-01A-01-BS1.58942fbd-42c9-42a3-bb02-c7eb85217481;TCGA-IN-7808-01A-01-TS1.1b98f7ad-19bf-4277-9d13-cf99b1a26c41;TCGA-IN-7808-01Z-00-DX1.0aacd7e2-1454-4aa4-866b-b142fa04e619,TCGA-IN-7808-01Z-00-DX1.0aacd7e2-1454-4aa4-866b-b142fa04e619,3,1,GDC primary tumor Slide Image metadata
TCGA-IN-8462,TCGA-IN-8462-01A-01-BS1.b26b38ce-be00-4c92-ad64-1b5ccf0f8c42;TCGA-IN-8462-01A-01-TS1.724b35b4-2d5b-4440-bc87-291aa69408da,IN,0,0,0,CIN,3,0,included,mapped subtype in EBV/MSI/GS/CIN,missing_features,STAD_CIN,TCGA-IN-8462-01,NON_SENSITIVE,80.06,Male,Mixed,Stage_IIA,GEJ_CARDIA,,17.22,0:LIVING,7.29,1:Recurred/Progressed,cbioportal:stad_tcga_pub,TCGA-IN-8462-01,CIN,MSI-L,0,Mixed,Stage_IIA,GEJ_CARDIA,T2,N1,M0,101.0,3.33333333333,TCGA-IN-8462-01A-01-BS1.b26b38ce-be00-4c92-ad64-1b5ccf0f8c42;TCGA-IN-8462-01A-01-TS1.724b35b4-2d5b-4440-bc87-291aa69408da,,2,0,GDC primary tumor Slide Image metadata
TCGA-IN-8663,TCGA-IN-8663-01Z-00-DX1.39719DC6-1441-4E0F-BB5E-656CCDAC13D5,IN,0,0,0,CIN,3,0,included,mapped subtype in EBV/MSI/GS/CIN,all_slides_have_features,STAD_CIN,TCGA-IN-8663-01,NON_SENSITIVE,68.92,Male,Poorly_Cohesive,Stage_IIIA,GEJ_CARDIA,,0.66,1:DECEASED,,0:DiseaseFree,cbioportal:stad_tcga_pub,TCGA-IN-8663-01,CIN,MSI-L,0,Diffuse,Stage_IIIA,GEJ_CARDIA,T2,N3,M0,138.0,4.6,TCGA-IN-8663-01A-01-BS1.b4492a0a-dd18-4fa8-9d6b-b5301678b25a;TCGA-IN-8663-01A-01-TS1.0089a890-a7c6-42fd-ad37-df5ec8a939ba;TCGA-IN-8663-01Z-00-DX1.39719DC6-1441-4E0F-BB5E-656CCDAC13D5,TCGA-IN-8663-01Z-00-DX1.39719DC6-1441-4E0F-BB5E-656CCDAC13D5,3,1,GDC primary tumor Slide Image metadata
TCGA-IP-7968,TCGA-IP-7968-01Z-00-DX1.0ECCB946-BE56-4E79-A3B1-571EA929D95A,IP,0,0,0,CIN,3,0,included,mapped subtype in EBV/MSI/GS/CIN,all_slides_have_features,STAD_CIN,TCGA-IP-7968-01,NON_SENSITIVE,74.24,Male,Tubular,Stage_IIIA,GEJ_CARDIA,,2.5,0:LIVING,,,cbioportal:stad_tcga_pub,TCGA-IP-7968-01,CIN,MSS,0,Intestinal,Stage_IIIA,GEJ_CARDIA,T3,N2,M0,103.0,3.43333333333,TCGA-IP-7968-01A-01-BS1.bd6d2f9b-7f27-41d2-9df4-242557729c32;TCGA-IP-7968-01A-01-TS1.3cdc0856-f789-4cdc-b7e1-35ea587dc9ec;TCGA-IP-7968-01Z-00-DX1.0ECCB946-BE56-4E79-A3B1-571EA929D95A,TCGA-IP-7968-01Z-00-DX1.0ECCB946-BE56-4E79-A3B1-571EA929D95A,3,1,GDC primary tumor Slide Image metadata
